/*
SQLyog v10.2 
MySQL - 5.1.33-community-log : Database - tongxuelu
*********************************************************************
*/

/*!40101 SET NAMES utf8 */;

/*!40101 SET SQL_MODE=''*/;

/*!40014 SET @OLD_UNIQUE_CHECKS=@@UNIQUE_CHECKS, UNIQUE_CHECKS=0 */;
/*!40014 SET @OLD_FOREIGN_KEY_CHECKS=@@FOREIGN_KEY_CHECKS, FOREIGN_KEY_CHECKS=0 */;
/*!40101 SET @OLD_SQL_MODE=@@SQL_MODE, SQL_MODE='NO_AUTO_VALUE_ON_ZERO' */;
/*!40111 SET @OLD_SQL_NOTES=@@SQL_NOTES, SQL_NOTES=0 */;
CREATE DATABASE /*!32312 IF NOT EXISTS*/`tongxuelu` /*!40100 DEFAULT CHARACTER SET utf8 */;

USE `tongxuelu`;

/*Table structure for table `activity` */

DROP TABLE IF EXISTS `activity`;

CREATE TABLE `activity` (
  `activity_id` int(11) NOT NULL,
  `activity_name` varchar(100) DEFAULT NULL COMMENT '活动名称',
  `start_time` date DEFAULT NULL COMMENT '活动开始时间',
  `activity_comment` varchar(255) DEFAULT NULL COMMENT '活动说明',
  `activity_state` int(11) DEFAULT NULL COMMENT '活动状态（0，未发布、1，已通知所有好友、2正在进行、3.活动结束）',
  `delete_state` int(11) DEFAULT NULL COMMENT '删除状态',
  `tissue_id` int(11) DEFAULT NULL,
  PRIMARY KEY (`activity_id`),
  KEY `FK_Reference_3` (`tissue_id`),
  CONSTRAINT `FK_Reference_3` FOREIGN KEY (`tissue_id`) REFERENCES `tissue` (`tissue_id`)
) ENGINE=InnoDB DEFAULT CHARSET=utf8 COMMENT='活动表';

/*Data for the table `activity` */

/*Table structure for table `administrator` */

DROP TABLE IF EXISTS `administrator`;

CREATE TABLE `administrator` (
  `id` int(20) NOT NULL AUTO_INCREMENT,
  `name` varchar(20) NOT NULL,
  `pwd` varchar(20) NOT NULL,
  `tele` varchar(20) DEFAULT NULL COMMENT '电话',
  `email` varchar(30) DEFAULT NULL COMMENT '邮箱',
  `rolesid` int(20) NOT NULL COMMENT '关联权限名',
  PRIMARY KEY (`id`)
) ENGINE=InnoDB AUTO_INCREMENT=6 DEFAULT CHARSET=utf8;

/*Data for the table `administrator` */

insert  into `administrator`(`id`,`name`,`pwd`,`tele`,`email`,`rolesid`) values (1,'yxd','123','15180161001','826733424@qq.com',1),(4,'marin','123','14325343567','123442323@qq.com',2),(5,'bengj','233','13412342342','152345566@qq.com',2);

/*Table structure for table `album` */

DROP TABLE IF EXISTS `album`;

CREATE TABLE `album` (
  `album_id` int(11) NOT NULL AUTO_INCREMENT,
  `album_name` varchar(100) NOT NULL COMMENT '相册名称',
  `view_lock` int(11) DEFAULT NULL COMMENT '查看权限：（0，仅所有者、1.回答问题、2.好友、3.公开）',
  `view_issue` varchar(100) DEFAULT NULL COMMENT '访问问题：可null',
  `view_key` varchar(100) DEFAULT NULL COMMENT '问题答案',
  `user_id` varchar(18) DEFAULT NULL,
  PRIMARY KEY (`album_id`),
  KEY `FK_Reference_9` (`user_id`),
  CONSTRAINT `FK_Reference_9` FOREIGN KEY (`user_id`) REFERENCES `t_user` (`user_id`)
) ENGINE=InnoDB AUTO_INCREMENT=45 DEFAULT CHARSET=utf8 COMMENT='相册表';

/*Data for the table `album` */

insert  into `album`(`album_id`,`album_name`,`view_lock`,`view_issue`,`view_key`,`user_id`) values (1,'小黄人110',3,'','','maoyuanming'),(2,'ABC',1,'my name','xiezhijun','xiezhijun'),(11,'没图1',0,'','','jiangjianqing'),(14,'初中时期',1,'2+2','4','maoyuanming'),(15,'有图123',2,'','','xiezhijun'),(16,'nihao',3,'','','jiangjianqing'),(18,'高中时期',1,'我的名字','毛远明','maoyuanming'),(21,'小学时期',3,'','','maoyuanming'),(27,'my album',3,NULL,NULL,'yangtao'),(28,'my album',3,NULL,NULL,'yang19950221'),(29,'十大',3,'null','null','wangqing'),(30,'my album',3,NULL,NULL,'maoyuanming'),(31,'my album',3,NULL,NULL,'sunyizhen'),(32,'写真范',3,'','','sunyizhen'),(33,'工作之余',2,'','','sunyizhen'),(34,'生活趣事',1,'我是谁','sunyizhen','sunyizhen'),(35,'我的相册',3,'我的名字？','军爷','20171892'),(36,'十大挖到',3,'','','wangqing'),(37,'my album',3,NULL,NULL,'gutianle'),(38,'最帅',3,'','','gutianle'),(39,'写真',1,'我的名字','gutianle','gutianle'),(40,'my album',3,NULL,NULL,'jiangjiannan'),(41,'爱情',3,'','','jiangjiannan'),(42,'我的战绩',3,'','','gutianle'),(43,'个人',0,'','','gutianle'),(44,'my album',3,NULL,NULL,'fanbingbing');

/*Table structure for table `authority` */

DROP TABLE IF EXISTS `authority`;

CREATE TABLE `authority` (
  `id` int(11) DEFAULT NULL,
  `name` varchar(20) DEFAULT NULL,
  `pid` int(11) DEFAULT NULL,
  `url` varchar(20) DEFAULT NULL
) ENGINE=MyISAM DEFAULT CHARSET=utf8;

/*Data for the table `authority` */

insert  into `authority`(`id`,`name`,`pid`,`url`) values (1,'个人信息',0,NULL),(2,'操作管理',0,NULL),(3,'权限管理',0,NULL),(4,'历史记录',0,NULL),(5,'管理员信息',1,'myinfo'),(6,'修改密码',1,'updatapwd'),(7,'用户管理',2,'user'),(8,'相片管理',2,'insertphoto'),(9,'留言管理',2,'message'),(11,'插图管理',2,'photo'),(12,'权限分配',3,'system'),(13,'管理员管理',3,'admin'),(14,'操作记录',4,'history');

/*Table structure for table `blog_category` */

DROP TABLE IF EXISTS `blog_category`;

CREATE TABLE `blog_category` (
  `category_id` int(11) NOT NULL AUTO_INCREMENT,
  `category_name` varchar(100) DEFAULT NULL COMMENT '分类名称',
  PRIMARY KEY (`category_id`)
) ENGINE=InnoDB AUTO_INCREMENT=11 DEFAULT CHARSET=utf8 COMMENT='博客分类表（日志分类）';

/*Data for the table `blog_category` */

insert  into `blog_category`(`category_id`,`category_name`) values (1,'散文'),(2,'短篇小说'),(3,'心理'),(4,'美食'),(5,'旅行'),(6,'哲思'),(7,'社会热点'),(8,'乡土故事'),(9,'爱情'),(10,'IT@互联网');

/*Table structure for table `blog_comment` */

DROP TABLE IF EXISTS `blog_comment`;

CREATE TABLE `blog_comment` (
  `Id` int(11) NOT NULL AUTO_INCREMENT,
  `blog_id` varchar(50) NOT NULL DEFAULT '',
  `user_id` varchar(50) NOT NULL DEFAULT '',
  `comment_user_id` varchar(50) NOT NULL DEFAULT '',
  `comment_content` varchar(100) DEFAULT NULL,
  `comment_time` date NOT NULL DEFAULT '0000-00-00',
  `delete_state` int(2) NOT NULL DEFAULT '0',
  PRIMARY KEY (`Id`)
) ENGINE=InnoDB AUTO_INCREMENT=48 DEFAULT CHARSET=utf8;

/*Data for the table `blog_comment` */

insert  into `blog_comment`(`Id`,`blog_id`,`user_id`,`comment_user_id`,`comment_content`,`comment_time`,`delete_state`) values (34,'eb07aad2304dfd62','20170904','maoyuanming','nihsgasdg','2017-09-16',0),(35,'eb07aad2304dfd62','20170904','maoyuanming','asdgasdgasdgasdgsdagasg','2017-09-16',0),(36,'0272ccec72447d2d','yangtao','yangtao','你哦好','2017-09-18',0),(37,'c0072b98ebc861dc','jiangjianqing','maoyuanming','s dgsafsdfdsa','2017-09-18',0),(38,'9188845cf9be7aa0','maoyuanming','maoyuanming','你好哦','2017-09-19',0),(39,'bba704b3d22d8359','yang19950221','yang19950221','666','2017-09-20',0),(40,'f262cdd14f63cf87','maoyuanming2','maoyuanming2','你好哦，我是周杰伦','2017-09-20',0),(41,'a3ecb1f0b7f645e1','wangqing','20171892','写的什么玩意','2017-09-20',0),(42,'1549ce2e61ff839d','20171892','20171893','写的很好','2017-09-20',0),(43,'a2c9e60387605d65','20171892','20171893','写的还不错啊','2017-09-20',0),(44,'7c0d51b7dcba019b','sunyizhen','20171893','我可以加你好友吗','2017-09-20',0),(45,'2e7878e5dfc425a5','sunyizhen','20171893','你写的有点挫','2017-09-20',0),(46,'06362a530e8126e1','jiangjiannan','jiangjiannan','好好好','2017-09-20',0),(47,'1549ce2e61ff839d','20171892','20171894','确实写的不错','2017-09-20',0);

/*Table structure for table `friend` */

DROP TABLE IF EXISTS `friend`;

CREATE TABLE `friend` (
  `f_id` int(11) NOT NULL AUTO_INCREMENT COMMENT '自增主键',
  `my_id` varchar(18) DEFAULT NULL COMMENT '同学1的账号',
  `friend_id` varchar(18) DEFAULT NULL COMMENT '同学2账号',
  `comment` varchar(100) DEFAULT NULL COMMENT '好友备注',
  `is_attention` int(11) DEFAULT NULL COMMENT '是否特别关注',
  PRIMARY KEY (`f_id`)
) ENGINE=InnoDB AUTO_INCREMENT=29 DEFAULT CHARSET=utf8 COMMENT='好友表';

/*Data for the table `friend` */

insert  into `friend`(`f_id`,`my_id`,`friend_id`,`comment`,`is_attention`) values (1,'maoyuanming','jiangjianqing','江少',NULL),(2,'maoyuanming','xiezhijun','君少',NULL),(3,'yangtao','20170904','2170904',NULL),(4,'20171892','duanxueqiang1','没名字',NULL),(5,'gutianle','sunyizhen','孙艺珍',NULL),(6,'20171892','xiexiao','谢晓',NULL),(7,'20171892','maoyuanming','毛远明',NULL),(8,'20171892','20170904','大明',NULL),(9,'wangqing','20171892','小明',NULL),(10,'wangqing','duanxueqiang1','小段',NULL),(11,'xiexiao','maoyuanming','毛远明',NULL),(12,'20171893','20171892','小明',NULL),(13,'xiexiao','20171892','小明',NULL),(14,'20171893','20170904','大明',NULL),(15,'xiexiao','20170904','大明',NULL),(16,'20171893','sunyizhen','孙艺珍',NULL),(17,'jiangjiannan','maoyuanming','毛远明',NULL),(18,'jiangjiannan','xiezhijun','谢志军',NULL),(19,'jiangjiannan','20171892','小明',NULL),(20,'20171894','jiangjiannan','江健清',NULL),(21,'20171894','yang19950221','杨晓涛',NULL),(22,'20171894','duanxueqiang1','笃笃',NULL),(23,'20171894','20171893','你好',NULL),(24,'20171894','20171892','意义',NULL),(25,'hucheng','maoyuanming','毛远景',NULL),(26,'hucheng','xiezhijun','君少',NULL),(27,'maoyuanming','sunyizhen','孙艺政',NULL),(28,'maoyuanming','jiangjiannan','江绍',NULL);

/*Table structure for table `history` */

DROP TABLE IF EXISTS `history`;

CREATE TABLE `history` (
  `id` int(11) NOT NULL AUTO_INCREMENT,
  `aid` int(11) DEFAULT NULL COMMENT '管理员id',
  `aname` varchar(20) DEFAULT NULL COMMENT '管理员名字',
  `operation` varchar(30) DEFAULT NULL COMMENT '操作',
  `date` timestamp NULL DEFAULT NULL COMMENT '操作时间',
  PRIMARY KEY (`id`),
  KEY `id` (`id`)
) ENGINE=InnoDB AUTO_INCREMENT=9 DEFAULT CHARSET=utf8;

/*Data for the table `history` */

insert  into `history`(`id`,`aid`,`aname`,`operation`,`date`) values (1,1,'damin','删除用户','2017-09-07 07:08:08'),(2,1,'yxd','删除管理员:uzi','2017-09-19 05:05:05'),(3,1,'yxd','修改密码','2017-09-19 01:23:34'),(4,1,'yxd','修改权限','2017-09-19 12:12:34'),(5,1,'yxd','修改权限','2017-09-20 10:23:24'),(6,1,'yxd','修改权限','2017-09-19 16:40:55'),(7,1,'yxd','修改权限','2017-09-19 16:41:17'),(8,1,'yxd','修改密码','2017-09-20 14:48:09');

/*Table structure for table `insert_pic` */

DROP TABLE IF EXISTS `insert_pic`;

CREATE TABLE `insert_pic` (
  `img_id` varchar(18) NOT NULL,
  `imgurl` varchar(100) DEFAULT NULL COMMENT '同学录T开头，日志R开头',
  PRIMARY KEY (`img_id`)
) ENGINE=InnoDB DEFAULT CHARSET=utf8 COMMENT='插图表（同学录T开头+日志R开头）';

/*Data for the table `insert_pic` */

/*Table structure for table `latter` */

DROP TABLE IF EXISTS `latter`;

CREATE TABLE `latter` (
  `latter_id` int(11) NOT NULL,
  `send_id` varchar(18) DEFAULT NULL COMMENT '发信者账号',
  `get_id` varchar(18) DEFAULT NULL COMMENT '收信者账号',
  `latter_title` varchar(100) DEFAULT NULL COMMENT '私信标题',
  `latter_content` text COMMENT '私信内容',
  `latter_time` timestamp NOT NULL DEFAULT CURRENT_TIMESTAMP ON UPDATE CURRENT_TIMESTAMP COMMENT '私信时间',
  `delete_state` int(11) DEFAULT NULL,
  PRIMARY KEY (`latter_id`)
) ENGINE=InnoDB DEFAULT CHARSET=utf8 COMMENT='私信';

/*Data for the table `latter` */

/*Table structure for table `leave_word` */

DROP TABLE IF EXISTS `leave_word`;

CREATE TABLE `leave_word` (
  `leave_word_id` int(11) NOT NULL AUTO_INCREMENT,
  `user_id` varchar(18) DEFAULT NULL COMMENT '用户自己账号',
  `leave_user_id` varchar(18) DEFAULT NULL COMMENT '留言者用户id',
  `leave_word_content` varchar(255) DEFAULT NULL COMMENT '留言内容',
  `leave_word_time` timestamp NOT NULL DEFAULT CURRENT_TIMESTAMP ON UPDATE CURRENT_TIMESTAMP COMMENT '留言时间',
  `is_name_hidden` int(11) DEFAULT NULL COMMENT '是否匿名',
  `delete_state` int(11) DEFAULT NULL COMMENT '删除状态',
  PRIMARY KEY (`leave_word_id`)
) ENGINE=InnoDB AUTO_INCREMENT=9 DEFAULT CHARSET=utf8 COMMENT='留言表';

/*Data for the table `leave_word` */

insert  into `leave_word`(`leave_word_id`,`user_id`,`leave_user_id`,`leave_word_content`,`leave_word_time`,`is_name_hidden`,`delete_state`) values (1,'maoyuanming','maoyuanming','sgagsdgsadg','2017-09-17 00:00:00',1,1),(2,'maoyuanming','maoyuanming','awweshfddg','2017-09-17 00:00:00',1,1),(3,'20170904','yangtao','nihao ','2017-09-18 00:00:00',1,1),(5,'xiexiao','20171892','博主你写的文章还不错啊','2017-09-20 00:00:00',1,1),(6,'sunyizhen','20171893','博主你写的文章好厉害，可以加你微信吗','2017-09-20 00:00:00',1,1),(7,'20171893','20171894','你好帅，留个微信呗','2017-09-20 00:00:00',1,1),(8,'20171892','20171894','好帅','2017-09-20 00:00:00',1,1);

/*Table structure for table `photo` */

DROP TABLE IF EXISTS `photo`;

CREATE TABLE `photo` (
  `photo_id` int(11) NOT NULL AUTO_INCREMENT,
  `album_id` int(11) DEFAULT NULL,
  `photo_desc` varchar(100) DEFAULT NULL COMMENT '相片描述',
  `photo_url` varchar(100) DEFAULT NULL COMMENT '相片地址',
  `update_time` timestamp NOT NULL DEFAULT CURRENT_TIMESTAMP ON UPDATE CURRENT_TIMESTAMP COMMENT '上传时间',
  `delete_state` int(11) NOT NULL DEFAULT '0' COMMENT '删除状态',
  PRIMARY KEY (`photo_id`),
  KEY `FK_Reference_10` (`album_id`),
  CONSTRAINT `FK_Reference_10` FOREIGN KEY (`album_id`) REFERENCES `album` (`album_id`)
) ENGINE=InnoDB AUTO_INCREMENT=177 DEFAULT CHARSET=utf8 COMMENT='相片表';

/*Data for the table `photo` */

insert  into `photo`(`photo_id`,`album_id`,`photo_desc`,`photo_url`,`update_time`,`delete_state`) values (1,2,'asfdgagsd','/upload/1/2/1.jpg','2017-09-14 16:36:45',0),(2,2,'sdgag','/upload/5/2/5.gif','2017-09-14 16:36:45',0),(4,1,'1A073DB4D61661A247CA86390CFDAFD9.jpg','/11/5/b1000521-af91-42f0-abce-76c4ab002ce0.jpg','2017-09-21 09:45:35',0),(5,11,'0E0F9F65F449E76C75B011545F424789.jpg','/2/5/0c7fa649-c317-44b7-a764-c49b1ce3e4c2.jpg','2017-09-14 16:36:45',0),(6,1,'1A073DB4D61661A247CA86390CFDAFD9.jpg','/2/15/57246812-4f6e-49c4-b0b7-95bfb28837c5.jpg','2017-09-20 23:25:33',0),(7,16,'3FB8F2F0F41FA4752A7E5975EF25E515.jpg','/11/14/83ed3c7b-8261-46e1-a2be-7aed5f11f181.jpg','2017-09-15 21:39:44',0),(9,11,'5BEDE7EAA297309F68F0628D43EF72AF.jpg','/9/10/a0437a28-2b82-46e5-84c5-2fae4c29ae8d.jpg','2017-09-15 21:40:03',0),(10,11,'6EAC3106D862426FACBE5C382253C438.jpg','/0/5/1703847e-c772-4239-8bdc-13b4d803d810.jpg','2017-09-15 21:40:07',0),(11,1,'0102CA067D003E6217659668C731977D.jpg','/0/7/31eccbcb-8c40-42ba-b667-f6e1e95b6b92.jpg','2017-09-15 14:48:52',0),(12,14,'3832D5CD55849CC593647F5CA84660AE.jpg','/5/7/378f9d0f-1725-4f5f-83b7-9388b7330a27.jpg','2017-09-20 15:14:01',0),(13,1,'软考成绩单.jpg','/0/12/170720c9-3020-4060-a1ba-b318cc82b275.jpg','2017-09-15 14:48:52',0),(14,1,'1A4FDB54FF7B161D97DD71EA096282AE.jpg','/12/4/34143b4a-a688-475d-8df8-fcd1a758aef9.jpg','2017-09-15 14:48:52',0),(15,1,'3C2CEB087F9168B8C8E08A2116DEC3E9.jpg','/11/15/1988557e-492e-48db-ae50-1776f7e40ff2.jpg','2017-09-18 19:56:56',0),(16,1,'6DCA3A955DCBB649FD4F8700282C5121.jpg','/0/12/f0bdadbe-baec-46af-9cdc-507b4b6a180d.jpg','2017-09-15 14:48:52',0),(17,15,'microMsg.1468209576812.jpg','/15/14/9caefe53-0386-44b7-b896-0a651be9e819.jpg','2017-09-15 15:11:51',0),(18,15,'microMsg.1470727739516.jpg','/0/11/a292b3a3-13a2-4cd3-b42f-884a48b2b172.jpg','2017-09-15 15:11:51',0),(19,1,'06B98198875E97F641FA52123AF41817.jpg','/0/0/ad216154-5e26-4cc7-8f31-a00c4169446b.jpg','2017-09-18 19:56:58',0),(20,1,'49F627987C0E6F1C6AEB73B1A4093CF2.jpg','/3/14/7dff6f80-9906-4467-ad67-9db8ec8050c5.jpg','2017-09-15 21:41:58',0),(21,18,'79C6135AFB784D363A6049B309C0BDB3.jpg','/9/3/89db4d4a-e737-4612-8937-a0ac7d0c01f6.jpg','2017-09-18 19:51:28',0),(22,18,'4E31E231FBF75CE6A5861ACE15ADED8D.jpg','/6/10/251b7ad2-1589-4159-abd6-73f85c7ead3d.jpg','2017-09-18 19:51:25',0),(23,1,'QQ图片20160927124314.jpg','/8/6/020aab8f-5ce9-4613-bcad-061f7588ecec.jpg','2017-09-15 21:42:54',0),(24,14,'A9C59E1CD8D1D158383CBB920D363BFC.jpg','/0/8/17cc9481-f6df-4bde-851c-931227a4bb3e.jpg','2017-09-18 19:51:35',0),(25,1,'A71430B50BD79B93483F5A9FADE06B5E.jpg','/5/3/ea1c67c0-de2c-46e1-8fa8-27b872a00fb6.jpg','2017-09-17 11:35:57',0),(26,1,'AC4990077D9D23F5400EFDEAC15E0468.jpg','/0/11/b8e307b2-1be3-4515-9a6d-57bca1accc85.jpg','2017-09-17 11:35:57',0),(27,1,'AE1EED1BAD8F8F9B890B084511246D6D.jpg','/14/12/6f26e015-65b6-40ff-9043-128cb3b0fb64.jpg','2017-09-17 11:35:57',0),(28,1,'B0BEDAA44FCB325BD9F38784B09A8433.jpg','/10/11/9a9856e8-d63d-410f-9c64-614e35a80c6b.jpg','2017-09-17 11:35:57',0),(29,1,'06B98198875E97F641FA52123AF41817.jpg','/8/15/5eff6dc6-b869-4233-9346-08061dfd7ace.jpg','2017-09-17 11:36:22',0),(30,1,'0E0F9F65F449E76C75B011545F424789.jpg','/15/5/8bfe47ae-d3b4-4639-bc74-9fce5e7af165.jpg','2017-09-17 11:37:27',0),(31,1,'2D7AFF1EFBE268BBEBEA3B69677041CA.jpg','/5/14/ef83e3b0-d0dd-4847-a548-5e75849861f9.jpg','2017-09-18 19:57:00',0),(32,21,'0E0F9F65F449E76C75B011545F424789.jpg','/8/2/14975412-c622-489f-8a5d-21c011203920.jpg','2017-09-17 19:56:52',0),(33,1,'1ADBF17B128BD8D2ED8A4189141F3D71.jpg','/3/2/98c5bd74-22b6-4882-82ad-f4ae29885d9d.jpg','2017-09-18 19:57:01',0),(34,1,'2D7AFF1EFBE268BBEBEA3B69677041CA.jpg','/6/1/4d975d20-45df-41d3-875d-1b9c78ab99e5.jpg','2017-09-17 11:38:22',0),(35,1,'0B1C2FAF94E510D4ADC0F733C6A9E637.jpg','/9/0/ed398f5a-234c-47da-a968-5dd51434c06f.jpg','2017-09-18 19:57:04',0),(36,1,'0E0F9F65F449E76C75B011545F424789.jpg','/6/12/6f9e14f8-204e-4742-b6ae-51f43ba19657.jpg','2017-09-17 12:14:15',0),(37,14,'1A073DB4D61661A247CA86390CFDAFD9.jpg','/7/4/5155b136-f950-459b-811f-20a65c34ad1d.jpg','2017-09-20 23:25:51',0),(38,1,'1ADBF17B128BD8D2ED8A4189141F3D71.jpg','/10/0/947e235c-2d4a-40a0-a6e5-39e0e92dfa28.jpg','2017-09-17 13:11:06',0),(39,1,'2D7AFF1EFBE268BBEBEA3B69677041CA.jpg','/12/6/769465dc-4961-4ac9-b8ab-5b1e6205a532.jpg','2017-09-17 13:11:06',0),(40,1,'0A6F030E37FE60EE37FECCAC70DE9FE2.jpg','/0/6/ef60aa49-b806-444b-8500-df49b5655488.jpg','2017-09-17 13:21:29',0),(41,1,'0B1C2FAF94E510D4ADC0F733C6A9E637.jpg','/1/11/8c0445f8-c3b6-4503-920b-df9c59fa5c6d.jpg','2017-09-17 13:21:29',0),(42,1,'0C9C757C64FA56536380E34F7E5C32DE.jpg','/8/1/20aa4e44-e502-4cf3-adba-03bef1c42c83.jpg','2017-09-17 13:21:29',0),(43,1,'QQ图片20170911003117.jpg','/0/8/7a5798b8-e1de-43e2-a1f7-b7801b7507e0.jpg','2017-09-17 14:36:54',0),(44,1,'QQ图片20170917091237.jpg','/2/13/dce3922d-345e-4374-9a4e-075f060d3eb3.jpg','2017-09-17 14:36:54',0),(45,1,'s.jpg','/9/11/55dcbf4d-1c51-48d9-9215-d696bfa0f7a3.jpg','2017-09-17 14:36:54',0),(46,1,'UC{D$YOPN[(ZIQ5S[$WIQF7.png','/0/8/c44559d8-8be4-4b93-a3f2-d4a417b7489a.png','2017-09-17 14:36:54',0),(47,1,'QQ图片20170917091237.jpg','/6/1/479ca4ca-7ecc-4aad-95ee-a50c1bb20e79.jpg','2017-09-17 14:38:24',0),(48,1,'s.jpg','/12/7/a51a4c32-8956-4542-86a7-9fc11b5eced4.jpg','2017-09-17 14:38:24',0),(49,1,'UC{D$YOPN[(ZIQ5S[$WIQF7.png','/15/15/fadbbfc9-9a03-419d-9412-5343438636c6.png','2017-09-18 19:57:06',0),(50,1,'YD)KTV}YTW]60Q{6F({HL8J.png','/0/8/88e8aa3b-981a-4171-9a94-98a5a2b24c94.png','2017-09-17 14:38:24',0),(51,1,'1A4FDB54FF7B161D97DD71EA096282AE.jpg','/10/12/f254ac43-6876-4c98-be44-bfd0b056eebd.jpg','2017-09-17 14:40:56',0),(52,1,'1A12A50F5C17AE7CA7DA277744DA91DE.jpg','/1/10/1c3d2169-dc3e-4e26-bb52-2715d44c8992.jpg','2017-09-20 23:25:32',0),(53,1,'1A073DB4D61661A247CA86390CFDAFD9.jpg','/5/12/f75cbd95-7002-425d-94b4-b7b13ab582d5.jpg','2017-09-20 23:25:46',0),(54,1,'1ADBF17B128BD8D2ED8A4189141F3D71.jpg','/8/10/fc41938f-a9bc-46b6-964c-a7b55b7df3f8.jpg','2017-09-17 14:40:56',0),(55,1,'7ADFAAC3F42B5523C6165811895E47AD.jpg','/7/12/b2ca2527-de15-4749-948b-37126739560c.jpg','2017-09-17 14:41:33',0),(56,1,'7B9DD7CF164BF96D2FD12A5CECDE8305.jpg','/11/12/9ec372c7-bdd0-4e5d-bdcd-50234cb3ee35.jpg','2017-09-17 14:41:33',0),(57,1,'7CEBF9A83E97149C3083F13E13EBCB95.jpg','/1/14/f986f643-2dcf-4ab5-b5ca-45771a423624.jpg','2017-09-17 14:41:33',0),(58,1,'8A82422750A920E1C8594F140C630DE9.jpg','/15/2/b69b7e9a-8a98-4b5a-a019-7e63aaf43f46.jpg','2017-09-18 19:57:10',0),(59,18,'QQ图片20170911003050.jpg','/6/14/eed3b74e-14d2-4654-8745-5b00910f77c6.jpg','2017-09-17 16:37:42',0),(60,18,'QQ图片20170911003103.jpg','/2/8/62dd6df7-247b-4cad-b0af-eb12eda06e29.jpg','2017-09-17 16:37:42',0),(61,18,'QQ图片20170911003110.jpg','/14/5/311f32f9-4077-4ee4-8eee-486c4fc9a733.jpg','2017-09-17 16:37:42',0),(62,18,'QQ图片20170911003111.jpg','/0/3/46951cff-2db3-4ee3-aaeb-3ebef4632d95.jpg','2017-09-17 16:37:42',0),(63,18,'QQ图片20170911003113.jpg','/14/11/936e14da-157b-4410-9319-47242210b2cc.jpg','2017-09-17 16:37:42',0),(64,18,'QQ图片20170911003115.jpg','/15/4/eec83a9e-c2d0-4d89-9371-9013d882c1b8.jpg','2017-09-17 16:37:42',0),(65,18,'QQ图片20170911003117.jpg','/5/5/eb740d85-43b4-47cb-9924-bb6905dded01.jpg','2017-09-17 16:37:42',0),(66,2,'1660F9E0CA936E60C211B83A83B8084B.jpg','/4/12/9f6b4478-c029-4a41-8c07-5cc26e811afd.jpg','2017-09-17 16:39:07',0),(67,21,'103-160P4121PY17.jpg','/9/7/0e5e0951-8b20-4080-bec7-d30cba242cc6.jpg','2017-09-17 19:55:26',0),(68,21,'6.jpg','/7/6/cf873534-be8c-4a25-a490-b70b5e21d96b.jpg','2017-09-17 19:55:26',0),(69,21,'14-16041115532E19.jpg','/9/1/3097f703-96f2-4d63-87d4-9b76ba148033.jpg','2017-09-17 19:55:26',0),(70,21,'chengshiqiurihexuefengjingzhuomianbizhi.jpg','/13/5/ad142b14-e452-41d0-a827-a3250ec361fa.jpg','2017-09-17 19:55:42',0),(71,21,'chengshiqiurihexuefengjingzhuomianbizhi-002.jpg','/7/10/11adf2a0-015e-4e8e-a620-cfaf44fb7021.jpg','2017-09-17 19:55:42',0),(72,21,'chengshiqiurihexuefengjingzhuomianbizhi-003.jpg','/9/2/e2a21fe8-a171-4e3e-a7a9-439c9b7d529b.jpg','2017-09-17 19:55:42',0),(73,21,'chengshiqiurihexuefengjingzhuomianbizhi-004.jpg','/10/10/5800602c-dc0e-4a93-a233-cde3fbd1b551.jpg','2017-09-17 19:55:42',0),(74,21,'chengshiqiurihexuefengjingzhuomianbizhi-005.jpg','/13/4/1609bf49-dcd5-42b5-91a3-0e4d494a08d1.jpg','2017-09-17 19:55:42',0),(75,21,'chengshiqiurihexuefengjingzhuomianbizhi-006.jpg','/10/14/2e26e052-bc72-4e2b-8bf6-0fa39c7ed353.jpg','2017-09-17 19:55:42',0),(76,21,'chengshiqiurihexuefengjingzhuomianbizhi-007.jpg','/12/6/b3b50aa8-5e75-4d21-b1d3-43a4b5b6301e.jpg','2017-09-17 19:55:42',0),(77,21,'timg.jpg','/13/13/68a9e0e0-4771-4ed0-83c3-50b588be78d7.jpg','2017-09-17 19:55:42',0),(78,27,'3FB8F2F0F41FA4752A7E5975EF25E515.jpg','/9/11/10461b19-26e5-474e-8747-28fecb6a9624.jpg','2017-09-18 16:50:56',0),(79,27,'06B98198875E97F641FA52123AF41817.jpg','/13/0/8708e1d9-f372-47fd-95be-08f6d58866d3.jpg','2017-09-18 16:50:56',0),(80,1,'1A4FDB54FF7B161D97DD71EA096282AE.jpg','/15/4/61c6f0e7-7920-4dd1-93a4-288de4bb7866.jpg','2017-09-18 19:51:58',0),(81,1,'3FB8F2F0F41FA4752A7E5975EF25E515.jpg','/13/11/579b7fae-d7e4-499c-b9e4-67ef403e0d23.jpg','2017-09-18 19:51:58',0),(82,1,'49F627987C0E6F1C6AEB73B1A4093CF2.jpg','/2/4/00848d00-ec18-4dbb-bdc5-bfb332e156f5.jpg','2017-09-19 09:55:58',0),(83,1,'49F627987C0E6F1C6AEB73B1A4093CF2.jpg','/11/7/33a9b70c-97e8-4ad7-b318-6f5b7321b7ae.jpg','2017-09-19 09:55:58',0),(84,32,'0e38c0f3d09c27cab6d1d6649a0e11a6.jpg','/5/15/407b6411-cbb3-44fb-aacd-8aa6cb3860b8.jpg','2017-09-20 19:39:42',0),(85,32,'1daaa88efaef07af4a732fc09f842b07.jpeg','/2/4/02e3f47a-835e-4d02-8965-f73184826d0b.jpeg','2017-09-20 23:25:44',0),(86,32,'02c6c3039fd39923de3a7745ab82c47f.jpg','/8/3/fb860503-3995-4b41-a3e3-3031e23df8a0.jpg','2017-09-20 19:39:42',0),(87,32,'6e48654deab88d212fd50457271887da.jpg','/14/12/499083b2-b651-4526-9e66-3c73e82b8994.jpg','2017-09-20 19:39:42',0),(88,32,'7f4aea199c4c808aba4e2f425155dc75.jpg','/6/10/98315f88-3196-41ba-ab26-87876afc8913.jpg','2017-09-20 19:39:42',0),(89,32,'9b59651e5be20ebca183455fd67618d9.jpg','/5/9/45a2c6c3-6e91-4ad6-9168-1e492de9c058.jpg','2017-09-20 19:39:42',0),(90,32,'16bb93d088e3a514ad58f5c34771ddef.jpg','/10/12/62985184-d0fb-4f02-af02-9900dfea5dc5.jpg','2017-09-20 19:39:42',0),(91,32,'34f39c154d982f0620c2b1ddf1b06f7b.jpg','/15/1/a925461a-3f0c-4c5b-b9d9-727ffefeb131.jpg','2017-09-20 19:39:42',0),(92,32,'85fc7ca98a0d829fef1dc074afbeb470.jpg','/14/0/3206861d-a75b-446d-8eb7-40bdc9c237d9.jpg','2017-09-20 19:39:42',0),(93,32,'123fa58c5c95b3af3d590306fd5340c8.jpg','/2/7/40ea4bf6-7ba6-4fa3-968b-7e2ce1128ba7.jpg','2017-09-20 19:39:42',0),(94,33,'7708bdc0e76863c01d2d70b0c1de8433.jpg','/4/11/333fb9c9-71c3-4c30-812e-657c68368c3c.jpg','2017-09-20 19:41:25',0),(95,33,'45697e8fa26ce420af46ee00f41dd4cc.jpg','/3/3/979be590-dd7b-437d-9470-8ef2cca99580.jpg','2017-09-20 19:41:25',0),(96,33,'1551654eeb7beabad802a0e401668dc6.jpg','/4/6/c0ec2100-a784-4f8a-91b9-5a6b6c88812a.jpg','2017-09-20 19:41:25',0),(97,33,'a25739c71964d7e7f2d82bb134342072.jpg','/0/1/ce8738a1-e986-49ae-b244-c9ed5eadaa91.jpg','2017-09-20 19:41:25',0),(98,34,'f4c08d0c5afc92e01a13aa0ec438977f.jpg','/2/4/5146fd6e-4e0d-4460-b32d-9b81ea2ec5e4.jpg','2017-09-20 19:42:31',0),(99,34,'c50a6960d2342cea5f2703eab3b7ba7e.jpg','/11/13/c39297d9-725f-4430-a96e-7dec0ef10ece.jpg','2017-09-20 19:43:10',0),(100,34,'c054c12867009823d26a5e0d8cf094b1.jpg','/11/4/3e5b514b-69a1-497a-bdd4-e5b7023b8edf.jpg','2017-09-20 19:43:10',0),(101,34,'debd2221872b46e516e45f7f27769159.jpg','/3/2/fd286a29-7051-4bbb-88a9-cdc094e1fa9b.jpg','2017-09-20 19:43:10',0),(102,31,'02c6c3039fd39923de3a7745ab82c47f.jpg','/1/4/bf577dd8-cad4-4603-b0a3-be53997ee8c1.jpg','2017-09-20 19:44:31',0),(103,35,'aiq.jpg','/14/11/54dbe6ce-8403-4b81-9f3d-fb4ec4b827a9.jpg','2017-09-20 19:47:17',0),(104,35,'aq.jpg','/8/7/4909bf3d-34db-4112-975d-34a619287a02.jpg','2017-09-20 19:47:17',0),(105,35,'meishi.jpg','/10/8/6e30d01d-47e8-4df9-a50c-490618322cae.jpg','2017-09-20 19:47:17',0),(106,35,'meishi2.jpg','/10/13/210cc23d-f56b-4226-89ea-caf244b1055b.jpg','2017-09-20 19:47:17',0),(107,29,'02.jpg','/13/2/ccc5ac1f-72dc-4b69-9a19-f07d96578af1.jpg','2017-09-20 19:52:55',0),(108,29,'01.jpg','/7/4/39ba1045-4012-4b38-ad82-30e0ad5a9932.jpg','2017-09-20 19:52:55',0),(109,29,'53bb8c349f13f.jpg','/1/12/b0901474-5eb2-47af-9cdc-2e6cdf91c058.jpg','2017-09-20 19:52:55',0),(110,29,'566fd75d08e2c.jpg','/14/3/bd11311b-432f-4369-aab1-c7e1c16a6e2d.jpg','2017-09-20 19:52:55',0),(111,29,'5.jpg!960.jpg','/0/14/46527116-d990-42ed-84c6-9df7af2c85db.jpg','2017-09-20 19:52:55',0),(112,29,'06.jpg','/5/6/19358164-7b9a-40ac-909f-bf32c436b0af.jpg','2017-09-20 19:52:55',0),(113,29,'547827be4f6de.jpg','/12/6/a2f7de01-76ae-4268-843a-a431a81e1832.jpg','2017-09-20 19:53:55',0),(114,29,'5875c0170ffe7.jpg','/5/2/f7da3500-368d-4e5b-8571-20dbce369ced.jpg','2017-09-20 19:53:55',0),(115,29,'06.jpg!960.jpg','/8/8/9ad58141-080a-4fe8-ac74-7770384036ea.jpg','2017-09-20 19:54:20',0),(116,29,'10.jpg!960.jpg','/14/13/c82d60de-e31d-4fa0-92e0-b79d90ddaac9.jpg','2017-09-20 19:54:20',0),(117,29,'1679.jpg','/8/1/88ae6276-b248-4469-b1c8-a3897d825259.jpg','2017-09-20 19:54:53',0),(118,29,'59116e0b1df25.jpg','/1/9/307bb9e9-7076-454c-af52-60015957472c.jpg','2017-09-20 19:54:53',0),(119,36,'10.jpg!960.jpg','/7/0/1360cc2b-1a45-430b-ae76-bd16a5a3f52a.jpg','2017-09-20 19:56:39',0),(120,36,'547827be4f6de.jpg','/10/11/6507a006-a874-4a6f-a0d8-01ffb741112e.jpg','2017-09-20 19:56:39',0),(121,31,'4444fa828b4718.jpg','/0/5/0e7740cb-dded-4e67-a04b-a9b8b4dd271c.jpg','2017-09-20 20:01:13',0),(122,31,'6666f3b8dd5c8a82b9014a90eb54.jpg','/1/13/e63baea6-f134-42a2-aeee-630bc5624959.jpg','2017-09-20 20:01:13',0),(123,31,'11111fad41684619d8bc3eb03541c9.jpg','/7/2/71a58233-5974-47e1-937a-da654eacf9bb.jpg','2017-09-20 20:01:13',0),(124,31,'222222225a66d016082431c8.jpg','/4/2/ba380f9b-5a65-4ea5-9905-e13f97968ba6.jpg','2017-09-20 20:01:13',0),(125,31,'555555555c75c6a7efcf1b62d0.jpg','/0/1/da1ee819-2cb5-4c90-9380-d4d7cb90e9c7.jpg','2017-09-20 20:01:13',0),(126,31,'33333333333acaf2edd9808.jpg','/5/3/815e2ca3-237c-4b92-9b6e-91623a26489c.jpg','2017-09-20 20:01:13',0),(127,37,'8ccc7adb02b83dac7fd395c5664f91f4.jpg','/4/10/84fd0a8c-a6db-4d30-83f6-f12fb1905705.jpg','2017-09-20 20:05:11',0),(128,37,'36aff36f242b53d68b84c9698f7dd817.jpg','/1/1/384e608a-ce17-42c2-a1d6-e6288682f944.jpg','2017-09-20 20:05:11',0),(129,37,'2479d4ad49e850273cc7120875a3a09c.jpg','/11/0/dbb095ac-ba4d-4782-a80d-e0840a2edd11.jpg','2017-09-20 20:05:11',0),(130,37,'71850e6d752ca37e642e36d1c7a99183.jpg','/10/13/95ed8aa5-2971-42aa-8bf9-effb53c7ea04.jpg','2017-09-20 20:05:11',0),(131,37,'b7ef8a211a3d1419854c377f74ab4a1a.jpg','/12/10/f7ed0333-25d8-4b5c-b7cb-1aa6059462e9.jpg','2017-09-20 20:05:11',0),(132,37,'c35aabeb2cbb618c9eef314b4f0d3ea0.jpg','/0/10/e01a3897-3c73-4334-8546-26f58c09e877.jpg','2017-09-20 20:05:11',0),(133,37,'c9761744a7663fb23e062d344c6bd9de.jpg','/6/4/520a24b7-ab5a-41ab-9d72-7910f8852bbe.jpg','2017-09-20 20:05:11',0),(134,38,'fe084d0819835cc16990b75ac4d4acc8.jpg','/9/0/18fa3b35-d480-438b-b040-429976ce623d.jpg','2017-09-20 20:07:11',0),(135,40,'06.jpg!960.jpg','/9/11/c8f430a5-140f-45c6-8f0f-e9aa0bdf7b08.jpg','2017-09-20 20:17:18',0),(136,40,'566fd75d08e2c.jpg','/2/15/aee2a5e0-eb2b-446e-a0f7-2d4ae2d2cfb2.jpg','2017-09-20 20:17:18',0),(137,40,'10.jpg!960.jpg','/12/6/c4cdb32b-8028-42a2-9017-5ebaf9eb077c.jpg','2017-09-20 20:17:18',0),(138,40,'kac1wdzlz0ubzfn.jpg','/5/3/cf188931-d9f6-48b4-b122-296dbe51ea29.jpg','2017-09-20 20:17:55',0),(139,40,'547827be4f6de.jpg','/3/2/7b09b920-3b8b-45ef-9d7a-357e2bb4a87a.jpg','2017-09-20 20:17:55',0),(140,40,'566fd75d08e2c.jpg','/5/7/9f4378f5-95ea-4360-8411-87204aae471a.jpg','2017-09-20 20:17:55',0),(141,41,'01.jpg','/5/14/385ede8f-ad9c-462f-9731-9b0a850b9694.jpg','2017-09-20 20:18:24',0),(142,41,'06.jpg','/5/2/e2c285f5-0781-480b-a2c7-ee8eeecb33e2.jpg','2017-09-20 20:18:24',0),(143,39,'1e30e924b899a901fadd33e217950a7b0308f57e.jpg','/14/0/6c931829-e435-4a2c-9025-f7ef275a166a.jpg','2017-09-20 20:19:29',0),(144,39,'c995d143ad4bd11376165dae53afa40f4afb0556.jpg','/15/5/aeea24c0-ce5a-48a6-ab65-b5f29fe96c27.jpg','2017-09-20 20:19:29',0),(145,39,'d009b3de9c82d158880e372c890a19d8bd3e429a.jpg','/12/2/725a6929-27f0-4c0e-bde4-7a1ae58e84c4.jpg','2017-09-20 20:19:29',0),(146,42,'2fdda3cc7cd98d10bd958326253fb80e7bec9060.jpg','/9/9/8b2c845f-2f45-440a-a612-2528f06c2f48.jpg','2017-09-20 20:19:56',0),(147,42,'2fdda3cc7cd98d108d6bdcad283fb80e7aec90eb.jpg','/15/7/08f5e6b7-46cd-434a-a63f-767a7b64c38d.jpg','2017-09-20 20:19:56',0),(148,42,'7a899e510fb30f24c41982f6ce95d143ac4b0347.jpg','/5/6/802e6840-222d-488e-9b40-cde44250d082.jpg','2017-09-20 20:19:56',0),(149,42,'7c1ed21b0ef41bd5eeb54f4c51da81cb38db3da7.jpg','/12/8/308bba54-9e39-44b1-807e-9822d9bcf075.jpg','2017-09-20 20:19:56',0),(150,42,'7c1ed21b0ef41bd580f47e1554da81cb38db3daf.jpg','/7/2/c7c5795f-66ff-4bf0-a5e1-d203c2a841f5.jpg','2017-09-20 20:19:56',0),(151,42,'8ad4b31c8701a18bb680c7e99d2f07082838fe29.jpg','/6/4/23c560da-6da4-4a0c-b235-624f5d237874.jpg','2017-09-20 20:19:56',0),(152,42,'8c1001e93901213f2de09f8550e736d12e2e959c.jpg','/12/13/81fecb83-5080-450f-8fbb-a307214f790e.jpg','2017-09-20 20:19:56',0),(153,42,'9e3df8dcd100baa1e884eb5e4110b912c9fc2eae.jpg','/10/12/6fe3e0e8-7bea-4b46-b828-412a64e2bfa4.jpg','2017-09-20 20:19:56',0),(154,42,'023b5bb5c9ea15ceda65b696bf003af33b87b2a2.jpg','/12/2/a19b2578-16e4-499f-933e-10c2645aa322.jpg','2017-09-20 20:19:56',0),(155,42,'34fae6cd7b899e51db2306a64aa7d933c9950dd6.jpg','/11/6/c4dceec4-6f74-4879-b4a6-2b9eea3ab1a1.jpg','2017-09-20 20:19:56',0),(156,43,'500fd9f9d72a605989844f842134349b023bba9c.jpg','/10/5/c2843456-a397-4a32-9834-c60e21eb2161.jpg','2017-09-20 20:20:45',0),(157,43,'503d269759ee3d6dc8ac259c43166d224f4ade7b.jpg','/8/2/3af5840b-3781-44cf-93c6-84c3e689cfc3.jpg','2017-09-20 20:20:45',0),(158,43,'960a304e251f95ca9eacc729c0177f3e660952d7.jpg','/14/14/5bd7b237-9131-4bae-9ede-532f4548e94a.jpg','2017-09-20 20:20:45',0),(159,43,'3812b31bb051f819e7929cd3dab44aed2f73e7f0.jpg','/13/13/f7d378c6-1b4b-417a-a8d6-60c8add9035b.jpg','2017-09-20 20:20:45',0),(160,43,'6609c93d70cf3bc7359ff570d800baa1cc112a8a.jpg','/9/10/17164424-38d2-4b6d-bb1f-ea8a3a15d6d0.jpg','2017-09-20 20:20:45',0),(161,43,'48540923dd54564ea9808ea6bade9c82d0584f43.jpg','/3/11/4d904ff4-9a9e-4ead-88eb-18b9e8263873.jpg','2017-09-20 20:20:45',0),(162,43,'a5c27d1ed21b0ef4dd93ab0cd5c451da81cb3e6c.jpg','/0/6/93bb4baf-554e-401a-866e-c0a41b4566ff.jpg','2017-09-20 20:20:45',0),(163,43,'b2de9c82d158ccbf69c11ba410d8bc3eb135412a.jpg','/6/13/897c4cca-5efe-40c3-a875-38e2c180b94f.jpg','2017-09-20 20:20:45',0),(164,43,'b3b7d0a20cf431ada7cd8bd64236acaf2fdd98c6.jpg','/13/11/eb5efe40-b147-4af6-a603-55be55adf0ba.jpg','2017-09-20 20:20:45',0),(165,43,'b219ebc4b74543a9e575589b1e178a82b901147e.jpg','/8/4/baf9e86d-953e-4b43-87de-2dc7b778e293.jpg','2017-09-20 20:20:45',0),(166,43,'b03533fa828ba61ed1b3d30e4b34970a304e59b5.jpg','/4/5/b6c6e23a-f0b5-49e1-95cf-471f5c653c1f.jpg','2017-09-20 20:21:22',0),(167,43,'b8389b504fc2d562f0b3ec5fef1190ef77c66ccc.jpg','/10/15/87b44b11-8c7a-402b-8f1d-d3ad580b414b.jpg','2017-09-20 20:21:22',0),(168,43,'b3119313b07eca80a06bae56912397dda1448311.jpg','/5/15/2cbb4b7e-1214-4f42-be8c-88adbf3d5dd4.jpg','2017-09-20 20:21:22',0),(169,43,'bba1cd11728b471040dc0f17c4cec3fdfd03237e.jpg','/11/12/7a3309bc-5e2f-410d-8b15-d13adc709182.jpg','2017-09-20 20:21:22',0),(170,43,'c995d143ad4bd11376165dae53afa40f4afb0556.jpg','/5/7/b55e2f14-18c5-4c8d-9c87-6943fa77bac6.jpg','2017-09-20 20:21:22',0),(171,43,'d009b3de9c82d158880e372c890a19d8bd3e429a.jpg','/11/6/8756383f-874a-4fc2-968c-ed1d4fffe411.jpg','2017-09-20 20:21:22',0),(172,43,'dcc451da81cb39db0eee4a78da160924ab1830f5.jpg','/11/2/bab11da1-d907-4823-baee-6ada0778bf8a.jpg','2017-09-20 20:21:22',0),(173,43,'f31fbe096b63f624de0086298f44ebf81a4ca3bf.jpg','/14/1/33f582ec-50f5-441e-a9b9-9d6df090f500.jpg','2017-09-20 20:21:22',0),(174,43,'s.jpg','/11/13/00739d47-5f13-425c-9213-ec9f18c2ca23.jpg','2017-09-20 20:21:22',0),(175,43,'9825bc315c6034a8bb462380c21349540923760f.jpg.png','/5/10/df2a275f-a4c0-46b5-ac74-6fb2ab41501e.png','2017-09-20 20:21:22',0),(176,1,'2fdda3cc7cd98d10bd958326253fb80e7bec9060.jpg','/12/14/8af1e068-9042-4e24-8520-5313ad95aeb4.jpg','2017-09-21 09:46:44',0);

/*Table structure for table `picture` */

DROP TABLE IF EXISTS `picture`;

CREATE TABLE `picture` (
  `id` int(11) NOT NULL AUTO_INCREMENT COMMENT '自增id',
  `imgurl` varchar(100) DEFAULT NULL COMMENT '日志id',
  PRIMARY KEY (`id`)
) ENGINE=InnoDB AUTO_INCREMENT=101 DEFAULT CHARSET=utf8;

/*Data for the table `picture` */

insert  into `picture`(`id`,`imgurl`) values (26,'/upload/3/6/e74a6bb9-e770-473d-b91c-e6a8b9ecaec0.jpg'),(27,'/upload/6/8/b86567ad-80e6-445a-bdb6-50f21032d5a8.jpg'),(28,'/upload/10/8/042f1664-ddad-4a78-9345-eb79f820db98.jpg'),(29,'/upload/11/4/1df17d4c-ba70-43db-86a2-546fc3bbd151.jpg'),(30,'/upload/5/13/4d2ea9c1-a20d-4a66-8080-73fb37abd080.jpg'),(31,'/upload/15/4/8539fd80-ea98-4c4f-bc36-d7f670ad5cc7.jpg'),(32,'/upload/3/9/3b857ed1-f7c9-4e1c-973c-73a2c9d8d910.jpg'),(33,'/upload/1/13/46f1899d-67d4-4b0a-8c9f-73510244c734.jpg'),(34,'/upload/10/15/ddcf234b-1b59-4c71-9d26-15555c2296bc.jpg'),(35,'/upload/2/11/3f389362-dd83-4d8b-aa7f-9a7a6133ae2b.jpg'),(36,'/upload/8/0/d982b5cc-4034-4670-9d11-7347062b414b.jpg'),(37,'/upload/0/8/1998a19a-6572-40c5-bd51-20be95649974.jpg'),(38,'/upload/0/10/19951099-26f8-41d9-9db4-c680234a67b3.jpg'),(39,'/upload/2/11/5dd1892d-661d-4292-8ea5-0a13080c5059.jpg'),(40,NULL),(41,'/upload/7/11/0a20e5b6-ac78-4d62-ab8d-4683e5948d89.jpg'),(42,'/upload/1/4/85921afb-9a1b-44ad-a1f7-a7dc65db54b4.jpg'),(43,'/upload/8/3/8296b21a-68e3-4c42-984c-18292b633bc8.jpg'),(44,'/upload/11/13/e0f841f4-65cc-4f28-a3f3-fabda24b8e41.jpg'),(45,'/upload/4/1/8e0170b6-7680-4d02-9147-193ed9ff8065.jpg'),(46,'/upload/13/5/5892b91d-e39a-4275-9cf2-5f580d27605b.jpg'),(47,'/upload/2/10/c362e928-fb5d-4812-8b5d-ee0029eff27c.png'),(48,'/upload/8/12/c3b7383c-d58e-4dc5-8154-1223846223e1.png'),(49,'/upload/14/1/c2954727-9fe5-4431-9925-c0e1e860cfc4.jpg'),(50,'/upload/1/1/a6eb274c-6ae6-4307-b98a-5572f57c685c.png'),(51,'/upload/0/13/66e68b1f-0b8a-4dea-af0f-91fc1e4e8481.png'),(52,'/upload/1/4/54735475-6cba-4ade-b3bb-527b673f7f60.jpg'),(53,'/upload/6/9/ef849190-f4b3-4cf3-9814-c56ecd1f5fa5.jpg'),(54,'/upload/13/5/1eee9931-10dd-4f9a-98de-de97b59af191.jpg'),(55,'/upload/13/15/72c1a35e-3600-4ac3-8f71-8772c03e2cad.jpg'),(56,'/upload/5/1/177edd77-875e-49a9-9ea6-4cee2120d944.jpg'),(57,'/upload/8/12/cc26a121-f0e4-40b8-bb9b-6dfed812443c.jpg'),(58,'/upload/9/5/d3d8d6b0-a64b-47fe-9677-f93df6edb2ec.jpg'),(59,'/upload/0/14/60c89df1-2ded-47ee-badc-3041dbc8ee07.jpg'),(60,'/upload/13/13/31b7676f-7ab1-48c3-99c1-2fbeb38ba080.jpg'),(61,'/upload/3/14/ee7da1f9-6e27-43e7-ad13-9756a271cd85.jpg'),(62,'/upload/8/14/1416be8e-5660-45b3-b8d2-825563a695ce.jpg'),(63,'/upload/12/11/6c529aa5-4a7a-4c12-9139-32ee4a415cb3.jpg'),(64,'/upload/13/2/92577b04-a7e1-414e-ab32-f1baae393b23.jpg'),(65,'/upload/13/1/b9a608fa-7cd2-4065-8697-58c494672de9.jpg'),(66,'/upload/5/9/9c43eebb-c759-433e-8a1f-5a75af14def1.jpg'),(67,'/upload/3/12/7cefea7d-429a-4edd-a745-c3758ac55772.jpg'),(68,'/upload/1/15/28a0a508-87fb-434b-a2ea-deb1385f1102.jpg'),(69,'/upload/11/9/546cc084-f6b2-46cc-b235-8a15e00f15f7.jpg'),(70,'/upload/12/12/39bdf46a-a96a-49da-97e2-c513f2248a92.jpg'),(71,'/upload/10/15/4a88a439-3d07-4259-b850-01cf9d2c4518.jpg'),(72,'/upload/0/7/c61e049d-bf00-4d09-9092-d6310577bf9b.jpg'),(73,'/upload/15/0/490382f9-5578-43c9-b082-a0325a83c5a5.jpg'),(74,'/upload/7/1/bd8df20a-e73d-4c60-8098-d44a27a4dfa4.jpg'),(75,'/upload/10/2/732f30e5-8f33-4fff-b9ea-a6fbaa1899c4.jpg'),(76,'/upload/9/9/812d2789-2dbb-4872-8313-eefa2e4a4e92.jpg'),(77,'/upload/6/5/34e5510a-8c9b-44e7-967d-155b0c8a0576.jpg'),(78,'/upload/1/8/3b6e6124-0ac1-4373-bcac-5dace44f0811.jpg'),(79,'/upload/1/5/83882f42-f729-4073-862d-6ab29ffafe10.jpg'),(80,'/upload/14/5/2c92e894-bd17-46ac-a85b-d905ee375f8d.jpg'),(81,'/upload/6/0/046d074d-07b8-4067-bb72-8cc108c632c5.jpg'),(82,'/upload/13/3/a6c88356-6dfa-4494-96aa-7d5f0882bb4c.jpg'),(83,'/upload/2/5/c01bfbac-8cc2-4928-a31a-b5654103f1a8.jpg'),(84,'/upload/7/2/e8bbefd9-f717-460a-a0fa-6b7b7c97f16c.jpg'),(85,'/upload/4/11/93a3de1f-df6e-48d6-b303-9a27b9b485fa.jpg'),(86,'/upload/2/4/77fe055a-1164-49cb-a679-f18dcfc29dfb.jpg'),(87,'/upload/3/4/0953fad4-ad59-4d24-9515-1c798a067fab.jpg'),(88,'/upload/0/3/26b23954-7592-4765-b0b5-c7e1f15797d3.jpg'),(89,'/upload/7/13/fdf2a7a8-62f2-4f05-8f3d-67fba6003d71.jpg'),(90,'/upload/6/5/c1b0cb91-9067-4ba5-bef1-c6ad1b3ffb42.jpg'),(91,'/upload/1/9/66866947-46b8-403e-b983-6591d3ed21a3.jpg'),(92,'/upload/2/10/43264e2a-8d7b-4afa-a80f-95483a0995a6.jpg'),(93,'/upload/12/13/bed2bbfa-3c4f-4d1f-9e42-7738cdc144f6.jpg'),(94,'/upload/14/5/7d494c79-a9d3-4cae-ab34-7367c0a6f0d9.jpg'),(95,'/upload/9/13/48105c71-f65f-43b3-85f7-cd238f3591f6.jpg'),(96,'/upload/15/4/96185030-7730-4375-97fe-a1a615150adc.jpg'),(97,'/upload/5/14/d29c3c25-9232-422b-ad9f-ce8563c0a966.jpg'),(98,'/upload/10/6/9c7ad923-64f3-4c7e-b37c-c6f5ee85a956.jpg'),(99,'/upload/12/2/ee66754d-5eb3-435c-9746-ebc222abdfe5.jpg'),(100,'/upload/7/13/76f2e887-e7c8-4ef3-b394-be349a8eda17.jpg');

/*Table structure for table `reply_comment` */

DROP TABLE IF EXISTS `reply_comment`;

CREATE TABLE `reply_comment` (
  `Id` int(11) NOT NULL AUTO_INCREMENT,
  `comment_id` int(11) NOT NULL DEFAULT '0' COMMENT '评论id',
  `reply_user_id` varchar(50) NOT NULL DEFAULT '' COMMENT '回复评论者ID',
  `comment_user_id` varchar(50) NOT NULL DEFAULT '' COMMENT '评论者id',
  `reply_content` varchar(100) NOT NULL DEFAULT '',
  `reply_time` date NOT NULL DEFAULT '0000-00-00',
  `delete_state` int(2) NOT NULL DEFAULT '0',
  PRIMARY KEY (`Id`)
) ENGINE=InnoDB AUTO_INCREMENT=24 DEFAULT CHARSET=utf8;

/*Data for the table `reply_comment` */

insert  into `reply_comment`(`Id`,`comment_id`,`reply_user_id`,`comment_user_id`,`reply_content`,`reply_time`,`delete_state`) values (13,31,'xiezhijun','xiezhijun','的的','2017-09-13',0),(14,31,'xiezhijun','xiezhijun','收到','2017-09-13',0),(15,31,'xiezhijun','xiezhijun','上次你说','2017-09-13',0),(16,31,'xiezhijun','xiezhijun','上厕所','2017-09-14',0),(17,31,'xiezhijun','xiezhijun','','2017-09-14',0),(18,34,'maoyuanming','maoyuanming','nihaogepi','2017-09-16',0),(19,35,'maoyuanming','maoyuanming','dajiaohaodasgasdgsagashsa是打个撒开了感觉啊是','2017-09-16',0),(20,36,'yangtao','杨小涛','你也好','2017-09-18',0),(21,37,'maoyuanming','大明帅','你也帅','2017-09-18',0),(22,37,'maoyuanming','大明帅','回复','2017-09-18',0),(23,38,'maoyuanming','大明帅','你也好','2017-09-19',0);

/*Table structure for table `roles` */

DROP TABLE IF EXISTS `roles`;

CREATE TABLE `roles` (
  `id` int(11) DEFAULT NULL,
  `name` varchar(20) DEFAULT NULL
) ENGINE=InnoDB DEFAULT CHARSET=utf8;

/*Data for the table `roles` */

insert  into `roles`(`id`,`name`) values (1,'超级管理员'),(2,'普通管理员'),(3,'实习生');

/*Table structure for table `rolesauthority` */

DROP TABLE IF EXISTS `rolesauthority`;

CREATE TABLE `rolesauthority` (
  `id` int(11) NOT NULL AUTO_INCREMENT,
  `rid` int(11) DEFAULT NULL,
  `aid` int(11) DEFAULT NULL,
  KEY `id` (`id`)
) ENGINE=InnoDB AUTO_INCREMENT=163 DEFAULT CHARSET=utf8;

/*Data for the table `rolesauthority` */

insert  into `rolesauthority`(`id`,`rid`,`aid`) values (135,2,1),(136,2,5),(137,2,6),(138,2,7),(139,2,8),(140,2,9),(141,2,11),(142,2,3),(143,2,4),(144,2,14),(146,3,1),(147,3,5),(148,3,6),(149,1,1),(150,1,2),(151,1,3),(152,1,4),(153,1,5),(154,1,6),(155,1,7),(156,1,8),(157,1,9),(159,1,11),(160,1,12),(161,1,13),(162,1,14);

/*Table structure for table `t_user` */

DROP TABLE IF EXISTS `t_user`;

CREATE TABLE `t_user` (
  `user_id` varchar(18) NOT NULL COMMENT '用户账号',
  `password` varchar(50) NOT NULL,
  `nickname` varchar(20) DEFAULT NULL COMMENT '昵称',
  `gender` varchar(20) DEFAULT NULL COMMENT '性别',
  `birth` date DEFAULT NULL COMMENT '出身年月',
  `age` int(11) DEFAULT NULL COMMENT '年龄',
  `email` varchar(18) NOT NULL COMMENT '邮件地址',
  `qq` varchar(18) DEFAULT NULL COMMENT 'qq号',
  `register_time` timestamp NOT NULL DEFAULT CURRENT_TIMESTAMP ON UPDATE CURRENT_TIMESTAMP COMMENT '注册时间，使用时间戳',
  `address` varchar(100) DEFAULT NULL COMMENT '现住址',
  `school` varchar(100) DEFAULT NULL COMMENT '学校',
  `profession` varchar(100) DEFAULT NULL COMMENT '职业',
  `imgurl` varchar(100) NOT NULL COMMENT '头像地址',
  `signal` varchar(100) DEFAULT NULL COMMENT '个性签名',
  `description` varchar(255) DEFAULT NULL COMMENT '个人说明描述',
  `active_code` varchar(100) NOT NULL COMMENT '激活码',
  `active` varchar(11) NOT NULL DEFAULT '0' COMMENT '激活状态',
  `state` int(8) NOT NULL DEFAULT '0' COMMENT '是否锁定',
  PRIMARY KEY (`user_id`)
) ENGINE=InnoDB DEFAULT CHARSET=utf8 COMMENT='同学录的普通用户表';

/*Data for the table `t_user` */

insert  into `t_user`(`user_id`,`password`,`nickname`,`gender`,`birth`,`age`,`email`,`qq`,`register_time`,`address`,`school`,`profession`,`imgurl`,`signal`,`description`,`active_code`,`active`,`state`) values ('20170904','e10adc3949ba59abbe56e057f20f883e','明大帅','男','2017-09-05',28,'1021011249@QQ.com','1021011249','2017-09-15 18:00:00','峡江','江西农业大学','项目经理','/upload/14/15/484a47fd-bb1a-4c2b-95a5-10b777da60f5.jpg','很帅','反正就是帅','','1',0),('20171892','e10adc3949ba59abbe56e057f20f883e','军爷','男','1995-11-07',NULL,'1821559323@qq.com',NULL,'2017-09-20 19:38:51','总裁','北京别墅区','江西农业大学','/upload/3/0/4c7b5327-63a5-472f-9a53-92b614781a4f.jpg','年轻没有失败',NULL,'3ca93ffd-89a4-439c-bf97-9726fc20028d','1',0),('20171893','e10adc3949ba59abbe56e057f20f883e','晨风xzj','男','1995-11-07',NULL,'1821559323@qq.com',NULL,'2017-09-20 19:58:59','IT工程师','北京','江西农大','/upload/9/14/dfd1b4b7-168f-474a-86f0-c412dd6b8def.jpg','努力到感动自己',NULL,'4d67b5ef-7385-4bc7-b3fa-4c5ac631f9da','1',0),('20171894','e10adc3949ba59abbe56e057f20f883e','无名老人','男','2017-09-07',NULL,'1821559323@qq.com',NULL,'2017-09-20 20:19:15','美团外卖人员','北京','北京大学','/upload/8/14/6f576159-2177-4729-a0d3-97f7448fba50.jpg','拼搏到无能为力',NULL,'05984744-8276-435d-b62a-394af6220f0d','1',0),('chenglong','e10adc3949ba59abbe56e057f20f883e','成龙大哥',NULL,NULL,NULL,'2739403728@qq.com',NULL,'2017-09-17 00:00:00',NULL,NULL,NULL,'/upload/default.gif',NULL,NULL,'0d459ce1-78e9-4889-a4c2-2e8171caee1b','1',0),('duanxueqiang1','e10adc3949ba59abbe56e057f20f883e','段雪强',NULL,NULL,NULL,'765948596@qq.com',NULL,'2017-09-20 19:31:46',NULL,NULL,NULL,'/upload/default.gif',NULL,NULL,'6fee54c5-9137-4fde-a2c2-f34afdb4efdb','1',0),('fanbingbing','e10adc3949ba59abbe56e057f20f883e','范冰冰',NULL,NULL,NULL,'2739403728@qq.com',NULL,'2017-09-21 00:00:00',NULL,NULL,NULL,'/upload/default.gif',NULL,NULL,'052b97ba-ce76-477b-bbc4-e278514b3322','1',0),('gutianle','e10adc3949ba59abbe56e057f20f883e','古天乐',NULL,NULL,NULL,'2739403728@qq.com',NULL,'2017-09-20 19:28:40',NULL,NULL,NULL,'/upload/14/3/7cbbae90-e0b3-4fe4-9745-9b4f75d7749f.png',NULL,NULL,'14c9ff3e-4a0b-4b3b-b6cb-f47a6026e6f0','1',0),('hucheng','e10adc3949ba59abbe56e057f20f883e','周星驰',NULL,NULL,NULL,'2656416127@qq.com',NULL,'2017-09-20 20:29:32',NULL,NULL,NULL,'/upload/15/12/8f642160-5a26-43be-9f5f-fab43f1da4fc.jpg',NULL,NULL,'6c35978c-da13-4e87-a83c-465b8c4646c1','1',0),('jiangjiannan','e10adc3949ba59abbe56e057f20f883e','那霸天',NULL,NULL,NULL,'2656416127@qq.com',NULL,'2017-09-20 20:19:40',NULL,NULL,NULL,'/upload/12/9/7cc9fd05-1726-4a70-a696-525de2e5a277.jpg',NULL,NULL,'5baecd1a-9e0c-437c-874a-66d68ef8be01','1',0),('jiangjianqing','e10adc3949ba59abbe56e057f20f883e','江健清',NULL,NULL,NULL,'2739403728@qq.com',NULL,'2017-09-20 19:30:05',NULL,NULL,NULL,'/upload/default.gif',NULL,NULL,'2a5355a5-d889-4027-a02b-f52a76bad932','1',0),('maoyingying','e10adc3949ba59abbe56e057f20f883e','毛莹莹',NULL,NULL,NULL,'2739403728@qq.com',NULL,'2017-09-20 19:32:07',NULL,NULL,NULL,'/upload/default.gif',NULL,NULL,'880d8b07-4d3e-4140-bb02-b039f4b29a1c','1',0),('maoyuanming','e10adc3949ba59abbe56e057f20f883e','毛远明','男','2017-09-18',NULL,'2739403728@qq.com',NULL,'2017-09-20 22:59:37','项目经理','华天一墅','江西农业大学','/upload/13/2/cf18a8ad-499a-4e58-9bd9-080a1c9fe9bc.jpg','你好你好你好',NULL,'404a3d13-8067-4d69-8b96-ac151053abc8','1',0),('mymmyy','e10adc3949ba59abbe56e057f20f883e','mymmyy',NULL,NULL,NULL,'2739403728@qq.com',NULL,'2017-09-20 19:31:15',NULL,NULL,NULL,'/upload/default.gif',NULL,NULL,'eb0f6083-fea0-425b-9e3f-8ca1df097ed6','1',0),('sunyizhen','e10adc3949ba59abbe56e057f20f883e','孙艺珍',NULL,NULL,NULL,'2739403728@qq.com',NULL,'2017-09-20 20:33:39',NULL,NULL,NULL,'/upload/0/15/26934df6-98f3-427d-9078-6013579c444d.jpg',NULL,NULL,'98eaf22f-4ba0-45f0-b52c-2a595e3fa315','1',0),('wangqing','e10adc3949ba59abbe56e057f20f883e','科技感','男','2017-07-01',NULL,'2656416127@qq.com',NULL,'2017-09-20 17:02:00','学生','奥术大师多','江西农业大学','/upload/10/13/df03b63c-2e96-4959-b1cd-fe811dd7381c.jpg','我帅炸天',NULL,'61b7d775-445f-4d6c-9451-4c9ba23a334e','1',0),('xiexiao','e10adc3949ba59abbe56e057f20f883e','清风在上',NULL,NULL,NULL,'2656416127@qq.com',NULL,'2017-09-20 19:58:37',NULL,NULL,NULL,'/upload/7/5/2912bc34-af1e-4f89-a1eb-9df56ba466c7.jpg',NULL,NULL,'c282c83c-1b00-410e-9117-6c1bd6270fef','1',0),('xiezhijun','e10adc3949ba59abbe56e057f20f883e','军哥',NULL,NULL,NULL,'2739403728@qq.com',NULL,'2017-09-15 21:25:41',NULL,NULL,NULL,'/upload/default.gif',NULL,NULL,'ec470b49-abee-418a-b522-fb104f0d37d2','1',0),('yang19950221','82e474182cb025fbdeaca01e3dec1feb','非洲黑鸡',NULL,NULL,NULL,'826733424@qq.com',NULL,'2017-09-20 00:00:00',NULL,NULL,NULL,'/upload/default.gif',NULL,NULL,'477f0e35-820c-4732-a047-762697c0a547','1',0),('yangtao','e10adc3949ba59abbe56e057f20f883e','杨小涛',NULL,NULL,NULL,'2739403728@qq.com',NULL,'2017-09-18 00:00:00',NULL,NULL,NULL,'/upload/default.gif',NULL,NULL,'4183d574-2868-4825-b011-85f42a274874','1',0),('yangxiaodong','e10adc3949ba59abbe56e057f20f883e','小东同学',NULL,NULL,NULL,'2739403728@qq.com',NULL,'2017-09-20 19:32:10',NULL,NULL,NULL,'/upload/default.gif',NULL,NULL,'dc8e6725-ac1b-4e17-bbc2-964e3a534623','1',0),('yangxiaodong123','e10adc3949ba59abbe56e057f20f883e','杨小东同学',NULL,NULL,NULL,'2739403728@qq.com',NULL,'2017-09-18 00:00:00',NULL,NULL,NULL,'/upload/default.gif',NULL,NULL,'6988137c-76b6-42c3-a521-044a2c5c7832','1',0);

/*Table structure for table `talk_comment` */

DROP TABLE IF EXISTS `talk_comment`;

CREATE TABLE `talk_comment` (
  `talk_comment_id` varchar(18) NOT NULL,
  `talk_id` int(11) DEFAULT NULL,
  `user_id` varchar(18) DEFAULT NULL COMMENT '被评论者id',
  `who_comment_id` varchar(18) DEFAULT NULL COMMENT '评论者id',
  `comment_content` varchar(255) DEFAULT NULL COMMENT '评论内容',
  `comment_time` timestamp NOT NULL DEFAULT CURRENT_TIMESTAMP ON UPDATE CURRENT_TIMESTAMP COMMENT '评论时间',
  `delete_state` int(11) DEFAULT NULL COMMENT '删除状态',
  PRIMARY KEY (`talk_comment_id`),
  KEY `FK_Reference_7` (`talk_id`),
  CONSTRAINT `FK_Reference_7` FOREIGN KEY (`talk_id`) REFERENCES `talk_note` (`talk_id`)
) ENGINE=InnoDB DEFAULT CHARSET=utf8 COMMENT='说说评论表';

/*Data for the table `talk_comment` */

/*Table structure for table `talk_note` */

DROP TABLE IF EXISTS `talk_note`;

CREATE TABLE `talk_note` (
  `talk_id` int(11) NOT NULL AUTO_INCREMENT,
  `talk_content` text,
  `release_time` timestamp NOT NULL DEFAULT CURRENT_TIMESTAMP ON UPDATE CURRENT_TIMESTAMP,
  `delete_state` int(11) DEFAULT NULL,
  `user_id` varchar(18) DEFAULT NULL,
  PRIMARY KEY (`talk_id`),
  KEY `FK_Reference_4` (`user_id`),
  CONSTRAINT `FK_Reference_4` FOREIGN KEY (`user_id`) REFERENCES `t_user` (`user_id`)
) ENGINE=InnoDB DEFAULT CHARSET=utf8 COMMENT='心情说说表';

/*Data for the table `talk_note` */

/*Table structure for table `tissue` */

DROP TABLE IF EXISTS `tissue`;

CREATE TABLE `tissue` (
  `tissue_id` int(11) NOT NULL,
  `tissue_name` varchar(20) DEFAULT NULL,
  PRIMARY KEY (`tissue_id`)
) ENGINE=InnoDB DEFAULT CHARSET=utf8 COMMENT='组织表';

/*Data for the table `tissue` */

/*Table structure for table `user_blog` */

DROP TABLE IF EXISTS `user_blog`;

CREATE TABLE `user_blog` (
  `blog_id` varchar(18) NOT NULL,
  `category_id` int(11) DEFAULT NULL,
  `blog_title` varchar(100) DEFAULT NULL COMMENT '日志标题',
  `blog_content` text COMMENT '日志内容',
  `release_time` timestamp NOT NULL DEFAULT CURRENT_TIMESTAMP ON UPDATE CURRENT_TIMESTAMP COMMENT '发布时间',
  `delete_state` int(11) DEFAULT NULL COMMENT '删除状态',
  `user_id` varchar(18) DEFAULT NULL COMMENT '用户id',
  PRIMARY KEY (`blog_id`),
  KEY `FK_Reference_5` (`category_id`),
  KEY `FK_Reference_6` (`user_id`),
  CONSTRAINT `FK_Reference_6` FOREIGN KEY (`user_id`) REFERENCES `t_user` (`user_id`),
  CONSTRAINT `FK_Reference_5` FOREIGN KEY (`category_id`) REFERENCES `blog_category` (`category_id`)
) ENGINE=InnoDB DEFAULT CHARSET=utf8 COMMENT='个人日志表';

/*Data for the table `user_blog` */

insert  into `user_blog`(`blog_id`,`category_id`,`blog_title`,`blog_content`,`release_time`,`delete_state`,`user_id`) values ('01e6009f22222c5f',10,'无标题文章','<p><strong>​wa<i>esdfsfgwerdt<strike>fghndawafsf</strike></i></strong></p><table width=\"100%\" cellspacing=\"0\" cellpadding=\"0\" border=\"0\"><tbody><tr><th>qwe <br></th><th>&nbsp;</th><th>zg <br></th><th>&nbsp;</th><th>&nbsp;</th></tr><tr><td>&nbsp;sz</td><td>&nbsp;z</td><td>&nbsp;</td><td>&nbsp;</td><td>&nbsp;</td></tr><tr><td>&nbsp;zd</td><td>&nbsp;</td><td>z <br></td><td>z</td><td>&nbsp;gzzdgz</td></tr><tr><td>&nbsp;z</td><td>&nbsp;</td><td>&nbsp;</td><td></td><td>&nbsp;</td></tr><tr><td>&nbsp;z</td><td>&nbsp;zzd</td><td>&nbsp;</td><td>&nbsp;</td><td>&nbsp;g</td></tr></tbody></table><p>dzg<br></p><p><strong><i><strong>​</strong></i><strong>​</strong></strong><br></p>','2017-09-17 00:00:00',0,'maoyuanming'),('0272ccec72447d2d',4,'杀李逵','<p>1234</p><p><img src=\"http://192.168.87.128/images/upload/2/10/c362e928-fb5d-4812-8b5d-ee0029eff27c.png\" style=\"max-width: 100%;\" class=\"w-e-selected\" width=\"650\" height=\"388\"></p><p><br></p><p><b>撒打官司大公司的</b>傻大个</p><p>啊是大公司的<br></p><p><br></p>','2017-09-20 22:37:53',0,'yangtao'),('06362a530e8126e1',1,'无标题文章','<p>吃罢晚饭，正要收拾碗筷，楼下突然传来激烈的争吵声。仔细听听，原来是两口子准备离婚。为孩子，房子，车子和存款达不成最终分割的统一意见而大战马路。丝毫不顾及路人的眼光和哭的撕心裂肺的孩子。<br><br>　　 离婚，在这个物欲日益膨胀的社会，已经不是什么新鲜事。离婚的理由也是五花八门，只要婚姻中有一方，想要退出婚姻的围城，围城的墙壁上随时都可以找到一个可以钻出去的洞口。一个芝麻绿豆的事态，也会被人用心良苦的大肆宣扬，无限的扩大，直到另一方妥协，被吹大的肥皂泡泡才会破灭，才会息事宁人。<br><br>　　 无形的洪荒之力，把应有的责任心冲打的溃不成军，霓虹灯飘渺的光影下，一颗心越来越虚浮。忍耐的底线越来越高，包容的尺度越来越小，关怀的甜点越来越少。越来越多的与时俱进的学会了自私自利的享受，把自己高高在上的放在心中无可替代的位置。爱，成了一个人的独角戏，不再分享与共。<br><br>　　 庄严神圣的大红色结婚证书，渐渐的褪去了它的终身制和不可侵犯的尊严，变成了可以随意调换的商品，不再用“从一而终”的心态去呵护它，守卫它。闪婚，闪离，踏着快节奏的生活旋律，走着快节奏的步伐，新生代的名词在一闪过后，铺天盖地的流行起来。<br><br>　　 一只刚出炉的面包，在适宜的温度下有三天的寿命，若放在高温潮湿的地方，能隔夜不发霉，就很不错了。采摘下一只健康的苹果，在妥善的保存下要半年才能脱水干瘪或者是腐烂。若放在桌上置若罔闻，顶多采摘下来一个月，外观就让人不忍直视。它们寿命的长短，不在乎是否劣质，而是没有正确的，稳妥的，用心的去呵护。<br><br>　　 爱情也一样，需要妥善的保管才能让它的生命力发挥到极致。携手走入婚姻围城的俩个人，不管初遇时的心动多么激烈，若是不好好的用心供养爱情的玫瑰花园，保鲜期会提前，会在凋零之后发霉腐烂。不管贫富与否，爱情里从来不缺少浪漫，缺少的是把激情正确的转化为亲情的方向，让两颗心，不仅仅是你装着我，我装着你，还默契的装着我们对未来的打算和珍藏一路共有的记忆。<br><br>　　 婚姻，不是用来捆绑感情的，而是责任的升级。有感情的人不一定非要结婚，但结了婚就一定要负起责任。组建起这个家庭的男人和女人，不再是单纯的个体，而是既能自由活动又能互相约束的结合体。同在一个屋檐下，共同打造一个家，而这个“家”质量的好坏，能不能长久的使用，和遭遇风雨时能不能得到妥善的维护，是要两个人齐心协力去付出的。<br><br>　　 好的婚姻，都是用心经营出来的。一份呵护打造一份和谐，一份容忍收获一份安稳，一份付出得到一份明媚。经营的阳光和绚，鸟语花香的家，不管涉入尘世的心有多疲惫，迈进家门的那一刻，轻松宜人的氛围都会把心灵上的尘埃轻轻的拂去。一句暖心的话，一杯喜欢的茶，在日复一日的简单中，让纯真的感情愈发的浓厚。<br><br>　　 温暖心灵的不是暖气，拂去烦躁的不是空调，而是一份懂得与体贴。能够拴住一颗心的不是容貌与身材，也不是地位与身价，而是另一颗心的内涵。两情相悦，四壁透风的草房，也会被内在的幸福填满。家是心灵的港湾，是灵魂栖息的地方。不需要奢华，却一定要舒适。<br><br>　　 婚姻的灵魂是感情，一个没有好好维系感情的婚姻就是一个空壳，无论装潢多么的奢侈华丽，都会在风雨中不堪一击。每天，细腻的感受爱人的一颦一笑，适时的调节自己心情，转换自己的思想。用心的接受身边人的悲与欢，对与错的同时，也坦诚的对身边人敞开自己心扉，把自己的苦与乐，阴与晴用恰当的方式倾诉与爱人。<br><br>　　 交流，是让爱情长久不可或缺的方式之一。有些顾虑，说出来，心结会轻轻的打开。有些矛盾，说到明处，干戈就会化为玉帛。有些苦衷，说出来，紧蹙的眉头就会云淡风轻。爱人也是人，不会未卜先知，也不会能掐会算，有些话，不说，就失去了让TA懂得的机会。即便不懂，TA还可以问，你还可以解释。<br><br>　　 夫妻关系和任何一种关系都不一样。手足之情，朋友之情，都是真挚的，甚至我们可以拿命去换，可真的某天利益当头，还是会掂量下轻重，考虑一下是否可行。夫妻的利益不分孰重孰轻，一荣俱荣，一损俱损，没有彼此之分，没有胜败之说，确切的说，彼此之间的任何事态，都没有什么利益或是损失可以是单对某一方的。<br><br>　　 这样的两个人，没有理由不相互敞开心扉，掏出肺腑。在为事业打拼的空闲时，在烟熏火燎的罅隙里，背靠着背，对着一窗新月，把柔软的心敞开，听听爱人的心，也让爱人听听自己的心。用自己温柔的体贴缝补爱人闯荡在外留下的伤口，而自己在人际中的憋屈也让爱人用TA的细腻温情融化。<br><br>　　 最好的婚姻，不是郎才女貌，门当户对，而是无才无貌，门不当户不对的两个人，彼此在乎，彼此珍惜，彼此忍让，彼此奉献，因为心中真挚的爱，粗茶淡饭才会在唇齿间留香，粗布衣衫才能穿出眼中旖旎的风景。<br><br>　　 能够走进婚姻的殿堂，无外乎是一见倾心或是日久生情。只是那个当初怦然心动的人在柴米油盐中黯然了色彩。当青蛙王子天天为生活奔波的时候，他的帅气和体贴难免打些折扣；当白雪公主时时为生活操碎了心的时候，她的贤淑与温柔难免遗失些许。不要抱怨婚前与婚后的TA判若两人，能够改变对方的因素大部分是自己造成的。<br><img src=\"http://192.168.87.128/images/upload/3/4/0953fad4-ad59-4d24-9515-1c798a067fab.jpg\" style=\"max-width:100%;\"><br>　　 作为一个男人若能顶天立地的为爱人撑起一片晴空，用关怀和呵护让她无忧无虑如少女般生活在温馨的摇篮里，被爱情滋润的她会更加可爱，比婚前有过之而无不及。没有哪个女人愿意做怨妇，心情舒畅的女人会把锅碗瓢盆的协奏曲弹奏的很美妙，虽比不了天籁之音，却也能让人流连忘返。<br><br>　　 做为一个女人若能用一个贤妻良母的温婉为爱人解去后顾之忧，用体贴和善解人意让他能够放手自己的事业，被爱情浇灌的他会更加成熟稳重，用全身心去为家打拼。没有哪个男人愿意把家庭当作战场，温暖舒适的小窝会让他乐此不彼的为家人系上围裙，用一粥一饭诱惑爱人的味蕾，温暖爱人的心扉。<br><br>　　 生活的快节奏，社会的高强度压力，免不了会有心理上的压抑需要用发泄来缓解。而发泄的方式有很多种，有人酗酒，有人玩命工作，有人大发雷霆，喋喋不休的抱怨，只有少数明智的人，才会对着爱人，娓娓道出自己的感觉。甘苦与共的另一半，也有自己的独立的思想，有时候TA会无法接受你的缓解的方式。勺子碰到锅沿时，恰当的退一步，给枕边人一份包容，一份体谅和一分钟的解释。<br><br>　　 细腻的爱情会擦去在尘世中跋涉而蒙尘的心，会修复在风吹雨打中道道伤痕，会营养在外应酬疲惫而枯燥的心。好的爱情是婚姻的润滑剂，在不断的注入下，婚姻会永远的和谐美好。“百年修得同船渡，千年修得共枕眠。”虽然我不相信前世来生的说法，相信人只是个一次性的肉体，用完之后，就会回归自然的垃圾场。但在千千万万的人之中，能够遇见真的不容易，应该用生命珍惜这份来之不易的缘分。<br><br>　　 两个人在一起，同在一个屋檐下，并驾齐驱，没有高低贵贱之分，没有聪明笨傻之分。在日久的相濡以沫里，习惯慢慢融合，性格慢慢互补，爱的激情慢慢升华成血脉相连的亲情。爱与情，不仅仅是左手牵右手的浪漫，更是息息相通的心与肺；不仅仅是心甘情愿的做另一半的拐杖，更愿意做TA的眼，TA的嘴，TA的一切的一切……</p>','2017-09-20 22:37:53',0,'jiangjiannan'),('0a07eb6b365f39fe',10,'嫂子，这辈子我欠你的','<p><img src=\"http://192.168.87.128/images/upload/6/5/c1b0cb91-9067-4ba5-bef1-c6ad1b3ffb42.jpg\" style=\"max-width:100%;\"></p><p>相依为命。日子虽然过得艰辛，却因有了哥哥的关爱，我度过了快乐的童年。没想到，十二岁那年，一场矿难又夺走了我唯一的亲人，哥哥也撇下了我。那时候，嫂子刚刚嫁到我家。<br><br>　　没过多久，就有人给嫂子说媒，对方是一个死了老婆的屠夫，家境不错，人也结实。嫂子问了一句，“带着小明行吗？”那个穿红戴绿的媒婆便再也没有登门。此后，又有几家相继来说媒，嫂子始终只有一个要求，带着小明可以，不然就不行。<br><br>　　嫂子是殷实人家的女儿，当初嫁给大哥时，遭到了家人的竭力反对，甚至要和她断绝关系，可是嫂子仍然嫁了过来，她看重的是大哥的人品。<br><br>　　大哥去世后，嫂子没少受娘家人的奚落，逼她早日改嫁，她那蛮横的弟弟甚至扬言要烧了我们的房子。嫂子还是那句话，“改嫁可以，必须带上小明。”尽管嫂子美丽贤慧，但谁家又愿意她拖着个累赘嫁过去？她的家人气得直跺脚，再也很少来往。<br><br>　　嫂子在一家制衣厂上班，一个月才一百多块，有时厂里效益不好，还用积压的劣质服装充作工资。那时，我正念初中，每个月至少得用三四十块。嫂子从来不等我开口要钱，总是主动问我，“小明，没钱用了吧？”一边说一边把钱往我衣袋里塞，“省着点花，但该花的时候不能省，正长身体，多打点饭吃。”<br><br>　　我有一个专用笔记本，上面记载着嫂子每次给我的钱，日期和数目都一清二楚。我想，等我长大挣钱了，一定要好好报答嫂子的养育之恩。<br><br>　　中考之前，我对嫂子说，“嫂子，我报考了中专，可以早一点出来工作。”嫂子一听，愤怒地看着我，“你怎么能这样，你将来要考大学的。不行，得给我改过来。”第二天，嫂子不由分说地拉着我去找老师，硬是将志愿改了过来。<br><br>　　我顺利地考上了县里的重点高中，嫂子得知消息，做了丰盛的晚餐庆贺，“小明，好好读书，给嫂子争口气。”嫂子说得很轻松，我听得很沉重。<br><br>　　第二天，嫂子是红肿着眼睛回来的。我问她怎么了？嫂子沙哑地说了声，没事儿，刚才让沙子撞进眼睛里了。说完赶紧去打水洗脸。第三天她弟弟过来嘲讽她，我才知道，嫂子是为了给我筹集学费，去向娘家借钱，被娘家人赶了出来。<br><br>　　看着嫂子还有些浮肿的眼睛，我说，“嫂子，我不念书了，现在文凭也不那么重要，很多工厂对学历没什么要求……”还没等我把话说完，嫂子一巴掌打了过来，“不读也得读，难道像你哥一样去采矿呀！”嫂子朝我大声吼道。嫂子一直是个温和的人，那是我第一次见她发火。<br><br>　　那段时间，嫂子总是回来很晚，每次回来都拎着一个大编织袋，疲惫不堪。我问她袋子里装的什么，嫂子始终不给我看。有一天晚上到同学家取书，远远的看见路灯下蹲着一个熟悉的身影，面前铺着一块白布，上面摆满了鞋袜、针头线脑什么的。是嫂子。<br><br>　　我没有走过去“揭穿”嫂子，远远的看着她时而躬着身和别人讨价还价，时而把零碎的钱理了又理。昏暗的灯光下，嫂子的眼睛里闪烁着希望的光芒。<br><br>　　十一点半，嫂子才提着编织袋回来，大口大口喘着粗气，一脸疲惫，却绽满笑容。看见我坐在桌前温书，走过来摸摸我的头，“小明，饿了吧？嫂子做饭给你吃。”我背对着她点点头，不让她看见我眼里盈满的泪。<br><br>　　那天晚上，嫂子晕倒在了厨房里。我听见轰隆一声之后冲进厨房，她侧躺在地上，脸色苍白。我赶紧将她背往医院。<br><br>　　医生说嫂子是因为营养不良引起贫血，加上劳累过度才导致晕厥。我要在医院照顾她，被嫂子轰了出来，“快回家温习功课，就要开学了，高一是很关键的一年。”<br><br>　　嫂子住了一天院就回家了，脸色仍然苍白。但她照常上班，晚上依然拎着那只编织袋去摆地摊。我实在忍不住，跑过去一把将编织袋夺了下来。嫂子似乎知道我发现了她的秘密，微笑着对我说，“小明，还差一点，再挣些就够了。”说完轻柔地从我手里拿过编织袋，斜着肩膀走进夜色。<br><br>　　靠嫂子每晚几块几毛地挣，是远远不够支付学费的。嫂子向厂里哀求着预支了三个月的工资，还是差一点，她又去血站卖血。嫂子本来就贫血，抽到300cc的时候，护士实在看不下去，才自作主张地拔了针头。这些嫂子都不曾说，后来那位护士（我同学的姐姐）说的。<br><br>　　嫂子亲自把我送到学校，办理了入学手续，又到宿舍给我铺床叠被，忙里忙外。她走后，有同学说，“你妈对你真好！”我心里涌过一丝酸楚，“那不是我妈，是我嫂子。”同学们吁嘘不已，有人窃语，“这么老的嫂子？”我狠狠地瞪了他一眼。<br><br>　　家离学校很远，每个月我才回去一次。每次回去，嫂子都会准备丰盛的饭菜招待我。临走时还做好多的菜，装在透明的玻璃瓶里，告诉我哪些要先吃，哪些可以后吃。每次都是看着客车走远，嫂子才放下挥动的手。而每次回家，都发现嫂子又比上次苍老了许多。<br><br>　　发现她头上竟然有了白发时，我念高二。为了供我上学，嫂子不光在外面摆地摊，还到纸箱厂联系了糊纸盒的业务，收摊回来或者遇上雨天不能外出摆地摊，她就坐在灯下糊纸盒。糊一个纸盒四分钱，材料是纸箱厂提供的。那次回家，看见她在灯光下一丝不苟地糊着，我说，“嫂子，我来帮你糊吧！”嫂子抬起头望了我一眼，额头上的皱纹像冬天的老树皮一样，一褶一褶的。失去光泽的黑发间，赫然有几根银丝参差着，那么醒目，像几把尖刀，锋利地插在我的心上。嫂子笑了笑，“不用了，你去温书吧，明年就高三了，加紧冲刺，给我争口气。”我使劲地点头，转过身，眼泪像潮水一样汹涌。嫂子，您才二十六岁啊！<br><br>　　想起嫂子刚嫁给大哥的时候，是那么年轻，光滑的脸上白里透红，一头乌黑的秀发挽起，就像电视里、挂历上的明星。我跑进屋里，趴在桌上任凭自己的眼泪扑簌簌直落。哭完，我拼命地看书、解题，我告诉自己即使不为自己，也要为嫂子好好读书。<br><br>　　我以全县文科状元的成绩考入了一所名牌大学。收到录取通知书的那天，嫂子买了很大的一卷鞭炮，长长的一溜铺在地上，像条红色的火龙。嫂子点燃一支香，递给我，“小明，你去点鞭炮吧！”我接过香，就像接过嫂子所有的期盼和祝福。噼哩叭啦的鞭炮声引来了四乡八邻的人们。<br><br>　　那天，嫂子的爹娘还有弟弟也来了，站在人群中。嫂子看见他们，走了过去，扑在她母亲肩上，失声痛哭。晚上，五个人围着一张桌吃饭。她弟弟拍拍我的肩膀说，“小明，你真该好好读书。”<br><br>　　我挨个敬了嫂子的家人，真诚地感谢他们给了我一个好嫂子。最后敬的是嫂子，她站起身，笑着说，“小明，一家人，就不要跟我客气了！”<br><br>　　大学里的生活和学习比在高中轻松得多，每年我都以优异的成绩获得学校的助学金。而且，还有许多课余时间去打工，半工半读，基本不需要家里的钱。嫂子却仍然每个月寄钱给我，要我吃饱穿暖，注意身体。某一天我对着那个记载着嫂子每次给钱的笔记本时，突然恨起自己来。嫂子给予我的，岂是一个笔记本可以记载？我狠狠地扇了自己一耳光，将笔记本撕得粉碎。<br><br>　　大三没念完，我就被一家IT公司特招了。我将消息电告嫂子时，她激动不已，在电话那头哽咽着，“这下好了，这下好了，嫂子也不用为你操心了。你哥也可以安息了。”<br><br>　　我突然迸出一句话来，“嫂子，等我毕业了，回来照顾你！”嫂子听完，在那边扑哧笑出了声，“小明，你说什么混帐话呢！将来好好工作，争取给嫂子讨个弟媳。”我倔强地说，“不，我要照顾你。”嫂子挂断了电话。<br><br>　　终于毕业了，我拿着公司预付的薪水兴高采烈地回到家里时，嫂子已经备好了饭菜，只等我回来。饭桌上，坐着一个四十多岁的男人。看见我回来，嫂子说，“小明，快叫张大哥。嫂子以后就去跟他过了。”那个男人站起来，和我握手，一边啧啧地说，“真不简单，大学生呢！”我和他只握了两秒钟，就跑到房间里去了。<br><br>　　那天晚上，我没有吃饭。躺在床上一遍遍地在心里问，“嫂子，为什么，为什么不给我照顾你的机会？”<br><br>　　没过多久，嫂子和那个姓张的男人就结了婚。我去了，喝了很多酒。嫂子也喝了不少，隐约听见她对别人说，“看，这就是我弟弟小明，名牌学校的大学生呢！”言语之间充满了自豪。<br><br>　　后来，因为工作繁忙，我不能时常回家，只将每个月的工资大半寄给嫂子，可每次嫂子都如数退回。她说，“小明，嫂子老都老了，又不花费什么，倒是你，该攒点钱成家立业才对。”还时不时给我寄来家乡的土特产，说，“小明，好好工作，早些成家立业，等嫂子老了的时候，就到你那里去住些日子，到时可别不认得老嫂子啊！”<br><br>　　我的眼泪就像洪水一样泛滥开来，我亲爱的嫂子，弟弟怎么可能忘记您？！</p>','2017-09-20 22:37:53',0,'jiangjiannan'),('0e02b2a6e67d27a4',7,'回忆里的那个人','<p><img src=\"http://192.168.87.128/images/upload/1/5/83882f42-f729-4073-862d-6ab29ffafe10.jpg\" style=\"max-width:100%;\"></p><p> 都说每一个人的生命里都会有那么一个人，他并不是你炙热的初恋，也不是与你度过余生的伴侣，可在你心中的某个角落里，始终有他最真实的存在。<br><br>　　 很多时候，我们都无法掌控自己的命运，很多时候，并不是努力就能心想事成，有些人，并不是出现了就会永远停留。当时间让我明白了错过终究成了一生的过错是，我微笑着哭了。如果当时的年少无知会让我如此遗憾，我想时光倒流，在岁月里静静的眺望你。都说好了伤疤忘了痛，可我的伤疤好了，疼痛却依然存在。青春就想一个染色板，有时五彩缤纷，有时苍白空虚，有时灰如尘土，我也曾不止一次的想要忘记那些回忆，想要走上新的道路，想要路过新的风景，可是每一次都需要倘大的勇气。<br><br>　　 时间的齿轮不停地运转着，一分一秒的勾勒出了年华的轮廓，好像沉睡了很久很久的记忆被突然惊醒般，曾经说好的再见，多少人擦过肩，却成了擦不掉的想念。从最初的相遇相知，我们用生命演绎着这场戏，那时的我们脸上写满了认真，也从未有过的畏惧，无论友情还是爱情，我们都曾真挚的追求过，有失落，有欢乐。我不知道在你的生命力我是否认真的存在过，可我生命最美丽的风景就是遇见你，在我失望的时候，有你的鼓励；在我难过的时候，有你的安慰；在我累了的时候，你的肩膀是我最大的依靠。我不知道你是以怎样的形式出现在我的生命，我只知道从你闯入我生活的那一刻起，我的记忆里有了抹不掉的珍贵。<br><br>　　 我记得你曾对我说过，也许有一天，我们会让生活折磨的麻木不仁，但当我们走过了欢笑，泪水，孤独和彷徨之后，便会发现：还有这样一份永恒的感情，叫我们明白，想念是幸福的。这一生，我固执的以自己的方式存在着，并渴望与自己同行的人，也按照这种方式来演绎生活的节奏。我也曾任性的以为，那些身边的关心是理所当然的，是啊，这一生，又有谁会没有任何理由的理所当然的对一个人好呢。可即便如此，我们还是没有好好的珍惜，直到一切远逝的时候，恍惚中发现一切都已无力挽回，我们只能眼睁睁的看着，用最初的姿态目送着。<br><br>　　 当有一天，我翻开抽屉泛黄的日记，在回首那段时光时，我终于明白，自始至终，我们都只是太过倔强，倔强的不曾给过彼此一个机会，一个解释的机会，一个道别的机会。如今，我们都以最独特的方式存在于彼此的生命中，一如既往的问候，只是少了最初的亲切，或许是值得庆幸的吧，至少不是形同陌路。有时我也会想，是这讨厌的岁月带走了我们的童真时代，可我们都明白，过去的永远过去了，只是我们贪婪的想要抓住它。<br><br>　　 在有限的生命里，我们遇到的人不计其数，但是能让我们念念不忘的，终究还是太少，更何况是一生的守候。然而，在这有限的生命里，我们还是错过了太多的精彩与不精彩。<br><br>　　 有没有在某一个瞬间，在你抬头微笑的那一刻，你的脑海中会浮现一个人，用最肯定的眼神看着你，用最温暖的笑容问候你，用最清晰的过往陪伴你，如果有，那么，请放下你的骄傲和倔强，好好珍惜，不要让错误演变为一生的悲哀。<br><br>　　 记忆更迭，谁苍白了谁的回忆，谁无悔着谁的执着。回忆里的那个人，感谢你以不一样的姿态，和我注视着同一个地方。</p>','2017-09-20 22:37:53',0,'xiexiao'),('1549ce2e61ff839d',1,'笑看风云变幻，独享人生情味','<p><img src=\"http://192.168.87.128/images/upload/0/14/60c89df1-2ded-47ee-badc-3041dbc8ee07.jpg\" style=\"max-width:100%;\"></p><p>落英在暮春中凋零，来年又将灿烂一片；黄叶在秋风瑟瑟里飘落，春天又会再次焕发出勃勃生机。人生自是有得失无常，风云变幻莫测，又怎敌得过岁月的沉淀？\n<br>\n<br>　　青藤攀附树枝，爬上了寒松顶；白云疏淡洁白，出没于天空之中。世间万物本来清闲，只是人们自己在喧闹处忙碌，无暇品味人生的情味儿。富贵温柔香亦宛如浮云一抹，又怎比得上寻常百姓家这般踏实自在、淳朴无华？\n<br>\n<br>　　林清玄曾说：“以平常心生情味，以柔软心除挂碍。”是啊，过生活也就应该以平常心对待！平常心，是一种最为真实的生活感受，而以柔软心对待世事，也必定颇有一番趣味。\n<br>\n<br>　　喜欢那句：宠辱不惊，闲看庭前花开花落；去留无意，漫随天外云卷云舒。生命如舟，生活如舟，生命之舟载不动太多的得失计较，要想使之在抵达彼岸时不在途中搁浅或者沉没，就不得不减轻载重，只取所需之物。欲望名声于我如浮云，太过的追求，只会换得自己的身心俱疲。\n<br>\n<br>　　辟一方净土诗意栖居，我在自己的人生旅途中独自漫步前行。独自体味着“旷然无忧患，寂然无思虑”的寻常生活味儿。虽是布衣淡饭，却可乐终生；虽然是带月荷锄，心中却自有一片桃花源。\n<br>\n<br>　　一个人，心若是像明月一样皎洁，像天空一样淡泊，自然会有着更为精彩的生活体验。十三岁的李叔同就能写出“人生犹似西山月，富贵终如草上霜”的诗句，堪叹堪赞，禅意十足。而他自己也真正视名利如浮云，飘然出家。宝马雕车气场十足，又怎么能和娴雅自在的人生态度相比拟的呢？不是不能比，是根本就比不上。\n<br>\n<br>　　匆匆光阴如同一场梦，梦里梦外我们经历着各自的人生，似曾相识，却又是那么的与众不同。能够迎来今天的我们，又有什么理由不去珍惜时光呢？淡泊明志，宁静致远，生命是一种过程，不要把目的看得太过重要，那样你会错失了人生的美妙过程。\n<br>\n<br>　　人的一生啊，好似风云变幻的天空。一时阳光灿烂，白云飘忽，彩虹飞架；一时乌云密布，电闪雷鸣，狂风暴雨。晴天有晴天的灿烂，但它可能会让你狂热不已；风雨有风雨的恐怖，但它可能会让你切身清凉。而在人海漂泊的我们却不能够因为热而忘记了晴天的灿烂，也不能够因为恐怖而立刻否定了风雨的清凉。\n<br>\n<br>　　在这世上啊，该相遇的，终会相遇；想离散的，总会离散。笑看沧海亦成尘，鱼和熊掌二者不可得兼，有些东西，如果不是我们应该拥有的，我们就应该学着放弃。俗话说拿得起，也要放得下；反过来说，放得下，才能拿得起。不必为得到的东西而去沾沾自喜，因为你在得到的同时，也在悄悄的失去，时间或是情感；亦不必为已经失去的而感到哀惋叹息，因为你在失去它们的同时也在收获，教训或是警醒。而这些点点滴滴的流年印记却是你人生中的宝贵的财富，时间会记得，而你更应该学着珍惜。\n<br>\n<br>　　“天空不留下鸟的痕迹，但我已经飞过。”泰戈尔曾在《飞鸟集》中这么写到。呵！我们的人生又何尝不需要这样的态度呢？见识了人生百态，品尝了人间百味，积累丰富的阅历和诸多的感慨之后，或是选择娴雅生活，或是用于指点后人，这又何尝不是一种幸福呢？\n<br>\n<br>　　不要总是幻想着生活总是那么圆满，也不要总是幻想着在生活的四季中享受着所有的春天。人生，就是要跋涉沟沟壑壑，品尝着各种苦涩和无奈，不断地经历着挫折与失意。\n<br>\n<br>　　“命里有时终须有，命里无时莫强求”。时光中，我们走过了一个又一个的年年岁岁，而，不论是走进还是走出，这一路的风景啊都真真实实地在诠释着我们独一无二的人生年华。再回首，经年的栅栏早已经长满了岁月的荒草，却始终没有让心蒙尘，那些流年的印记，那些牵挂和期许，一如往昔，温婉了一个人的漫漫人生路。\n<br>\n<br>　　艰难险阻是人生对你另一种形式的馈赠，困难重重也是对你意志的磨砺和考验。我曾经在踽踽独行中，望见了岁月的帘。落英在暮春里凋零，而来年又将是灿烂一片；黄叶在秋风瑟瑟里扑棱棱地零落，而又年春来时依旧会吐露着勃勃生机。烟柳画桥，忧愁岁月，生活啊，不断地磨砺我们，磨砺出我们该有的姿态和底蕴，只是这静好旅程中，早已经被时光镀上了一层层沉沉的沧桑感……\n<br>\n<br>　　可惜流年不尽人自老，不思量，自难忘。太多的别离重搅了心绪，那些独自飘零的日子，终究还是躲不掉。倘若人生当真若只如初见，该有多好！终是离愁又来，沉思、不语、轻叹……\n<br>\n<br>　　自然而然的就想到了那首最爱听的《潇洒走一回》的歌曲，复杂的情绪，和着时间流云，一再让过往变得清晰。\n<br>\n<br>　　红尘呀滚滚\n<br>\n<br>　　痴痴呀情深\n<br>\n<br>　　聚散终有时\n<br>\n<br>　　留一半清醒留一半醉\n<br>\n<br>　　至少梦里有你追随\n<br>\n<br>　　我拿青春赌明天\n<br>\n<br>　　你用真情换此生\n<br>\n<br>　　岁月不知人间多少的忧伤\n<br>\n<br>　　何不潇洒走一回？\n<br>\n<br>　　有些事啊，记得就好，不必深究。有些路啊，终究只能独自一人去走，谁都帮不了你。\n<br>\n<br>　　卢森堡说：“不管怎样的事情，都请安静地享受吧！这是人生。我们要依样的地接受人生，勇敢地、大胆地，而且永远笑着。”呵！我当然明白，再平常的日子啊也有平常人的活法，得意不自持，失意不自失。坦然地迎接风雨就够了，微笑着去唱生活的歌谣！\n<br>\n<br>　　品味生活，和品一杯茗茶颇有相似之处，只是夹杂了涩涩的苦，品味久了便会愈发地觉得浓郁醇厚。或许，这才是叫做真真正正的过生活吧！品了油盐酱醋茶，懂了人生别离情，在潮起潮落之后选择了静静看细水长流。经历过诸多人性的苍凉和命运的颠沛流离之后，已不再需要太过的执着，唯独却深爱着这平淡无奇的生活。生命的山山水水，生活的点点滴滴，因有着真情而渐渐变得丰盈，因有着时间的悄然沉淀，而更加显现出它精彩的韵味。\n<br>\n<br>　　笑看世间风云变幻，独享悠悠人生情味儿，过生活，说人情，不亦快哉！</p>','2017-09-20 22:37:53',0,'20171892'),('155af3b42556dca4',2,'遇见这回事','<p>“如何让你遇见我，在我最美丽的时刻……”<br><br>　　在你最美丽的时候，你遇见了谁？是否因为一个眼神，遇见了望断天涯路的那人，是否因为一次驻足，遇见了轮回千百世的那人，是否因为一首回眸，遇见了期待已许久的那人，……<br><br>　　遇见是一件奇怪的事。<br><br>　　遇见有些人，在风尘仆仆里的一次对视，没有言语，没有情节，没有对错，遇见了，忘记了。<br><br>　　遇见有些人，还是那样的对视，那样的时间，那样的路口，却驻留在了心里，一时，亦或一生。<br><br>　　人与人之间的感觉就是这般微妙，每天我们都有机会遇见一些人，有的擦肩而过，有的缱绻一世。<br><br>　　我想，遇见这回事是不是那位叫做月老的神仙，无聊之余整出的一场游戏，牵牵红绳吧，日子这般无趣，抬手于滚滚红尘一顿乱点。<br><br>　　于是，我遇见了你，你遇见了他，他却遇见了她。<br><br>　　遇见了一个心心相印的人，真的不容易。因为有时候，这个世界很大很大，大到我们一辈子都没有机会遇见。<br><br>　　于千万人之中，遇见你要遇见的那人。于千万年之中，没有早一步，也没有晚一步。<br><br>　　遇见的时候，轻轻地说一句：“喔，原来你也在这里！”<br><br>　　有时候，一些人与我们擦肩了，却来不及遇见；遇见了，却来不及相识；相识了，却来不及相知；相知了，却来不及相爱；相爱了，却还是要说再见。<br><br>　　所以，遇见的时候，请珍惜。哪怕，最后的结局不是执子之手，与子偕老，也真心的微笑，优雅的转身，用赤诚一片收藏那份回忆。<br><img src=\"http://192.168.87.128/images/upload/10/6/9c7ad923-64f3-4c7e-b37c-c6f5ee85a956.jpg\" style=\"max-width:100%;\"><br>　　生命这场奇异的时空旅行，遇见谁都是一个美丽的意外。<br><br>　　遇见，只待一瞬，便刻下烙印。或美丽，或忧伤，或繁华，或凋零，或绽放，或昏黄……<br><br>　　遇见，就是有缘。<br><br>　　因为遇见，才能并肩，纵然也有擦肩，不过是为了下一场遇见。<br><br>　　有缘有愿的人，走在了一起，无缘无愿的人，继续前行，继续遇见。<br><br>　　也许，转角就遇见那抹身影，也许，穷其一生，也再见不到。<br><br>　　人，总是在来来回回遇见，很久很久，直到迷失。突然驻足，追忆起第一次遇见。那样的场景，那样的距离，那一个人，就在身边的不远处，向你走来。<br><br>　　人生苦短，若能遇见，请好好珍惜，因为下辈子不一定能遇见。</p>','2017-09-20 22:37:53',0,'hucheng'),('169bf553b14b516b',3,'jiahids','<p>研究并发编程的时候，涉及到volatile，volatile又涉及到jvm内存模型，这是此前学习的知识，现在有些遗忘，作为复习又重新学习。由于研究尚浅，怕表达不清楚冒犯了原理，就不在这里说volatile原理和jvm内存模型了，一篇比较好讲解volatile关键自的博客可以作为参考：\n<br>Java并发编程：volatile关键字解析\n<br>\n<br>可以参考的书就是java届有名的：java编程思想\n<br>\n<br><img src=\"http://192.168.87.128/images/upload/0/13/66e68b1f-0b8a-4dea-af0f-91fc1e4e8481.png\" style=\"max-width:100%;\" class=\"\"><br>由于我是从synchronized关键字渗入高并发，本来想根据自己的理解做下记录，但是发现了一位前辈很好的总结，所以我这里转载，关于volatile与synchronized的区别：\n<br>\n<br>转自：http://www.cnblogs.com/tf-Y/p/5266710.html\n<br>\n<br>感谢博主分享！\n<br>\n<br>\n<br>1、锁提供了两种主要特性：互斥（mutual exclusion） 和可见性（visibility）。\n<br>\n<br>　　互斥即一次只允许一个线程持有某个特定的锁，因此可使用该特性实现对共享数据的协调访问协议，这样，一次就只有一个线程能够使用该共享数据。\n<br>\n<br>　　可见性要更加复杂一些，它必须确保释放锁之前对共享数据做出的更改对于随后获得该锁的另一个线程是可见的 —— 如果没有同步机制提供的这种可见性保证，线程看到的共享         变量可能是修改前的值或不一致的值，这将引发许多严重问题。（竞态条件）\n<br>\n<br>\n<br>2、在Java中,为了保证多线程读写数据时保证数据的一致性,可以采用两种方式：\n<br>\n<br>　 同步：如用synchronized关键字,或者使用锁对象\n<br>\n<br>　 使用volatile关键字：用一句话概括volatile,它能够使变量在值发生改变时能尽快地让其他线程知道。\n<br>\n<br>\n<br>3、volatile详解\n<br>\n<br>　 首先我们要先意识到有这样的现象,编译器为了加快程序运行的速度,对一些变量的写操作会先在寄存器或者是CPU缓存上进行,最后才写入内存.\n<br>    而在这个过程中,变量的新值对其他线程是不可见的.\n<br>\n<br>　 当对volatile标记的变量进行修改时，会将其他缓存中存储的修改前的变量清除，然后重新读取。这里从哪读取我并不明确，一般来说应该是先在进行修改的缓存A中修改为新值，然后通知其他缓存清除掉此变量，当其他缓存B中的线程读取此变量时，会向总线发送消息，这时存储新值的缓存A获取到消息，将新值穿给B。最后将新值写入内存。当变量需要更新时都是此步骤，volatile的作用是被其修饰的变量，每次更新时，都会刷新上述步骤。\n<br>\n<br>\n<br>4、volatile与synchronized\n<br>\n<br>1）volatile本质是在告诉jvm当前变量在寄存器中的值是不确定的,需要从主存中读取,synchronized则是锁定当前变量,只有当前线程可以访问该变量,其他线程被阻塞住.\n<br>2）volatile仅能使用在变量级别,synchronized则可以使用在变量,方法.\n<br>3）volatile仅能实现变量的修改可见性,而synchronized则可以保证变量的修改可见性和原子性.\n<br>\n<br>　　《Java编程思想》上说，定义long或double变量时，如果使用volatile关键字，就会获得（简单的赋值与返回操作）原子性\n<br>4）volatile不会造成线程的阻塞,而synchronized可能会造成线程的阻塞.\n<br>\n<br>\n<br>5、当一个域的值依赖于它之前的值时，volatile就无法工作了，如n=n+1,n++等。如果某个域的值受到其他域的值的限制，那么volatile也无法工作，如Range类的lower和upper边界，必须遵循lower&lt;=upper的限制。\n<br>\n<br>\n<br>6、使用volatile而不是synchronized的唯一安全的情况是类中只有一个可变的域</p>','2017-09-20 22:37:53',0,'maoyuanming'),('19ab5801f5c775ba',5,'我的拖延丢了你','<p> 每当电话铃响起，我的脑海立刻闪过一个念头：你找我了。尽管是一次次失望，但这个执念始终不灭。我相信你不会忘了我，我也相信我的真诚终会感动上苍，让我们重续友情。<br><br>　　 我很懊悔，是我弄丢了你。<br><br>　　 我们相识于一次社团的聚会，因为喜欢文字，我们成了无话不说的好友。你比我年长几岁，我总叫你“姐”。而你，也总像大姐姐一样关注着我，关心着我。我理所当然地享受着你的关照。只要有空，我们就腻在一起，一本《散文诗》，或者其他文学类的杂志，就可以让我们很满足地呆上一个节假日。那些日子，飘着诗，淌着情……。<br><br>　　 只是两年之后，因为工作关系，我离开了储存你我美好记忆的小城。从此，你我分隔两地，没有了一起抒怀畅聊的日子。更主要的，我到了新城市新岗位后，日子像陀螺般急速地转着，生活的快节奏让我搁下抒情的文字，也稀疏了你我共同的话题。<br><br>　　 很快，我又踏入婚姻的殿堂，有了温馨的家和可爱的宝宝。我的生活更是繁忙。而你，依然孤身一人在小城氤氲着小巧的梦。每次联系，你有太多太多想说的话，而我，却只给你程序式的问候和一丝飘摇的念想。我感觉到你的心在一点一点往下沉，可孩子在等着我，工作在等着我，我默默对你抱歉：有空再跟你聊。我给你的，总是匆匆，太匆匆。<br><br>　　 后来，你结婚了，但成了家庭主妇。我们的话题，彻底跟文字分道扬镳了。但你一如既往挂念我，关心我。你总不忘给我电话，关心一下我。直到发生那一场意外，你再也没给我电话了。<br><br>　　 这场意外其实就是很普通的按错号码。因为急事，我在匆忙打电话时两次失误按了你的电话。这连续的电话，竟牵动了你的神经，让你对我的关心在急促的铃声中急速膨胀。你急了，太多太多的牵挂蜂拥而上，于是，你一次又一次地回拨。但我忙于事务的处理，没接，直到暂告一段落，才去听你那永不放弃的电话。你的声音很急，俨然是家长，满满的担心。可我，或许是太累了，我懒懒地，甚至有点不耐烦地告诉你：我只是按错，我现在很忙。你沉默了，我感觉到你痛了，你冷了。我宽慰自己，有空再跟你好好叙叙。<br><br>　　 但在回家的路上，我把手机丢了，把你也丢了。其他同学、同事、朋友在后续的联系中，我都能补上号码。可你，再也没有给过我电话。<br><br>　　 如果没有那场按错号码的意外；如果平常的通话，我能多一点温情；如果我不把感情的表达一次次拖延；如果……。我相信，你会给我电话，会的。如今，你伤心了，对我失望了。<br><br>　　 如果你自成为家庭主妇后，能继续与外界联系；如果我们离别后，能在QQ聊；如果你没有搬家；如果……。我想，我会有更多的办法联系到你。<br><br>　　 只是，生活没有如果。丢失手机是偶然，丢失了你是必然！当彼此间有了空间距离，心与心的呼应也出现时间的偏差，两个人终会渐走渐远。尽管说，漫漫人生，难免有的走着走着就散了。但有些友情已深深烙在心底里，时光断不了思念的心，就像我和你。此刻，我想着你，相信你也忘不了我。<br><br>　　 你还安好吗？我的错，你会谅解吗？我把这些写出来，是希望不会有人步我后尘，既然是深深的友情，就不能把感情表达一次次拖延，要懂得且行且珍惜。我也希望你能看到这篇文章，知道我的心痕，给我一个音讯，别留我在流水般的日子里，独自懊悔……。</p><p><img src=\"http://192.168.87.128/images/upload/11/9/546cc084-f6b2-46cc-b235-8a15e00f15f7.jpg\" style=\"max-width:100%;\"></p>','2017-09-20 22:37:53',0,'wangqing'),('1cc8e29131125878',1,'对有些事，需要睁一只眼闭一只眼，这是智慧','<p>　对有些事，需要睁一只眼，闭一只眼，这是智慧；可是对有些事，不能睁一只，闭一只眼，这是原则。<br><br>　　遇见是两个人的事，分开却是一个人的决议；遇见是一个开端，分开却是为了遇见下一个分开。这是一个盛行分开的世界，但是我们都不擅长辞别。<br>　　———米兰·昆德拉<br><br>　　别人都在关注你飞得高不高、快不快时，只有他在关心你飞得累不累，这是朋友。别人关注你钱多钱少、官大官小时，只有她在关心你是胖了瘦了，那是母亲。<br>　　———《黑暗中的舞者》台词<br><br>　　男孩喜欢上了女孩，他向她表白，女孩回绝了，她说：我整整比你大一岁。男孩说：我一个月大时，你十三个月大。你是我的十三倍。我两个月时，你十四个月。你是我的七倍。我一岁时，你两岁，你是我的两倍。只需你愿意和我永远在一同，我们总在渐渐接近。<br>　　———美丽的情话<br><br>　　我问佛：如果遇到了可以爱的人，却又怕不能把握怎样办？佛曰：留人间多少爱，迎浮世千重变；和有情人，做快乐事，别问是劫是缘。<br>　　———患得患失，连眼前的快乐都会失去<br><br>　　任何一种环境或一个人，初次见面就预见到分手的隐痛时，你必定爱上他了。<br>　　———黄永玉《沿着塞纳河到翡冷翠》<br><br>　　要想得到别人的爱，首先要自己爱自己。因为，漂亮的女人像宝石，但是花有几日红，岁月不饶人。而智慧的女人像宝藏，男人愿意一辈子去挖掘。<br>　　———马云说女人<br><img src=\"http://192.168.87.128/images/upload/2/4/77fe055a-1164-49cb-a679-f18dcfc29dfb.jpg\" style=\"max-width:100%;\"><br>　　生命是厨房的；收入是商场的；奖金是化妆品的；财产是没有的；成绩是上司的；身体是男人的；只有雀斑和皱纹是自己的。<br>　　———女人的悲哀<br><br>　　一直对发型不满意的人有一个共同点：不肯承认这是脸的问题。<br>　　———活在自我欺骗中的人<br><br>　　励志有两种方法，一种是看别人成功，一种是看别人失败。<br>　　———这样“励志”<br><br>　　一个人的涵养，不在心平气和时，而是心浮气躁时；一个人的理性，不在风平浪静时，而是众声喧哗时；一个人的慈悲，不在居高临下时，而是人微言轻时；情侣间的尊重，不在闲情逸致时，而是观点相左时；夫妻间的恩爱，不在花前月下时，而是大难临头时。</p><p><br></p>','2017-09-20 22:37:53',0,'jiangjiannan'),('2e7878e5dfc425a5',2,'外出','<p>妻子秀真（林尚孝饰）遇上交通意外，舞台灯光师仁书\n海报和剧照\n海报和剧照(38张)\n（裴勇俊饰）离开工作岗位赶往医院。在手术室外的走廊上，他遇到了舒英（孙艺珍饰）。舒英的丈夫京浩（柳承修饰）也在同一部车上。\n秀真和京浩重伤昏迷，仁书和舒英在处理事故的过程中意识到了两人的关系非同一般。这对仁书和舒英来说比致命的车祸更难接受。爱变成了不解、愤怒、和背叛。他们谴责爱人的出轨，但也祈祷他们可以平安康复。与此同时，两人渐渐地被对方吸引。\n两人在医院附近的汽车旅馆里住了下来并一次次地碰面。在共同渡过了一段日子后他们堕入情网。虽然爱人的背叛使他们困惑，但现在他们处在了同样的情形下，感受到了同样的痛苦。就在此时，秀真苏醒了。仁书无法对哭泣流泪的妻子置之不理。看着仁书，舒英意识到该回到原来的生活了。于是，他们相约外出，只有他们两人，也许这是最后一次了。[2]</p><p>&nbsp;&nbsp;<img src=\"http://192.168.87.128/images/upload/10/2/732f30e5-8f33-4fff-b9ea-a6fbaa1899c4.jpg\" style=\"max-width: 100%;\"></p>','2017-09-20 22:37:53',0,'sunyizhen'),('3130ea57838fcab5',3,'小女人','<p><img src=\"http://192.168.87.128/images/upload/14/1/c2954727-9fe5-4431-9925-c0e1e860cfc4.jpg\" style=\"max-width: 100%;\" class=\"\" width=\"397\" height=\"530\"></p><p>　在信息时代，学习是不断地汲取新信息，获得事业进步的动力。作为一名青年学子更就应把学习作为持续工作用心性的重要途径。走上工作岗位后，我会用心响应单位号召，结合工作实际，不断学习理论、业务知识和社会知识，用先进的理论武装头脑，用精良的业务知识提升潜力，以广博的社会知识拓展视野。</p><p>只有将理论付诸于实践才能实现理论自身的价值，也只有将理论付诸于实践才能使理论得以检验。同样，一个人的价值也是透过实践活动来实现的，也只有透过实践才能锻炼人的品质，彰显人的意志。务必在实际的工作和生活中潜心体会，并自觉的进行这种主角的转换。</p>','2017-09-20 22:37:53',0,'duanxueqiang1'),('4a96fbc2d22d98ee',6,'生活里的那些心情感悟','<p>从今到往，原来这些年有这么多的感悟：<br><br>　　1。凡事不必苛求，来了就来了；凡事不必计较，过了就过了；遇事不要皱眉，笑了就笑了；结果不要强求，做了就对了；生活就是一种简单，心静了就平和了。<br><br>　　2。不用为谁轻易改变，也不要试图改变他人。前半句是因为不做自己终将很惨，后半句是因为你根本做不到。<br><br>　　3。梦，该醒了，天总是要黑，事情总是要过去…累了，休息一下，继续走……<br><br>　　4。 过去错过的缘分，已经在流年里消散；过去遇见的人，也是消了模样，能够想起来的，也只是一个代表回忆的符号，在烟雨中飘摇，最后或许连符号也渐渐消失，仅留下一片空白。一起走过的，一起笑过的，和花间灿烂的身影，全部被翻过的时间之册盖上，然后孤单地一个人上路，踽踽而行。风中逝去的呢喃，遗落在荒芜的记忆之外，本不想再回头，只是每每想起，终究阑珊了我的心绪。<br><br>　　5。 如果…<br><br>　　如果把脑海里关于你的记忆，都用一个点来表示的话<br><br>　　那我大概可以书写出，足以绵延到宇宙尽头<br><br>　　那么长的省略号，——可我遗漏了句号…<br><br>　　6。繁华尽处，寻一无人山谷，建一木制小屋，铺一青石小路，与你晨钟暮鼓，安之若素。<br><br>　　7。记忆是一张挂满风铃的卷帘，藏匿不了回味里一丝缱绻的痕迹。<br><br>　　8。择一城终老，遇一人白首！<br><br>　　9。许了伤悲，淡了流年<br><br>　　10。我想，是你给的爱不够多，无法温暖我，融化我的忧伤…<br><br>　　11。因为你，我懂得了成长，可你，依旧是我的伤。<br><br>　　12。在乎才会乱想，不在乎连想都不会想。<br><br>　　13。不乱于心，不困于情，不畏将来，不念过去，如此，安好。<br><br>　　14。当一个女人在你面前开始变得沉默，不再对你吼、对你闹、对你发脾气、管你这管你那时，你真的已经在她心里失去了那个不可或缺的地位了。纵使她还爱你，但是有些东西真的变了。纠缠、看似很烦，其实是最幸福的<br><br>　　15。问奶奶，是什么让他们维护一份感情长达60年，奶奶说那个年代什么东西坏了都会想要修，现在什么坏了都想着换。<br><br>　　16。当你确认ta的心不在你这儿了，你唯一的出路就是有尊严的离去。可悲的是你总误以为ta的心还在，然后你会做愚蠢的努力。千万别！<br><br>　　17。恋爱是想一个人的心，婚姻是拴一个人的心，爱情是吞一个人的心。<br><br>　　18。成长就是：渐渐温柔，克制，朴素，不怨不问不记，安静中渐渐体会生命盛大。<br><br>　　19。生病的时候有人陪，闷的时候有人说话，哭的时候有个肩膀，回家的时候有张笑脸面对，这就是我所需要的安全感。<br><br>　　20。我也十分爱过，可是走进婚姻，女人的角色就复杂了，在爱的同时，有了很多责任。她不可能再十分专注的爱一个人，她要从这十分爱中分出一分爱公公婆婆，又要从中分出一分来爱自己的父母，还要从中分一分来爱孩子。十分的爱经过婚姻的洗礼，就只剩下了七分。当另一份十分的爱袭击她的幸福时，她就无以抵挡……<br><br>　　21。当明天变成了今天成为了昨天，最后成为记忆里不再重要的某一天，我们突然发现自己在不知不觉中已被时间推着向前走，这不是静止火车里，与相邻列车交错时，仿佛自己在前进的错觉，而是我们真实的在成长，在这件事里成了另一个自己。-<br><br>　　22。小时候，希望自己快点长大，长大了，却发现遗失了童年；单身时，开始羡慕恋人的甜蜜，恋爱时，怀念单身时的自由。很多事物，没有得到时总觉得美好，得到之后才开始明白：我们得到的同时也是在失去。<br><br>　　23。喜欢一个人是一种感觉，不喜欢一个人却是事实。事实容易解释，感觉却难以言喻。<br><br>　　24。男人对女人的伤害，不一定是他爱上了别人，而是他在她有所期待的时候让她失望，在她脆弱的时候没有给她应有的安慰。<br><br>　　25。道歉并不总意味着你是错的，而对方是正确的。有时它只是意味着相对自我而言，你更珍惜你们之间的关系<br><br>　　26。我正在行走，却找不到方向……<br><br>　　27。我难过的是：低声下气，换来你的爱理不睬和漠不关心…<br><br>　　28。要替别人着想，但为自己而活。<br><br>　　29。举得起放得下的叫举重，举得起放不下的叫负重。可惜，大多数人的爱情，都是负重的。<br><br>　　30。爱情是灯，友情是影子，当灯灭了，你会发现你的周围都是影子。朋友，是在最后可以给你力量的人。<br><br>　　31。成熟不是人的心变老，是泪在打转还能微笑。<br><br>　　32。让世界拥有它的脚步，让我保有我的茧。当溃烂已极的心灵再不想作一丝一毫的思索时，就让我静静的回到我的茧内，以回忆为睡榻，以悲哀为覆被。这是我唯一的美丽。让懂的人懂。 让不懂的人不懂;让世界是世界，我甘心是我的茧。<br><br>　　33。家庭Family这个词意味著什么吗？家庭FAMILY是爸（Father）和（And）妈（Mother）、我 I 爱 Love 你 You 。“爱” 的中英文双解：Love爱=Listen倾听+Obligate感恩+Valued尊重+Excues宽恕。<br><br>　　34。睡眠是一中艺术，谁也别想挡住我追求艺术的脚步。<br><br>　　35。其实，有些人什么都懂，只是执迷不悟而已。<br><br>　　36。你的满不在乎 让我看到了自己的稀薄<br><br>　　37。人累了 可以好好的休息 但是心累了 该怎么休息呢？<br><br>　　38。听悲伤的歌，看幸福的戏。<br><br>　　39。真心离伤心最近。<br><br>　　40。所谓最难忘的，就是从来不曾想起，却永远也不会忘记。<br><br>　　41。等待你的关心，等到我关上了心。<br><br>　　42。不被理解的弱小只好一直坚强。<br><br>　　43。如花美眷，似水流年。回得了过去，回不了当初。<br><br>　　44。看着别人的故事，流着自己的眼泪。<br><br>　　45。幸福，就是找一个温暖的人过一辈子。<br><br>　　46。风空空洞洞地吹过。一年又这么过去。而来年，还要这么过去。我不知道是安稳的背后隐藏着沮丧，还是沮丧里终归有安稳。只是我们，无法找到。<br><br>　　47。我回过头去看自己成长的道路，一天一天地观望，我站在路边上，双手插在风衣的兜里看到无数的人群从我身边面无表情地走过，偶尔有人停下来对我微笑，灿若桃花。我知道这些停留下来的人终究会成为我生命中的温暖，看到他们，我会想起不离不弃。<br><br>　　48。这个城市没有草长莺飞的传说，它永远活在现实里面，快速的鼓点，匆忙的身影，麻木的眼神，虚假的笑容，而我正在被同化<br><br>　　49。谁是谁生命中的过客，谁是谁生命的转轮，前世的尘，今世的风，无穷无尽的哀伤的精魂。<br><br>　　50。云落泪了风会吹干它，风叹息又怎么安慰呢 ？<br><br>　　51。多深的感情，能经得起时间的见证？多深的爱恋，能锁住一个孤单的灵魂？多深的感恩，能固守一个虚无的家庭？多深的怜悯，能慰藉一颗漂泊不定的心？<br><br>　　52。一个人害怕孤独，两个人害怕辜负。<br><br>　　53。是你苍白了我的等待，讽刺了我的执着。<br><br>　　54。最疼的疼是原谅，最黑的黑是绝望。<br><br>　　55。碎了一地的诺言，拼凑不回的昨天。<br><br>　　56。微笑拥抱每一天，做像向日葵般温暖的女子<br><br>　　57。收拾起心情，继承走吧，错过花，你将收成雨，错过他，你才会碰到他。<br><br>　　58。想过去是杂念。想未来是妄想。最好把握当下时刻<br><br>　　59。我一个人躲在没有人可以伤害我的角落，幻想我的幸福，属于我一个人的幸福<br><br>　　60。时间太瘦，指缝太宽。<br><br>　　61。伤口是别人给予的耻辱，自己坚持的幻觉。<br><br>　　62。为什么在爱的时候，心也是孤独的。<br><br>　　63。我们的生活有太多无奈，我们无法改变，也无力去改变，更糟的是，我们失去了改变的想法…<br><br>　　64。一年老一年，一日没一日，一秋又一秋，一辈催一辈;一聚一离别，一喜一伤悲，一榻一身卧，一生一梦里<br><br>　　65。生活不是林黛玉，不会因为忧伤而风情万种<br><br>　　66。只想找一个在我失意时可以承受我的眼泪，在我快乐时，可以让我咬一口的肩膊。<br><br>　　67。我以为爱情可以克服一切，谁知道她有时毫无力量。我以为爱情可以填满人生的遗憾，然而，制造更多遗憾的，却偏偏是爱情。阴晴圆缺，在一段爱情中不断重演。换一个人，都不会天色常蓝。<br><br>　　68。爱情使人忘记时间，时间也使人忘记爱情。<br><br>　　69。总有一天我会从你身边默默地走开，不带任何声响。我错过了很多，我总是一个人难过。<br><br>　　70。躲在某一时间，想念一段时光的掌纹；躲在某一地点，想念一个站在来路也站在去路的，让我牵挂的人。<br><br>　　71。爱情原来是凄美的吞噬，但愿我的身体容得下你，永不分离。<br><br>　　72。甚么事情都会成为过去，我们是这样活过来的。<br><br>　　73。相逢，不是恨晚，便是恨早<br><br>　　74。雨季的心事朦胧，幻想着浪漫雨中，期待那瞬间回牟，却换来百般心痛，曾相信情有独钟，再回首梦已成空，偶然间目光相碰 才明白错在相逢。<br><br>　　75。爱你值不值得，其实你应该知道，爱就是不问值得不值得。<br><br>　　76。想你的时候，把你的名字写在手心。摊开的是思念，紧握的是幸福。<br><br>　　78。缘分依旧，而情已不再，我们再也回不去了！<br><br>　　79。因为爱过，所以慈悲；因为懂得，所以宽容。<br><br>　　80。因为爱过，所以慈悲；因为懂得，所以宽容。<br><br>　　81。爱情在动静之间：缘分在聚散之间。<br><br>　　82。180度的爱情，没有对白，没有过场，只有彼此相反的方向。<br><br>　　83。昨天，已拥有过幸福的梦境；今天，梦醒了，该放开；明天，梦想或许是幻想。对着天空，默默地埋葬之前的一切：“再见！”<br><br>　　84。仿佛还是昨天，已是昨天，却非常遥远！<br><br>　　85。我的脚步想去流浪，我的心却想靠岸，我的影子想去飞翔，我的人还在地上，我的笑容想去伪装，我的泪却想投降。我这样的人没有你想象中坚强，如果你寂寞的胸膛是我依靠的地方，我将在那里生活一辈子……<br><br>　　86。阳光洒满了整间房子，我的心却是那么的冷，眼睛里一直酸涩，里面的液体想出却又不敢出，就那样的转着。<br><br>　　87。窗外雨在下，自天而降，说是无根，但总归是有归宿的。心在流浪，飘的远近都会空空荡荡。飘泊是属于心的自由。<br><br>　　88。不要为痛苦再犹豫什么，该怎么做都是时间说了算。<br><br>　　89。逃避只不过是一种借口，因为心里依然有伤。你所做的只是成了淡忘的奴仆。幽怨和哀伤在这个时候依然是擅于表达的，只是你拒绝了倾诉对象。当然，逃避并不是谁都有资格说的那么无关痛痒的。<br><br>　　90。时间会慢慢沉淀，有些人会在你心底慢慢模糊。学会放手，你的幸福需要自己的成全。<br><br>　　91。有的人与人之间的相遇就像是流星，瞬间迸发出令人羡慕的火花，却注定只是匆匆而过。<br><br>　　92。有些的时候，正是为了爱才悄悄躲开。躲开的是身影，躲不开的却是那份默默的情怀。<br><br>　　93。如果，她在你面前笑，并不代表一切都好…… 如果，她在你面前哭，说明她是真的很难过…… 如果，你足够慷慨，给她安慰，她会打心里感激你，深深地……<br><br>　　94。这世上最累的事情，莫过于眼睁睁看着自己的心碎了，还得自己动手把它粘起来……<br><br>　　95。人生就像一场舞会，教会你最初舞步的人却未必能陪你走到散场……<br><br>　　96。爱情是场梦，可有些人却总睡过头……<br><br>　　97。昨天，我卖身给学业，所以今天我无所事事，而明天，我将嫁身于生计……<br><br>　　98。我们一直在寻找那种感觉，那种在寒冷的日子里，牵起一双温暖的手，踏实的向前走的感觉。<br><br>　　99。我总是轻易地忘记自己对自己的承诺，日复一日地对自己催眠……<br><br>　　100。红豆本是相思子，一寸相思一寸灰<br><br>　　101。要迎着晨光实干，不要面对晚霞幻想。<br><br>　　102。我们每个人都是单翼天使，只有互相拥抱才能飞翔。<br><br>　　103。懂得珍惜，才配拥有。<br><br>　　104。要做的事情总找得出时间和机会；不要做的事情总找的出藉口。<br><br>　　105。昨天是已知的，明天是未知的，只有今天才是需要珍惜和为之努力的。<br><br>　　106。真正的爱，应该超越生命的长度、心灵的宽度、灵魂的深度。<br><br>　　107。不坚持，痛苦会一直留下来；坚持下去，过程可能会辛苦一点，但完成以后，看到那个成果，再不会回想过程很辛苦，还会变成甜蜜的回忆。<br><br>　　108。到了今年，没有什么是一定要的。如果说有什么一定要的，那就是对自己好。<br><br>　　109。想象自己是竹蜻蜓， 只要张开双翅勇敢地迎着风去，便可以飞起来，自由地飞起来。<br><br>　　110。你相信男女之间能有真的友谊吗？那种平静、安定、完全可以互信互靠的友谊吗？我相信。因为惟有相信，才有可能。<br><br>　　111。生命只要好，不要长。<br><br>　　112。我在雪地上画了许多笑脸，可我却哭了。捏了个心形，我把它冰封在雪地下面。让冰雪深深掩埋……<br><br>　　113。摊开掌心对着天空，掌心里有阳光，那是我想你时莞尔的笑容；掌心里有雨滴，那是我思念你偶尔滴落的泪水……<br><br>　　114。或许真的是难以两全，但是我在以我自己的方法努力着。<br><br>　　115。当窗外的风雨来了，我们有房屋，当心中的风雨来了呢？<br><br>　　116。在什么都不确定的年代，我们总是相爱的太早，放弃的太快，轻易付出承诺，又不想等待结果。戒指，不再是一生一世的承诺，终生相守的誓言，却成了纪念伤感的烙印，就像有的人说过的：戒指好比爱情，戴在手上，也是戴在心上，伤在心上，便也伤在手上。不敢碰的，是那心里的伤，不愿摘的，是那难舍的爱。<br><br>　　117。前方无绝路，希望在转角。<br><br>　　118。逃避不一定躲得过，面对不一定最难过，孤单不一定不快乐，得到不一定能长久，失去不一定不再有，转身不一定最软弱。别急着说别无选择，别以为世上只有对与错，许多事情的答案，都不是只有一个，所以我们永远有路可以走。<br><br>　　119。体贴的心胜过最美的承诺……<br><br>　　120。我的世界我做主，我的梦想我追逐，我的明天我守护，我的永远是幸福。<br><br>　　121。甜蜜在梦幻的一瞬间，留下了城市的思念。<br><br>　　122。每次让泪水流回心底，去灌溉梦想开出奇迹。<br><br>　　123。为何鱼只用一种表情，就可以面对全世界？——为何我却不能只用一种表情，来面对全世界呢 ？<br><br>　　124。坚强是一个人最强有力的武器。只要内心里相信，总有一天，能够做到。<br><br>　　125。我开始不知道自己想要什么了。我既不开心也不难过。我把自己的情绪控制的恰到好处。我不知道在这样的套子下面是个什么样子。我让自己很压抑的。悲。喜。在时光面前任何事都不值一提。任谁。都是卑微且渺小的。<br><br>　　126。一个人沉浸在自己的世界里。不想谁来打扰，于是，养成一种习惯。<br><br>　　127。最怕空气突然安静，最怕朋友突然的关心。自己过的快乐或委屈，突然锋利的回忆。我们像一首最动人的歌曲。痛过后，留下最美丽的纪念品。我们，那么甜，那么美，那么相信。那么疯，那么热烈的曾经。<br><br>　　128。遗憾， 在欲言又止的话里<br><br>　　129。谁带我回到只有童话的日子里？<br><br>　　130。生活在童话里，离天堂更近……<br><br>　　131。要输就输给追求 要嫁就嫁给幸福。<br><br>　　132。我是由影子保护着的。<br><br>　　133。刻在记忆里的那个夏天，是我们一起在阳光下流下的泪水。<br><br>　　134。阳光温热，岁月静好，你还不来，我怎敢老去？<br><br>　　135。幸福，犹如掌心里的纹路，谁也不知道它的一头牵绊住了谁的脚步。<br><br>　　136。爱上文字里淡淡的忧伤、微疼。让我安心<br><br>　　137。努力了许久、结局依然是我一无所有<br><br>　　138。独守属于自己的一片晴空<br><br>　　139。有一天世界都变了 ， 别忘了天空原来的颜色<br><br>　　140。喜欢静静的呆着，听着风的声音。<br><br>　　141。有些难以启齿的柔弱，只能自己慢慢把握<br><br>　　142。花开花落，到最后还是只剩下我自己。<br><br>　　143。原来那些被珍贵地握在手中的暖，却是向时间借来的光<br><br>　　144。紧握在手里的幸福应该是简单而透明的<br><br>　　145。最美是过程，最难是相知，最渴望是结果，最苦是等待，最幸福是真爱，最怕是无情，最悔是错过，这就是爱情<br><br>　　146。永远不是一种距离，而是一种决定<br><br>　　147。迷宫般的城市，让人习惯看相同的景物，走相同的路线，到相同的目的地；习惯让人的生活不再变化。习惯让人有种莫名的安全感，却又有种莫名的寂寞。<br><br>　　148。一次小小的偶然，一个浅浅的微笑，一声温馨的话语，一份柔柔的的温情—这便是生活。<br><br>　　149。微风带走的，是不堪回首的昨天，岁月带不走的，却是长久的依恋…………<br><br>　　150。一路上有你们，陪我欢喜陪我忧 ，这份真挚的友谊 ，我会一辈子珍惜<br><br>　　151。我们一直在等待，但却不知道等待过后是什么？或许，我们在等的只是一个飘渺的幻想<br><br>　　152。伸出手，却永远无法触及的，徘徊在城市街角，停留在爱的边缘，那个蓝色的梦，在我手中<br><br>　　153。叶散的时候，你明白欢聚；花谢的时候，你明白青春<br><br>　　154。花开花谢。谁为谁心痛。人来人往。谁为谁停留。<br><br>　　155。回忆像一碗热汤 想念那么滚烫。只想要取暖 却狠狠被烫伤 。<br><br>　　156。不是故事的结局不够好，而是我们对故事的要求过多<br><br>　　157。时光暗淡，黑暗真的太冷，没理由能够撑到天亮。<br><br>　　158。我很好，不吵不闹不炫耀，不要委屈不要嘲笑，也不需要别人知道。<br><br>　　159。我们，没有翅膀，不会做天使般的飞翔，也做不了叶子，被风追逐，或是被树挽留，无根的漂迹在红尘，惹来一身尘埃，污了心情，招来伤心。<br><br>　　160。一个人只要不再想要，就什么都可以放下。<br><br>　　161。没有什么过不去，只是再也回不去。<br><br>　　162。离去，让事情变得简单，人们变得善良，像个孩子一样，我们重新开始。<br><br>　　163。我无法相信单纯的幸福，对人生的起伏悲喜，既坦然又不安。<br><br>　　164。蓝，无心而蓝，随心也蓝！<br><br>　　165。我们曾经追求过幸福，至少我们见过幸福的背影。<br><br>　　166。付出的时候，不要期待任何回报，否则一颗心老是牵挂着结果，反而更难有收获。<br><br>　　167。结束便将开始，失去既是拥有，不好也不坏，生有何哀，死又何哀<br><br>　　168。每个人都可以假装欢笑愤怒或悲伤，却无法控制眼神的深度……<br><br>　　169。人之所以不幸福，也可能是被自己耽误的<br><br>　　170。我的微笑温暖了别人，谁的微笑温暖了我呢？<br><br>　　171。漂泊不是一种不幸，而是一种资格。趁着没有家室拖累，趁着身体健康，此时不飘何时飘？当然，漂泊的不一定是身体，也许只是幻想和梦境。新世纪的时尚领袖是飘一代，渴望漂泊的人惟一不飘的是那颗心。<br><br>　　172。伤心和委屈的时候，要嚎啕大哭。哭完洗完脸，拍拍自己的脸，挤出一个微笑给自己看。不要揉，否则第二天早上会眼睛肿。<br><img src=\"http://192.168.87.128/images/upload/7/13/76f2e887-e7c8-4ef3-b394-be349a8eda17.jpg\" style=\"max-width:100%;\" class=\"\"><br>　　173。给自己一个远大的前程和目标。记得常常仰望天空。记住仰望天空的时候也看看脚下。<br><br>　　174。一样的青春，一样流失的岁月。不是童话，所以没有幸福的结局；不是电影，所以不能重现<br><br>　　175。我依旧是个热爱生活期待爱情的孩子。是的，我叫自己孩子。我承认自己有很多地方很幼稚，还有很多让人无法忍受的任性和放肆。可是我纵容自己，趁着还青春年少。<br><br>　　176。从失望，到绝望，并不需要太久，一秒，足矣。尤其，我是一个试图在冰冷里寻找温暖里女人。<br><br>　　177。不想再剖自己的心给大家看了。不想再用行为来证明自己的幼稚，不想再用语言来说明自己的痛苦，也不想再用任何文字来表达自己的心情。自己的心自己疼， 自己的身体自己照顾，自己的人自己珍惜，自己的感情自己收藏。<br><br>　　178。既然不能够洒脱地去爱，那就让我洒脱地不爱</p><p><br></p>','2017-09-20 22:37:53',0,'hucheng'),('4bc4bf6685593949',10,'一个工程师对流程管理的思考','<p>我平时很少写博客，我是个技术人员，一般来说技术人员的博客应该以技术为主，但同时我又是一个懒人，对于技术我喜欢“亲身体验”而不喜欢“写出来”，因为我觉得把技术对别人说清楚要比实现它更困难。实际上这段时间我都在看别人的博客，所以一直以来我只是个吃白食的:)</p><p><img src=\"http://192.168.87.128/images/upload/9/13/48105c71-f65f-43b3-85f7-cd238f3591f6.jpg\" style=\"max-width:100%;\"></p><p>为什么现在我要跨界谈一个偏重管理类的话题呢？因为过去经历的一些事促使我对项目的流程管理进行一些思考，并形成了自己的一套看法和逻辑，而我也很愿意将我的看法发表成文，不喜欢憋在脑海里太久。至于能得到多少认同倒是并不在意，我觉得一个人观念的形成源于他对事物本质的理解和认知，而这种理解和认知又同他过去的经历有关。在此通报一下我过去的工作经历，本人电气专业出身，在一家台资IC企业做过三年软件工程师，无任何工程管理上的学位和经验，所以题目定为“一个工程师的思考”以避免把话说太满。但我不认为一个话题出自一个非专业人士之口就得贴上“瞎BB”的标签，作为工程师的我好歹也是大工业时代整条生产链上的一颗“螺丝钉”，虽然项目流程不是我设计的，但身为一颗“螺丝钉”也有反馈一下的权利吧。何况我也不想洋洋万言写成精品，权当一家之言耳。\n<br>\n<br>流程管理在生产上已被奉行多年，但围绕它的争议仍不停歇。有些人喜欢它，认为流程提升了生产效率，有利于培养企业文化；有些人排斥它，认为它束手束脚，僵化死板。前者大多出自管理层，后者大多出自工程师，他们都是站在自己的立场看问题的，能不能统一起来看呢？我们到底需不需要流程？或者多大程度上接受它？在阐述我的逻辑之前，先从我对流程的认知说起。\n<br>\n<br>流程的本质是什么？我的理解是流程是一种介入机制和托管机制。“介入”是指生产环节上多大程度让外部势力参与和干预，主要表现为人员分工；“托管”是指存在一种自动化工具帮你简化一些步骤，表现为对工具的使用。它们的区别相当于载人飞船和无人飞船。当我们说“这个项目应该走个流程”实际上等价于“要让外部人员参与进来”以及“你该试试这个工具”这些同义语。\n<br>\n<br>让我们以开源项目Linux为例深入解释一下。在上世纪90年代初出现了Linux内核，是由芬兰21岁的大学生Linus Torvalds开发的，他先是写了一个多任务的终端仿真程序来连接modem，又写了一个磁盘驱动程序访问硬盘，再写了一个文件系统管理资源，后来又移植了bash和gcc，一个操作系统雏形就这样建立起来。在这个阶段都是Linus一个人DIY，并没有他人介入，顶多也就通过邮件同少量用户交流一些需求。而且当时工具也不太发达，他甚至不得不手动修改gcc源代码以实现内核自编译。不管怎么样，个人项目还是发布了。后来开始有人协助加入图形、网络各种服务和模块，再后来就演变成一项声势浩大的开源运动，连商业公司都参与进来开发各种发行版。这是Linus意识到自己必须放手，因为随着用户需求的增多，代码量膨胀，版本发布周期也在缩短，这也是为何Linus又发明了版本控制软件git；社区发展壮大导致成千上万开发者参与其中，不仅仅贡献代码，测试、写文档、打包、做网页、翻译、技术支持、售前售后……把整条生产线纳进来了。这么多人，这么多活，没有分工，没有秩序显然是行不通的，于是就像商业公司一样，开源项目也要建立一套好流程，以便外部人员顺利平滑地介入。\n<br>\n<br>上面提到的“介入”和“托管”两种机制，前者是参与分工，后者是工具使用，现在大多数开发者和管理层对工具使用都有某种共识，而且事实上实施很多年了。真正的分歧在于“介入”，这也是流程管理中最大的争议，因为工具是可以替换的，而一旦“介入”是不可逆转的，因为一旦介入，你很难把别人清退出去。何时介入，介入程度多深都会成为争议焦点。一个工程师在项目早期的构思建模阶段一般是不欢迎他人参与进来的，很多人说这会干扰他们的思路，顶多开放一些有限的口头交流，但想要往我的代码中提交pull request（以下简称PR），没门！这种情形不禁让人联想到家里养的母猫在小猫尚未睁眼之前不允许任何人触碰，就算自家主人也不行，不然就摆出一副凶巴巴要跟你拼命的架势（狗妈妈可能无所谓，这也是为何有的程序员性格更像猫而不是狗一样易于管教）。母猫的想法可能是这样的：1.这是我亲生的，凭什么让你碰？2.抚养的细节只有我最懂，兽医也不行。这同一些主观意识强烈的工程师心理如出一辙，这也解释了他们同别的工程师甚至管理层在流程问题上发生争执，说白了就是不想被介入。但随着小猫的成长，母猫终究还是会允许主人帮忙照料养育自己的孩子，以分担一些麻烦，如同工程师最终还是会与团队一同坐下来商谈软件打包发布等各种琐事，以及放开并回应来自社区提交的PR。\n<br>\n<br>如何看待流程早期介入的必要性？从工程师的角度看我更倾向于早期不介入为好，因为程序最初的构造是靠人的创造性思维，开发人员需要在脑海中（或纸上）精心构建一座模型大厦，这种思维具备某种独立性和连贯性，最不希望被打断或中途崩塌，否则情绪上无法接受。对项目主管来说，如果限定时间内一个人就能搞定的模块，就让他放手去做好了；如果是几个模块分工，就按照个人的专业水平安排各写各的好了；时间允许的话，最好不要几个人共写一个模块，除非结对编程。用Linus的话来说“从一开始就告诉自己这份工作只有你一个人负责，并且做好完成它的准备。如果你一开始就认为全世界的人们都会联合起来为你的项目工作，一起创造一个更美好的世界，那么你可能不会走得很远。”\n<br>\n<br>这里还有成员之间的信任问题，主管是否应该在背后监视每一行代码？这是值得讨论的，我还是引用Linus那句话：“不要试图控制别人和他们的代码。”有的主管提出代码质量的忧虑，但这引申出另外一个命题，如果代码质量可以衡量一个程序员个人能力，你担心开发过程中的质量，那当初何必把他招进来呢？如果代码质量真出了问题，那就是招聘时埋下的隐患了，作为管理层自身也有责任的。\n<br>\n<br>这里还要说一下，不介入不等于成员之间不交流不讨论了，不同意见的交换是有益的，但只是参考而不是强制性的，而且这种交流最好由工程师主动提出来，主管只负责调整项目进度。另外code review是十分必要的，但时间线最好授权给工程师自己把握，免得一个不成熟的构思匆忙提交下去一通review给提前定型了，何况开发人员在此期间还会私下里觉得不满还会推翻重来，搞得其他成员浪费时间白白折腾。当然我相信一个好的工程师也应该有良好的自觉性和自律性，在招人的时候成为考察重点，要胜过在开发过程中背后另外搞一套监控。\n<br>\n<br>以上讨论的主要是流程管理早期介入的问题，中后期的介入机制会比较复杂比较细节化，由于笔者经验水平所限不便多谈。个人觉得介入也需要同项目团队的规模匹配，根据现状和进度因势导利，逐步介入，而非开闸泄洪，一口一个胖子。另外不同公司的流程制度照搬要谨慎，如同协议那样，如果达不成共识而强行介入，反而对团队不利。\n<br>\n<br>下面谈谈托管机制，也就是工具的使用。其实比起介入没啥好谈的，因为无论是管理层还是工程师都认同工具在流程效率上的重要性，事实上早已使用很多年了。就我个人而言，版本控制用过perforce和git，项目管理用过redmine和trello，各有各的特色。工具也不限于软件，开发语言本身也是一种工具，比如一些高级语言实际上也提供了“托管”功能，帮程序员管理内存、实现并发之类的。工具的一个优势在于将一些重复低效的劳动从流程中剥离出来，简化为开发人员对工具的使用技能，比如面试官在招人时只需要问你会不会使用git而不会让你自己手动merge代码。另一个优势就是讲流程中的操作规范化、标准化，比如git的成功在于它借鉴了Unix的KISS原则设计了一套简单命令接口：clone、add、reset、rm、commit、checkout、push、pull等，这么几个命令足以满足全球最大开源项目Linux的日常代码托管需求了，难怪后来衍生出github、gitlab各种git家族都遵循同一套命令接口，如同达成默契的协议，你只要会用git，就可以在所有开源托管平台上来去自如，让流程简化效率提升。好的工具使得全球范围内的协作项目成为可能，事实也证明了Linux社区所取得的成功。\n<br>\n<br>与此同时我也思考过这两种机制之间的辩证关系，因为一个是“载人”的，一个是“无人”的，我曾怀疑过当管理工具日益强大时，来自外部势力的介入需求会否因而减少，也就是说介入和托管在流程管理中的比重是否是此消彼长的？如果是，这个世界的生产链条上人是否终将被工具取代呢？过剩的人力资源是否使得未来工程师失业呢？在现实世界中的确看到大量个人项目，只要凭借个人对工具技能的掌握，完全不需要外人介入就能完成整个项目流程。然而答案是否定的。因为托管工具仅仅是将低效重复的劳动从流程中剥离，并未满足全球科技行业日益增长的创造性需求。也许以前那些从事手工merge代码的专职人员因此失业，但从全局来看是好事，那就是将开发人员从日常繁杂事物中解放出来，投入到更激动人心的创造性活动中去。只要人的脑容量增长速率追不上人类社会发展出现的各种变动，市场仍需要更多工程师投身其中，协同参与。现实世界也并未印证这种担忧，开源项目的代码量和参与人数都在逐年上升中。\n<br>\n<br>如果你的团队在项目开发上进展不顺，不妨回过头来看看自己的流程管理，当初在人才选拔和介入机制上是否需要整改，亦或是换一个更先进的工具。</p><p><br></p>','2017-09-20 22:37:53',0,'20171894'),('533f1139a86cf2b8',4,'千千万万','<p>苦而不言，喜而不语，才是人生最高境界<br><br>时间：2015-11-04 19:43 来源：网络<br><br>苦而不言，喜而不语。<br><br>短短两句，包括了做人之最高境界。<br><br>为人收敛，不大惊小呼;<br><br>为人谦让，不傲慢自居。</p><p><br></p><p>&nbsp;&nbsp;&nbsp;&nbsp;&nbsp;&nbsp;&nbsp;&nbsp;&nbsp;&nbsp;&nbsp;&nbsp;&nbsp;&nbsp;&nbsp;&nbsp;&nbsp;&nbsp;&nbsp;&nbsp;&nbsp;&nbsp;&nbsp;&nbsp;&nbsp;&nbsp; <img src=\"http://www.ukanmi.com/uploads/allimg/151104/1-15110419435V23.jpg\" style=\"max-width: 100%;\" class=\"\" width=\"502\" height=\"372\"><br>苦而不言，喜而不语，才是人生最高境界<br><br>不少人受到伤害，悲苦不已,逢人便诉，泪涕涟涟，以博人之同情。<br><br>或许起初，人们会为你抱不平，是时日一久，不平已变为不屑，而你却不查，依然的喋喋不休，抱怨不已。<br><br>苦而不言，喜而不语，才是人生最高境界<br><br>这时在人们眼中，觉得竟是如此的不可思议，<br><br>苦不言是一种智慧.<br><br>人生在世，往往会因这样或那样的伤害而心痛不已。<br><br>累累伤痕是生命给你的最好礼物。<br><br>与其喋喋抱怨，不如静下深思，<br><br>流年似水，青春的灼痛终将沉淀为一种经历，<br><br>成为蕴藏在灵魂深处的暗夜精灵。<br><br>苦而不言，喜而不语，才是人生最高境界<br><br>与其苦形于色,<br><br>不如苦过之后，轻轻拭去眼角的残泪，<br><br>用灿烂的笑脸遮掩忧伤，将暗涌深藏。<br><br>正是这些刻骨铭心的痛让我们懂得了<br><br>珍惜生活，珍惜身边的人!<br><br>苦而不言，喜而不语，才是人生最高境界<br><br>喜而不语是一种豁达,</p><p><br></p><p>&nbsp; &nbsp; &nbsp; &nbsp; &nbsp; &nbsp; &nbsp; &nbsp; &nbsp; &nbsp;&nbsp;&nbsp;&nbsp; <img src=\"http://p1.pstatp.com/large/7093/2641577641\" style=\"max-width:100%;\"><br>朋友之间的戏虐，遭人误解后的无奈。<br><br>这时过多的言辞申辩反让人觉得华而不实，<br><br>莫不如留下一抹微笑，任他人作评。<br><br>所谓君子坦荡荡，小人常戚戚。<br><br>有时一个微笑可以让两个宿怨之人冰释前嫌，可以让异域他乡之人倍感亲切温暖。<br><br>世界上最简单的动作，完美的诠释了人间最复杂的道理。<br><br>喜而不语留给人们更多的遐想空间,<br><br>犹如蒙娜丽莎嘴角那抹淡淡的微笑，<br><br>散发出来的魅力，让世人为之做出无数猜想，<br><br>一个平凡的人因为不平凡的微笑感动了无数人。<br><br>世界也因此多了一份神秘的美。<br><br>在某个清晨或黄昏——<br><br> </p><p>&nbsp;&nbsp;&nbsp;&nbsp;&nbsp;&nbsp;&nbsp; &nbsp; &nbsp; &nbsp; &nbsp; &nbsp;&nbsp; &nbsp;&nbsp;&nbsp;&nbsp; <img src=\"http://p1.pstatp.com/large/7094/2430385682\" style=\"max-width:100%;\"><br><br>打开日记，发现所有的误会，<br><br>伤痛早已随深秋的落叶消失在旧日的风中，<br><br>唯有那盈盈的微笑篆刻在岁月的年轮上。</p>','2017-09-20 00:00:00',0,'duanxueqiang1'),('563ea6019e64418b',2,'无标题文章','<p>人生总是错过。年轻的时候，错过那么喜欢的姑娘。或许出于羞涩，或是自卑，与有些人总是阴差阳错。往往总是错过的却是最好的。因为不曾得到过，所以总是很憧憬。若是我当初拥有，或许是不是另一番光景了?可惜的是，永远没有如果。陈奕迅有一句歌词我很欣赏，他唱：“得不到的永远在骚动，被偏爱的总有恃无恐。”所以人们总是痛苦了自己，又折磨了身心。 　　人生总是错过。错过的是沿途的风景。人们偏爱登高，好似登高总是抒发感慨的一种格式。古语有言，“无事莫登高。”怕不是“伫倚危楼风细细，望极春愁”了，一站的高，就举目抒怀。看故乡、看处境、看身世、看过往的路。回忆往昔并且展望未来。于是这个时候，满腔的热血开始沸腾了。人世的物欲横流，斩断了对梦的憧憬和张望。人们都太急于求成，以致于忘记了初衷和本心。总想站得更高一点，脚下的风景才会更美丽。殊不知人生处处是风景，只不过，人们都太盲目，追逐着飘渺的遥不可及的。又总是悲伤着别人的故事。仍要记得，不忘初衷，方得本心。 　　人生总是错过。错过了几段纯真的友谊。小的时候，友谊就是友谊。即使只有一块糖我也愿意和伙伴分享，这是小孩子与生俱来的天性。长大后，我有很多糖，却再也找不到可以分享的人了。每当自己品味多彩的糖果时，才发现它们都是苦涩的，我再也找不回来当初的味道了。因为我们失去的是那种完全的信赖和认真。我们走的路很长，沿途总是能收获很多东西。可当我们渐行渐远，年月累积。我们大了，那些可有可无的东西和事情，逐一的被我们从行囊中自觉的舍弃。我们丢下了很多曾经引以为傲的东西，只为了轻装简行，能走得更远。毕竟路还那么长，我们孤单影只。佛说，：“有一种得到就是失去，得之何喜;有一种失去就是得到，失之何悲。”就像你感觉风来了一样，其实风已经走了。我们执着于失去，从不曾感恩于已经得到的。有的时候阴差阳错比如你所愿更能锻炼人。得不到的永远在骚动，因为我们卸不下心里的包袱，灵魂就得不到救赎。 　　人生总是错过。譬如我刚刚错过了大领导的电话，内心一直是忐忑的。领导的指示没有接到，贯彻不了领导的思想。我很焦灼。也许领导一个惊喜的任务就这样堪堪被我错过 。我惶恐、焦灼。你看，人生就是这么富有戏剧性，我的手机二十四小时在线，唯有今天非常巧妙的静了一个音，导致我错过了上帝爱的召唤。 　　人生总是在错过中延续。细数过往，我们错过的太多太多。岁月如梭，转瞬即逝。静待一朵花开的时间，感悟点滴。学会珍惜，不要在错过一切后再自怨自艾。别错过，趁今朝。<br><br>该文章《人生总是在错过》来源于出国留学网，网址：http://zw.liuxue86.com/z/3048862.html</p>','2017-09-20 00:00:00',0,'yang19950221'),('57e12e0f5d31aa56',3,'人生十二最','<p><img src=\"http://192.168.87.128/images/upload/15/0/490382f9-5578-43c9-b082-a0325a83c5a5.jpg\" style=\"max-width:100%;\"></p><p>1、人生最大的财富是健康­\n<br>\n<br>　　 健康应该是最大的财富。但是，每一个身体健康的人都不会把这个压底的宝亮出来示人的。有的时候、有的人甚至活一生都没有晒晒自己的宝，等有机会了，却没能力拿出来晒了。其实健康指身心，非单指身体。在当今物欲横流之世，国人有几个是心态健康的？\n<br>\n<br>　　2、 人生最可怜的性情是自卑­\n<br>\n<br>　　 自卑是一种天性。每一个人的心底都有一点。有的人有些时候放大了这种体验就养成习惯了，变成了整个人都显示着自卑。其实，以社会形态和进化论看，当前人类的口号和现实的差距仍然是物竞天择、弱肉强食。否则，自卑的人不会有。可是，如今的现实是自卑的人和自卑的情绪每每存在。我期待有所转变。\n<br>\n<br>　　3、人生最大的债务是人情债­\n<br>\n<br>　　 人情债大但不是最大。一个人给自己树立了理想之后，本来能通过努力去实现。但是，由于惰性、责任感不强、偏狭、不学习智识、不坚持等原因而导致蹉跎了岁月，为自己留下无尽的遗憾。我以为这是最大的债务。因为每一个人都应该首先为自己活，而且还要活出能值得反刍的滋味来。太阳照万物生，大树底下水分多。这样的道理许多人懂，但是许多人不愿意做。\n<br>\n<br>　　4、人生最大的破产是绝望­\n<br>\n<br>　　 此为箴言，亦为真理。好在许多人的绝望体现在嘴上，而无法真正触及灵魂。现在自杀的人少了就充分说明了这一点。当然，绝望的人死了并不可惜。一个人如果有爱心、有悟性、有责任心、有忍耐力咋能绝望呢？不是有：路漫漫其修远兮，吾将上下而求索吗？这种精神应该成为民族精神。可惜，现在的教育只是一种“矫育”。\n<br>\n<br>　　\n<br>\n<br>　　5、人生最大的的失败是自大\n<br>\n<br>　　 自大源于无知。自大的人多多，而不知自己无知。中国人讲究反思、反省。其实能反思、反省的人都是学问深而且主要是自律严、肯尊重别人的人。当今时代这种人少之又少。于是，自大的人到处存在。好在还有人能发现这一点。这就是我活着的精神中的希望和光明。\n<br>\n<br>　　6、人生最大的无知是自欺欺人\n<br>\n<br>　　 自欺欺人者无知，这是对的。自欺欺人者最大的特点就是虚荣和虚伪。但是，这些人肯定是成功的次数比失败的次数多。这些人欺人如果一次次碰壁，就会罢手。上当者之所以上当是源于人类的贪欲。在藐视这些人的同时，我们每一个人都应该管好自己的贪欲。此乃自己之福、家庭之福、社会之福、未来者之福。\n<br>\n<br>　　7、人生最大的错误是自弃\n<br>\n<br>　　 自弃与自珍相对立。每一个人在不到万不得已时都不愿意放弃，不管放弃的是什么。何况是自弃。许多人都容易偏执，这是智识不足、忍耐力不足和学习不到位的最明显的特征。就本质而言自弃的人也就是狭隘到极点的人，也是经不起现实中的困顿、围攻、打击的人。人们形容狭隘的人是好钻牛角尖的人，而自珍的人其实也钻牛角尖。区别在于自珍的人往往想把牛角尖钻穿看世界。其实，自珍的人与自弃的人都一个共同点，那就是自弃。而自珍的人的自弃是一种自我扬弃。去糟粕留精华应该是人生的追求，更应该是一种境界。\n<br>\n<br>　　8、人生最大的悲哀是嫉妒\n<br>\n<br>　　 反对此观点。嫉妒是与生俱来的。嫉妒和上进心其实应该是一对双胞胎。人没有嫉妒是不可想象的。人类的许多历史进步都与嫉妒有关。当然，人类的许多灾难也与嫉妒有关。我觉得人生最大的悲哀是没有把嫉妒转化和消化的能力。其实，人类是尾巴最多的动物，尽管这些尾巴都是隐形的。但是，每一个有开悟能力的人、有觉醒意识的人、有敢于直面自己阴暗面的人都应该承认自己的尾巴多。知耻近乎勇，说的就是这个道理吧。\n<br>\n<br>　　9、人生最大的敌人是自己\n<br>\n<br>　　 在社会安定时期，这句话对的成分多。但是，在社会不安定时期这句话还需要自己认真想，下决心闪避。不能排除有一部分人就以整人为乐，以整人而实现或者达到自己的目的和野心。所以，在社会安定时期一个人想有所发展先要练好内功，努力把自己的天然的尾巴蜕化掉。这样一来，真金不怕火炼才能成为事实存在，而且是金子总会发光终成必然。当然记住还要有忍耐力。而在非安定时期，除了自己努力外，就不得不考虑现实中的不利因素了。历史上人类的多次迁徙，除了政府的决定外，有许多人主动迁徙不一定都与战乱有关，也肯定与“敌人”的威胁有关。那么，我们为了生存好一点或者说纯粹为了生存，必须要头脑清醒。该迁徙时不能犹豫，避祸趋吉应该是人类的本能。任何时候都不要忘记这一本能。\n<br>\n<br>　　10、人生最大的欣慰是奉献\n<br>\n<br>　　 这句话听起来有点调高。同时，我以为人生最大的欣慰是通过努力找到自己的发展方向。如果在此基础上能为周围的人给予温暖、亲和和力量人活着才有价值。奉献按人类的天性看本质上是一种附加值。当然，我不怀疑有的人能把这种附加值演化成一种人生境界。这也其实是人类追求的理想吧。因为有这些人的存在，人类的精神家园有了更多的亮丽和温暖。如果什么时候人们把奉献当成了一种享受，我们的世界里就少了恐惧，多了开心。那时候谁也不用说什么不是幸福，那时候谁也知道了什么就是幸福。\n<br>\n<br>　　11、人生最珍贵的礼物是宽恕\n<br>\n<br>　　 人活着必然要和别人交往，交往就免不了发展礼物产业。人往往因为要送礼物而累，也因而感觉生存的牵赘和无奈。而此提法就比较新颖，有釜底抽薪的通透感。就我的感觉这一提法即宽恕这个礼物，应该是每一个人送给自己的警策和对自己做人底线的最有效、最值得光大的品质。有了这一品质的人才有可能光大自己的理想、事业以及人格，才能赢得人们的尊重、认可，才有可能更好地融入人群，找到自己生存和发展的正确坐标和空间。历史和现实一直在警示人们千万不能得理不让人，也告诉人们不要对一些当前的欺辱和诟骂耿耿于怀。由于没有宽恕的品质许多人没有来得及成功就被别人按了下来，甚至直至按死。因此，我要说宽恕需要感悟，需要容纳。藏污纳垢是每个人必经的过程，但是变废为宝不是每一个人都能做到的。诚为诫！\n<br>\n<br>　　12、人生最可佩服的是精进­\n<br>\n<br>　　 我同意这一观点。人生不追求精进，就难以有发展。不追求精进恐怕是守住已有的东西都难。这是自然演变规律，也是社会发展规律。社会变革如同天气或者季节的变化，既有温情的一面，也有残酷的一面。自然灾害往往会是突发的，人也有可能会突遭灾难。这就考验人的意志和毅力。但是，人具有顽强的意志和毅力是需要一定的基础的。我理解的精进就具有这样的奠基作用。在精益求精中前进不是每一个人都能做到的。现实中妄自菲薄和妄自尊大的人比比皆是。一个人要想做到精进其实需要多次蜕化。一般人能做到蜕化一次就不错了，就能拥有成功以及成功的感觉。其实，人类的发展需要我们每一个人能多次完成自己的蜕化。这种蜕化是人类真正强大的基础，也应该是动力，更应该是努力的方向。这样一来，人类的隐形尾巴才会显得不再多，才会越来越少。那样，这个世界才是积极的、阳光的。</p>','2017-09-20 22:37:53',0,'20171893'),('595adbce18cb22e4',4,'舌尖上的中国','<p><br></p><p>某年、某月、某日，晴，我在从前等你……\n<br>\n<br>　　时光如梦，恍然离下；朝花夕拾，尽是枯萎。从前，我爱你！\n<br>\n<br>　　庄严的殿堂，洁白的婚纱，新郎绅士的将戒指戴在了新娘的无名指上，俯身亲吻了新娘的额头，随后道出一句：我爱你。新娘脸上幸福洋溢，露出两个浅浅的酒窝。这个画面经常出现在我的梦里。\n<br>\n<br>　　那年那个酷热的夏天，我考上了省城的高中，家里父母忙于工作，抽不出时间送我到学校，我自己一人提着两大包行李坐车来到学校门口，当我把行李提下车时，我才发现自己第一次来这，根本不知道要去哪，而且还有两包行李，顿时让我有些不知所措。\n<br>\n<br>　　“喂！同学，需要帮忙么？”。阳光下一张帅气的面孔进入了我的视线\n<br>\n<br>　　在一个陌生的地方，遇到了一个陌生的男孩，我本应该警惕的，但看到他身上的校服，让我立即消除的警惕出于礼貌，我屡了屡额前的刘海回答道：“我是新生，第一次来这里，请问我该去哪里报道？”\n<br>\n<br>　　他提起我的两包行李，走吧，跟着我，带你去报道，顺便在帮你把行李送到宿舍。\n<br>\n<br>　　之后他带着我报道，然后帮我把行李提到宿舍楼下。“你自己提上去吧，男生不能进女生宿舍”。他有些不好意思道。\n<br>\n<br>　　这是我们第一次见面，我们交往后，我还问过他，当时为什么会来帮我。\n<br>\n<br>　　那年那个酷热的夏天，马路旁站着一个身穿白色连衣裙的女孩，精致的花边衬出白皙的双腿，修长挺拔，玲珑的曲线完完全全的勾勒了出来，女孩一脸无助，这一幕出现在他眼里，他便忍不住想要上去搭讪，可是却没有什么借口，当看到女孩身旁的行李时，他便直直的朝女孩走去。\n<br>\n<br>　　喂！同学，需要帮忙么……\n<br>\n<br>　　时隔多年，每当我想起那个夏天，嘴角都洋溢起幸福的微笑。\n<br>\n<br>　　我们两个在一所学校，虽然不在一个班，但是我们每天都能遇到。不知是他有意还是无意，每天放学我总是在同样的地方看到他，他看到我总会给我一个特别阳光的微笑，同样，我也会给还他一个灿烂的微笑。时间久了，我也养成了习惯，每天放学，就算不用从那条路走，我也会绕路过去，同样，每次过去都能得到他一个特别阳光的微笑。\n<br>\n<br>　　就这样，不知不觉我们都上了高三，没有了高一高二那种轻松的学习环境，还有几个月就要面临高考，所有人都开始奋发图强。放学，几乎所有人都是拿起书，飞快的冲回宿舍继续学习。而我，仍然每天都会绕路过去跟他见面，几年不变的是他还是会给我一个特别阳光的微笑，同样，我会还他一个灿烂的微笑，每次除了远远地微笑，我们不会说一句话。有几次我想上去跟他说话，可他冲我微笑后，就转身离开了。\n<br>\n<br>　　突然，有一天放学，我还是照常去与他碰面，可是却没看到他，我以为他有什么重要的事，可能迟到了，可是我等到宿舍快要关门了，他还是没有出现，那天我特别失落的回到宿舍。\n<br>\n<br>　　接下来一个多星期，我都没有再看到他，仿佛他突然就人间蒸发了，最后我开始慌了，终于我忍不住去他班里问他同学。得到的却是他一个多星期前就请假了，再也没有其他消息。\n<br>\n<br>　　高三紧张的学习氛围让我无法抽出时间去想他，可是每天放学，我还是会去那条路等他。\n<br>\n<br>　　高考前一个月，还是那条路，我看到了那个熟悉的身影，我再也忍不住跑了过去，责怪的问道：“这么久你去哪了，我每天可都在这里等你。”\n<br>\n<br>　　“对不起！”他开口道：“做我女朋友吧？”\n<br>\n<br>　　我想也没想便答：“好啊！”\n<br>\n<br>　　他突然伸手捧着我的脸俯身吻在我的额头上，我出奇的没有阻止他。\n<br>\n<br>　　那年，我们18岁。\n<br>\n<br>　　高考过后，我如愿考上了自己理想的大学，而他却连最普通的大学也没考上。\n<br>\n<br>　　去大学的那天，他帮我提着行李，送我到车站，上车前，他猛然抱住我，我也紧紧抱着他。\n<br>\n<br>　　汽车发动，夕阳下，他冲着车内的我又发出了一个特别阳光的微笑，同时，我也冲塔发出了一个灿烂的微笑。他猛然喊道：“等我一个月，一个月后，我去找你！”\n<br>\n<br>　　我听到后，眼角忍不住划过一丝眼泪。\n<br>\n<br>　　一个月后的一天，我因为要出校办点事，刚刚走到大门口，便看到屹立在校门外马路边那道熟悉的身影，我迅速朝他跑去，狠狠抱住他。\n<br>\n<br>　　“傻瓜，抱这么紧，还怕我跑掉啊！”他轻轻在我耳边说道\n<br>\n<br>　　“笨蛋，我想你了。”我不争气的眼泪再次划过脸颊。\n<br>\n<br>　　“嫁给我，你愿意吗？”他认真的问道。\n<br>\n<br>　　“嗯，好！”我擦了擦眼角的泪水含糊不清的道出两个字。\n<br>\n<br>　　那年，我们19岁。\n<br>\n<br>　　不久后，他在我学校附近找了个工作，还租了个房子，时不时的做些好吃的送到学校给我吃，朋友们都特别羡慕我有一个这么好的男朋友。还让我看紧点，不然小心被她们抢走，为此我还担心了一阵子，可发现，每次他到学校来给自己送好吃的时候，从来不会看别的女生一眼，只是认真的看着我吃完，然后跟我聊聊天，就会离开学校回到他的出租屋。我就慢慢放心了。\n<br>\n<br>　　两年后，我上大三了，也开始在外面实习，本来准备自己租个房子，可是他告诉我让我去他那里住，我想了一下，便欣然答应。\n<br>\n<br>　　一间简易的屋子，两个房间，一张桌子，两把椅子，一台旧电视机和一些生活用具。本以为男生的房间都很乱，本来简易的屋子里却收拾的干干净净。我跟他一人一个房间，每天他出去工作，我出去实习，晚上回来，他就会给我做些好吃的。生活虽然简单，但却无比幸福。\n<br>\n<br>　　一天傍晚，下着大雨，电闪雷鸣，我实习完回到出租屋，刚刚打开门一阵浓密酒气扑面而来，我差点被熏晕，往日干净整洁的屋里，到处都是啤酒易拉罐，看着他房门开着，不断有酒气传出，我慌忙的跑进他的房间，眼前的一幕，让我伤心，看着往日那个阳光帅气的大男孩，现在满身酒气，躺在满是易拉罐的地上，帅气的面孔上沾满了泪水和酒水，他为什么会如此痛苦？当我看到他床头上的一张黑白照片，照片中一男一女，男的跟他长的很像，照片还放着一份遗产证明书。\n<br>\n<br>　　我总算知道，高考前，他为什么会突然消失。那一天，他父母开车出差，路上遇到车祸，双双遇难。\n<br>\n<br>　　我突然感觉很心碎，发生这样的事，他竟然一直没告诉我，一直一个人默默的承受着。看着此时他，我心里很生气同时也非常担心。我想将他扶到床上，他也很配合地让我把他扶到床上。\n<br>\n<br>　　我将满屋子的易拉罐收拾干净后，打了一盆热水，认真地擦着他脸上的泪痕，他全程一直默默地看着我，将他脸擦干净后，我转身准备离开，他一把拉住我，然后他的嘴狠狠的堵住了我的嘴。我稍作挣扎，便也任由他去。\n<br>\n<br>　　外面下着大雨，电闪雷鸣，出租屋内，我们相互索取着……\n<br>\n<br>　　那年，我们21岁。\n<br>\n<br>　　从那以后，我们就住到了一间房，每天他出去工作，我出去实习，生活照旧，每天我们都很幸福。\n<br>\n<br>　　一年后，我工作稳定，但有一点不好，就是我被调到别的城市里去工作。\n<br>\n<br>　　离开的时候，还是他送我到车站，同样拥抱，亲吻，我上车后，他给我一个特别阳光的微笑，同时，我也还给他一个灿烂的微笑。汽车启动后，他冲我大喊道：“毕业了，我就娶你。”我听到后泪流满面。\n<br>\n<br>　　现在我怎么都想不到这一个微笑一个承诺对我来说将会是永恒的。\n<br>\n<br>　　分隔两地，我们每天都会通电话，电话里大部分都是我在讲，他在听，他时不时会嘱咐我，让我好好照顾他未来的媳妇儿。为此，我也感觉特别幸福。\n<br>\n<br>　　几个月后的一天，我跟他打电话，没人接，我以为他有事，便也不想扰打他，想想他事他应该会给我回电话的。可是我等到晚上，他却仍然没给我回电话，我有点气他的气了，便打算，他就算给自己回电话，自己也不接了。当做给他的惩罚。\n<br>\n<br>　　几天后，我发现他居然这几天没有给我打电话，最终还是我忍不住再次拨打了他的电话。可是电话里面传出的却出你拨打的电话已停机。这时我心里面急坏了。\n<br>\n<br>　　回到公司，我马上向领导请假，准备去一趟他所在的城市，但是领导说公司现在正是缺人的时候，一个月后才能准我的假。\n<br>\n<br>　　十几天后，公司的会议上，一个陌生人的号打到我的手机上，在开会，我准备挂掉时，突然发现是他那个城市的号，我立马接听，然后向领导说了声：“对不起。”然后走出会议室。\n<br>\n<br>　　“喂，请问你是哪位？”我心中有些激动\n<br>\n<br>　　“喂”电话那边传出一个熟悉的声音。\n<br>\n<br>　　我瞬间知道是他，“你什么情况，为什么一直不打我电话。”我大声说道。\n<br>\n<br>　　“我们分手吧！”他沉声道。\n<br>\n<br>　　“你说什么？”我感觉我听错了。\n<br>\n<br>　　“我们分手吧！”他仍然沉声道。\n<br>\n<br>　　“是不是，因为我工作的原因，那样我可以辞职，现在立马回去跟你结婚。”感觉他是认真的，我有些急了，眼中突然充满泪水。\n<br>\n<br>　　“……记得照顾好自己”\n<br>\n<br>　　我已经忘记了说话。\n<br>\n<br>　　“你会一直想我吗？”\n<br>\n<br>　　我还没说话便听到……嘟……嘟……电话那边传来了挂断的声音。\n<br>\n<br>　　一瞬间，我的眼泪再也制止不住，花花的流了下来，我回到这边公司分的房子里，关上门，大声的哭了出来，算上今年，七年了，七年的感情，就这么破碎了，我不甘心，我要去找他。我要当面问清楚。\n<br>\n<br>　　一个月后，公司准了我的假，我简单的收拾了一下，便踏上他所在的城市。\n<br>\n<br>　　几天后，我到了他工作的地方，可是他已经不在这了，他的老板说，他早就辞职了，说是要回家准备结婚。\n<br>\n<br>　　过了很久，我依然没有他的一点消息。直到有一天，又是哪个陌生的电话打来，我迅速接听，电话里传来一个妇人的声音。\n<br>\n<br>　　妇人：“你是他的女朋友？”\n<br>\n<br>　　我：“对，我是他女朋友”\n<br>\n<br>　　“他在我这，你过来看看吧，唉！”妇人叹了口气报出了一个地址。\n<br>\n<br>　　我发现那个地址就在我工作的城市，我迅速下楼，拦了一辆出租车，跟司机说了下位置。\n<br>\n<br>　　几小时后，出租车，开到了一个小型公寓楼下，我下车，地址上说是三楼，我直接走进电梯，按了下‘三’。电梯缓缓上升。\n<br>\n<br>　　‘咛’我走出电梯，迫不及待的朝一扇门走去。按了下门铃。\n<br>\n<br>　　不久，一个中年妇人将门打开将我迎了进去。\n<br>\n<br>　　进来后，我看到一个小型祭祀台，上面摆着水果，祭祀台上挂着一张黑白照片，照片里面的人脸上挂着特别阳光的微笑，而我盯着照片眼睛却再也无法移动。\n<br>\n<br>　　孩子命苦，爸妈走的早，现在自己也走了。我翻看他遗物的时候，发现他手机里面只有一个电话号码，打电话，接电话，基本全是你。我是他的亲戚。中年妇人道。\n<br>\n<br>　　“喂！同学，需要帮忙么？”。阳光下一张帅气的面孔进入了我的视线。\n<br>\n<br>　　我屡了屡额前的刘海回答道：“我是新生，第一次来这里，请问我该去哪里报道？”\n<br>\n<br>　　“对不起！”他开口道：“做我女朋友吧？”\n<br>\n<br>　　我想也没想便答：“好啊！”\n<br>\n<br>　　他突然伸手捧着我的脸俯身吻在我的额头上，我出奇的没有阻止他……，曾经的一幕幕全都出现在我眼前。这次我却没有哭。\n<br>\n<br>　　“姑娘，来了，就在这吃个便饭吧。”中年妇人端上来三个小菜，两碗米饭对我道。\n<br>\n<br>　　我盯着照片出神，突然有人跟我说话，我回过神来，见中年妇人饭菜都已经端上来了，我也没有拒绝。\n<br>\n<br>　　跟中年妇人坐下后，一边吃一边把我跟他发生的事一件一件讲出来。全程我没有掉一滴眼泪。\n<br>\n<br>　　饭后，我想中年妇人辞行。中年妇人将一个盒子递给我，说这里是他的遗物，让我好好保管。\n<br>\n<br>　　下楼后，我打开盒子，看到里面厚厚的病例表，再也忍不住，眼泪破框而出，哭声撕心裂肺。\n<br>\n<br>　　原来他……\n<br>\n<br>　　我爱你，但我却不敢说，我说了怕我立马就会死去，我死后，我怕没有会比我更爱你。\n<br>\n<br>　　某年、某月、某日，晴，我在从前等你……你在哪？</p><p><br></p>','2017-09-20 00:00:00',1,'20171892'),('5c98213374f5917d',2,'唯美那一世的流年情','<p><img src=\"http://192.168.87.128/images/upload/12/2/ee66754d-5eb3-435c-9746-ebc222abdfe5.jpg\" style=\"max-width:100%;\"></p><p>　谁，执我之手，敛我半世癫狂；<br>　　谁，吻我之眸，遮我半世流离；<br>　　谁，抚我之面，慰我半世哀伤；<br>　　谁，携我之心，融我半世冰霜；<br>　　谁，扶我之肩，驱我一世沉寂。<br>　　谁，唤我之心，掩我一生凌轹。<br>　　谁，弃我而去，留我一世独殇；<br>　　谁，可明我意，使我此生无憾；<br>　　谁，可助我臂，纵横万载无双；<br>　　谁，可倾我心，寸土恰似虚弥；<br>　　谁，可葬吾怆，笑天地虚妄，吾心狂。<br>　　伊，覆我之唇，祛我前世流离；<br>　　伊，揽我之怀，除我前世轻浮。<br><br>　　执子之手，陪你痴狂千生；<br>　　深吻子眸，伴你万世轮回。<br>　　执子之手，共你一世风霜；<br>　　吻子之眸，赠你一世深情。<br><br>　　我，牵尔玉手，收你此生所有；<br>　　我，抚尔秀颈，挡你此生风雨。<br>　　予，挽子青丝，挽子一世情思；<br>　　予，执子之手，共赴一世情长；<br>　　曾，以父之名，免你一生哀愁；<br>　　曾，怜子之情，祝你一生平安！<br><br>　　二《那一世》<br><br>　　那一刻 我升起风马 不为乞福 只为守候你的到来<br>　　那一天 闭目在经殿香雾中 蓦然听见 你颂经中的真言<br>　　那一日 垒起玛尼堆 不为修德 只为投下心湖的石子<br>　　那一夜 我听了一宿梵唱 不为参悟 只为寻你的一丝气息<br>　　那一月 我摇动所有的经筒 不为超度 只为触摸你的指尖<br>　　那一年 磕长头匍匐在山路 不为觐见 只为贴着你的温暖<br>　　那一世 转山转水转佛塔 不为修来生 只为途中与你相见<br>　　那一瞬，我飞升成仙，不为长生，只为佑你平安喜乐<br><br>　　三<br><br>　　第一最好不相见，如此便可不相恋。<br>　　第二最好不相知，如此便可不相思。<br>　　第三最好不相伴，如此便可不相欠。<br>　　第四最好不相惜，如此便可不相忆。<br>　　第五最好不相爱，如此便可不相弃。<br>　　第六最好不相对，如此便可不相会。<br>　　第七最好不相误，如此便可不相负。<br>　　第八最好不相许，如此便可不相续。<br>　　第九最好不相依，如此便可不相偎。<br>　　第十最好不相遇，如此便可不相聚。<br>　　但曾相见便相知，相见何如不见时。<br>　　安得与君相诀绝，免教生死作相思。<br><br>　　四《见与不见》<br><br>　　你见，或者不见我<br>　　我就在那里<br>　　不悲不喜<br>　　你念，或者不念我<br>　　情就在那里<br>　　不来不去<br>　　你爱，或者不爱我<br>　　爱就在那里<br>　　不增不减<br>　　你跟，或者不跟我<br>　　我的手就在你手里<br>　　不舍不弃<br>　　来我的怀里<br>　　或者<br>　　让我住进你的心里<br>　　默然 相爱<br>　　寂静 欢喜<br><br>　　五、<br>　　住进布达拉宫，<br>　　我是雪域最大的王。<br>　　流浪在拉萨街头，<br>　　我是世间最美的情郎。<br>　　与玛吉阿米的更传神，<br>　　自恐多情损梵行， <br>　　入山又怕误倾城。<br>　　世间安得双全法，<br>　　不负如来不负卿。<br><br>　　六 我问佛<br>　　我问佛：为何不给所有女子羞花闭月的容颜？<br>　　佛曰：那只是昙花的一现，用来蒙蔽世俗的眼。没有什么美可以抵过一颗纯净仁爱的心。我把它赐给每一个女子，可有人让它蒙上了灰。<br>　　我问佛：世间为何有那么多遗憾？<br>　　佛曰：这是一个婆娑世界，婆娑即遗憾。没有遗憾，给你再多幸福也不会体会快乐。<br>　　我问佛：如何让人们的心不再感到孤单？<br>　　佛曰：每一颗心生来就是孤单而残缺的。多数带着这种残缺度过一生；只因与能使它圆满的另一半相遇时，不是疏忽错过，就是已失去了拥有它的资格。<br>　　我问佛：如果遇到了可以爱的人，却又怕不能把握该怎么办？<br>　　佛曰：留人间多少爱，迎浮世千重变。和有情人，做快乐事；别问是劫是缘。<br>　　我问佛：如何才能如你般睿智？<br>　　佛曰：佛是过来人，人是未来佛。佛把世间万物分为十界：佛，菩萨，声闻，缘觉，天，阿修罗，人，畜生，饿鬼，地狱。天，阿修罗，人，畜生，饿鬼，地狱，为六道众生。<br>　　六道众生要经历因果轮回，从中体验痛苦。<br>　　在体验痛苦的过程中，只有参透生命的真谛，才能得到永生。<br>　　凤凰，涅槃<br>　　佛曰：人生有八苦：生，老，病，死，爱别离，怨长久，求不得，放不下。<br>　　佛曰：命由己造，相由心生，世间万物皆是化相，心不动，万物皆不动，心不变，万物皆不变。<br>　　佛曰：坐亦禅，行亦禅，一花一世界，一叶一如来，春来花自青，秋至叶飘零，无穷般若心自在，语默动静体自然。<br>　　佛说：万法皆生，皆系缘份，偶然的相遇，暮然的回首，注定彼此的一生，只为眼光交汇的刹那。<br>　　缘起即灭，缘生已空。<br>　　我也曾如你般天真。<br>　　佛门中说一个人悟道有三阶段：“勘破、放下、自在。”<br>　　的确，一个人必须要放下，才能得到自在。<br>　　我问佛：为什么总是在我悲伤的时候下雪？<br>　　佛说：冬天就要过去，留点记忆。<br>　　我问佛：为什么每次下雪都是我不在意的夜晚？<br>　　佛说：不经意的时候人们总会错过很多真正的美丽。<br>　　我问佛：那过几天还下不下雪？<br>　　佛说：不要只盯着这个季节，错过了今冬。<br><br>　　七 无题<br><br>　　我终于明白<br>　　世间有一种思绪<br>　　无法用言语形容<br>　　粗犷而忧伤<br><br>　　回声的千结百绕<br>　　而守候的是<br>　　执着<br><br>　　一如月光下的高原<br>　　一抹淡淡痴痴的笑<br><br>　　笑那浮华落尽 月色如洗<br>　　笑那悄然而逝 飞花万盏<br><br>　　谁是那轻轻颤动的百合<br>　　在你的清辉下亘古不变<br><br>　　谁有那灼灼热烈的双眸<br>　　在你的颔首中攀援而上<br><br>　　遥远的忧伤<br>　　穿过千山万水<br><br>　　纵使高原上的风<br>　　吹不散<br>　　执着的背影<br><br>　　纵使清晨前的霜<br>　　融不化<br>　　心头的温热<br><br>　　你静守在月下<br>　　悄悄地来<br>　　悄悄地走 <br>　　我也开始修心了</p>','2017-09-20 22:37:53',0,'hucheng'),('5f11619638f215c3',8,'人在落魄时才知道谁的手最暖','<p>不知不觉中，有多少人已经离开；无声无息里，又有多少人会一直在。再好的朋友，缺少联系也会淡；再深的感情，不懂珍惜也会断。谁能遥遥无期的等，只怕等凉了心；谁能无怨无悔的盼，只怕盼来了泪。少了一个名字，就是少了一个身影；远了一颗心灵，就是远了一份感情。朋友，不是需要时才去找；感情，不是错过后才明白对方的好。<br><br>　　缘分里有多少形影不离，最后若即若离；朋友中有多少无话不说，最终无话可说。距离不是难题，心的距离才是利器；时间铁面无私，看清谁是故意假装，谁能同舟共济。真正在乎你的人，会在最无助的时候，甘愿充当温暖你的空气；心里有你的人，会为你默默付出，但很少让你知道其背后的牺牲。这个世上最该珍惜的是，一直能陪在你身边的人。<br><br>　　世界上最贵的不是金钱，而是时间；最美的不是风景，而是感情。每个人的时间都有限，能够随时陪着你的人很少；每颗心的容纳都很小，愿意放你在心上的人不多。何必去求钱财无数，只要有人时刻守护；何必去找感觉更好，只要有人相伴到老。把时间都给了你，才是最爱你的人；心里面都是你，才是最在乎你的情。时间，金钱买不到；感情，利益换不来。<br><br>　　朋友就算再好，总会有一段时间互不理睬互不关心。不是因为厌烦了，也不是喜新厌旧，只是因为大家都忙于生计。真正的朋友是冷漠一段时间后，还依然在你的身边关心你和你一起打闹一起吵架，许久不见后再相聚也不会尴尬，还是有说不完的话题，讲不完的心事。其实，朋友就是这样，无需想起，因为从未忘记……<br><br>　　时间，带不走真正的朋友；岁月，留不住虚幻的拥有。时光转换，体会到缘分善变；平淡无语，感受了人情冷暖。有心的人，不管你在与不在，都会惦念；无心的情，无论你好与不好，只是漠然。走过一段路，总能有一次领悟；经历一些事，才能看清一些人。真正的朋友 ；无需想起，因为从未忘记；不离不弃的，才是真朋友；不见不散的，才是真守候。<br><br>　　人在落魄时，才知道谁的手最暖；情在吵架时，才明白谁的心最软。一个只懂流血却为你流了泪的人，是肝胆相照的朋友；一个只知流泪却为你流 了血的人，是相濡以沫的爱人。真正 的朋友，不是得意时有多少人追捧， 而是在失意时愿意无求的帮助；真正 的感情，不是海枯石烂的甜言蜜语， 而是在穷困潦倒时愿随你颠沛流离。 很多时候，人在最深的绝望里，能看到的往往是最美的风景！<br><br>　　得意时，朋友认识了你；落难时，你认识了朋友。只有在落魄时才懂，愿拉你一把的人何其少。只有在最穷时才懂，再好的感情也难敌现实，人不贪钱却都怕吃苦。只有在漫长生活里才懂，人人能爱你却少人愿忍你。所以，这世上最要珍惜的是这三种人：雪中送炭的朋友、愿陪你走过贫苦的女人、样样都忍你的男人！<br><br>　　真正的朋友就是离别时，满不在乎，相互鼓励说，告诉对方一定会怎样，然而分开后却无限思念对方；真正的朋友就是在你困难的时候帮助你，却不需要回报的那个人；真正的朋友永远不会让你掉眼泪！你难受时，他也难受，你开心的时候他也开心，他就是第二个你，在他身上你能看到自己的缩影！简单地说，我认为真正的朋友就是能够彼此欣赏、彼此真诚、彼此信任、彼此理解以及彼此的宽容！永远都想把他当成自己的那个人！真正的朋友其实每个人心里都有自己的定义，但最重要的却是无论是否引起误会却都能真心为你着想的人……<br><br>　　真正的朋友，心有灵犀，无关酒肉，无关利益，无关高低，无关贵贱，没有时空阻隔，是心灵的默契，是性情的相投，是灵魂的依附，是心心的通融。真正的朋友，相知相识、相交相接，一如日月之行，无论风云变幻，终不减其辉映。真正的朋友，无须相从过密，不用推杯换盏，没有繁文缛节，没有利益交换，彼此之间无欲无求，心照不宣。真正的朋友，一杯清水，一句口信，甚至一个念头，便可身心相托。真正的朋友，是美好人格的际遇，如花开一般自然，如晨露接纳朝阳一般磊落。真正的朋友，相知如镜，相敬如宾！真正的朋友，贵精而不贵多，贵诚而不贵诈。真正的朋友，是一种高尚的人格魅力的感召，是两个灵魂同时飘香的体现，是灵魂的芬芳！真正的朋友，是君子之交淡如水，平平淡淡才是真。<br><br>　　真正的朋友就是互相信任，互相尊重，无话不说，在关键时候能一无反顾地帮助你的人；真正的朋友就是对朋友敢说不，有什么说什么，不能把对朋友的善意提醒当成对自己有看法；真正的朋友就得肝胆相照，在朋友无助时，能伸出无私的手；真正的朋友就是要相互多为对方考虑，不能光顾自己，不想朋友；真正的朋友是可以帮你认清自己的缺点和优点；真正的朋友是当你落魄时仍然对你如以往，当你辉煌时不改初衷；真正的朋友是你伤心时能陪你哭，当你笑时会为你开心；<br><br>　　真正的朋友，是可以心换心的，每当你烦恼时他会站出来帮你分担。真正的朋友，是不会抛弃你的，更不会出卖你陷害你的。真正的朋友，是你自己努力争取得来的，而不是随便交来的。真正的朋友，是能与你“有福共享有难同当”之人，不为一己之私出卖你，处处还要为你着想的人。真正的朋友，是在你悲伤无助的时候，给你安慰与关怀；在你失望彷徨的时候，给你信心与力量；在你成功欢乐的时候，分享你的胜利和喜悦。在人生旅途上，尽管有坎坷、有崎岖，但有真正的朋友在，就能给你鼓励、给你关怀，并且帮你度过最艰难的岁月。真正的朋友 ；无需想起，因为从未忘记 。</p><p><img src=\"http://192.168.87.128/images/upload/14/5/2c92e894-bd17-46ac-a85b-d905ee375f8d.jpg\" style=\"max-width:100%;\"></p>','2017-09-20 22:37:53',0,'xiexiao'),('60482d215d3bc05d',6,'夜、一个人睡，懂得了品味；酒、一个人醉，懂得了心碎','<p><img src=\"http://192.168.87.128/images/upload/15/4/96185030-7730-4375-97fe-a1a615150adc.jpg\" style=\"max-width:100%;\"></p><p>　眼泪不再流了、 因为尽了，时间不会走了、 因为停了。<br>　　心脏不能跳了、 因为碎了，幸福已经去了、 因为败了。<br><br>　　只是一种记忆，萦绕在心头，挥之不去。<br>　　只是一种惆怅，拨弄着回忆。<br>　　慢慢流泪，既不回头、何必死守；既然无缘、何需誓言。<br><br>　　爱在你我呼吸间慢慢沉淀，情从我们的眼神里默默旋转。<br>　　何为爱恋，答案只有自己清楚。<br>　　解开了束缚，留下的始终只是一段残念。<br><br>　　有一段感情再也不可能续燃，有一个人再也不会相依相偎到永远。<br>　　有一个声音再也不可能回旋，有一双手再也握不住那掌心的温度。<br>　　有的东西，你再喜欢也不会属于你。<br>　　有的东西，你再留恋也注定要放弃。<br><br>　　人生有各种各样的爱，但千万别让爱成为一种无情的伤害。<br>　　爱一个人不一定要拥有，但拥有一个人就一定要好好的去爱。<br><br>　　爱和被爱是一种感觉。<br>　　爱是一种心灵的默契，爱是一种刻骨铭心的思念，爱是一种无需回报而心甘情愿的付出，爱是一种为爱人的幸福而努力去打造一片天空，爱是一种渴望得到关怀、尊重、理解与包容，爱是一种相依为命和善待彼此的过程，爱是一种心动心跳心痛的感觉。<br><br>　　爱一个人要道歉也要道谢，爱一个人要认错也要改错，爱一个人要体贴也要体谅，爱一个人要接受而不是忍受是宽容。<br><br>　　如果爱上了就不要轻易说放弃。<br>　　闹别扭了可能你会苦恼一阵子，若放弃了可能你会后悔一辈子。<br><br>　　缘份不是诗、但它比诗更美丽，缘份不是酒、但它比酒更香浓，缘份不是茶、但它比茶更韵味。<br><br>　　在一起的时候、要懂得用你的爱去包容她、疼爱她、因为她现在属于你，在分手的时候、要懂得用你的爱去宽容她、遗忘她因为他不再属於你。<br><br>　　爱是一种责任，爱是无止境的、永不失落的。<br>　　她的快乐、就是你的快乐，她的幸福、就是你的幸福。<br>　　为她的快乐而快乐，为她的幸福而幸福。<br>　　遇上一个人、一瞬间的时间，要喜欢上一个人、只要一句话的时间。<br>　　要爱上一个人、只要用一天的时间，而要忘记一个人、却要用一生的时间。<br><br>　　为自己的梦想而梦想、为自己的执着而执着、为自己的幸福而幸福。<br>　　到自己想到的地方、做自己想做的事、爱自己所爱的人、因为你或许只有一次人生、一次机会。<br><br>　　一句残酷的话、会摧毁你一生，一句温暖的话、也可能会拯救你一生。<br><br>　　有一种爱叫做放弃、有一种爱叫做执着、有一种爱叫做祝福。<br><br>　　有一种爱叫做祈求、有一种爱叫做无私、有一种爱叫做奢望、还有一种爱叫做真诚。<br><br>　　执着是一种美好、坚持是一种忠诚、美好不一定快乐、忠诚不一定幸福。<br><br>　　爱由一个微笑开始、然后用一个吻来成长、最后再用一滴泪去结束、或者、用幸福去终止。<br><br>　　在错的时候遇到对的人是遗憾，在对的时候遇到错的人是错爱。<br>　　在错的时候遇到错的人是幸运， 在对的时候遇到对的人是幸福。<br><br>　　夜、一个人睡，懂得了品味。<br>　　酒、一个人醉，懂得了心碎。<br>　　只是人生变得有着那么一点颓废。<br><br>　　很爱就大声说出来，很痛就大声哭出来。<br>　　爱要学会去珍惜，痛要学会去忘记。 <br>　　爱一个人不一定要拥有，但拥有一个人就一定要狠狠去爱。<br><br>　　风儿：用语言、文字、音符诠释生活带给我的每一种感觉。</p>','2017-09-20 22:37:53',0,'hucheng'),('66373af1efb2db9d',6,'把心放在该放的位置','<p>把心放在最该放的位置<br><br>　　噜咕山前，皓月坠林鸡唱韵<br><br>　　绿中谷内，青霜锁道马行踪<br><br>　　南盘江边，滚滚黄水凭鱼跃<br><br>　　教学点上，欢声笑语堂堂彩<br><br>　　2015年，最熟悉的几位学长学姐临近离校，曾问过：“你们毕业后打算做什么？”一位很幽默的学长说：“我想把我的青春奉献给新疆，我要去新疆支教。”当时，挺不能理解的，但还是暗暗为他竖起了大拇指，因为我，可能没有那勇气吧！很快，面临毕业的主角换成了我，也在为各种工作而奔波，幸运的是，在去年我成功的加入了人名教师的行列。带着对孩子们的憧憬和对工作的热情我来来到了一个叫绿中的教学点---生涯中的第一站。<br><br>　　以“静”为舞，心就是天堂<br><br>　　把心放在安静的地方，把灵魂放在没有尘埃的地方，你就是最快乐的人，哪里都是快乐的地方，哪里都可以收获快乐。当驾着摩托车经过1小时多的颠簸，拖着沉重的身子终于来到了一个苗族村庄，看到了那久违的五星红旗。刚踏进校园，我甚至开始动摇，开始退缩，心想“这接下来的一年又该如何度过？也不知道下一年又该何去何从？”等等一系列想法。正在我为此而苦恼的时候，校门外站着一位村民，便连忙走过去，还没走到跟前便听到“老师，我家饭熟了走去我家吃饭”。第一次也觉得挺不好意思的，经过激烈的思想斗争和村民的再三邀请，我最终还是踏上了那张美味的食桌。从没想象到的是村民居然如此的热情，一进门便唤我们小弟，我们也不吝啬直呼其哥。很快，我们便和村子里的人熟了起来，渐渐地觉得这个地方其实也不错，便更加用心的做好每一份工作。</p><p><img src=\"http://192.168.87.128/images/upload/8/3/8296b21a-68e3-4c42-984c-18292b633bc8.jpg\" style=\"max-width:100%;\"></p><p>以“爱”为曲，心就是港湾<br><br>　　把心放在最需要的地方，你就是他们的心灵港湾。记得第一次看到孩子们的午餐时，那是一个下雨天的中午，他们的饭盒里装满了白米饭，饭上零零散散地躺着几块肉，差一点的同学也就只有一卷腌菜。霎时心里觉得酸酸的，或许是在为我的童年没有过这样的体验而庆幸，或许更多的是对孩子们的同情。从那天起便每天为孩子们烧点热水，偶尔烧点紫菜鸡蛋汤或者番茄鸡蛋汤为他们泡饭，或许这样能让他们觉得校园里的另外一点温存。<br><br>　　师者，传道受业解惑也，但亦可亦师亦友。在第一次踏进教室便与他们说明了此意，亦师亦友，师者，传道受业解惑；友者，谈心问道，课堂上尊重老师，认真听讲；课后尊重朋友，亦可谈天问地，我愿意成为你们的良师益友。与他们相处一年的时间，不曾说与孩子们情深义重，但在他们二年级毕业时却亲眼看到有同学落泪。我虽不才，却也没误人子弟，愿他们披荆斩棘，各自有想要的人生。<br><br>　　或许，这应该是每位老师都会做的，但也是我真心为之所触，为之所行动的一点“爱”。虽然换了一个教学点，来到了噜咕教学点，但我依然会以我过去一年的热情重新迎接这一年。<br><br>　　以“勤”为帆，心就是方向<br><br>　　“心若没有了方向，在哪都是流浪”对于一个流浪者来说，从无安生立命之所，因为他早已失去了方向，人若失去了方向，跟流浪又有何区别？遥想当年，虽成绩不佳，但心存目标，心立方向。一直到大学毕业后进入了“人民教师”的行列，才突然意识到似乎我已成为一具披着光环的流浪者，心如死灰一般沉静，无所信，无所动，但幸运的是我还拥存着一点点理性。愿至此后，我能找回原来“我的样子”愿至此后，我能更好的做好教育教学工作。<br><br>　　任何教师都渴望被点燃，包括我。把心放在最该放的位置，坚守着曾经的那份执着，迎接每天的晨阳，不论结果，不论成败与否，用心而已，踏实从教。</p><p><img src=\"http://192.168.87.128/images/upload/11/13/e0f841f4-65cc-4f28-a3f3-fabda24b8e41.jpg\" style=\"max-width:100%;\"></p>','2017-09-20 22:37:53',0,'20170904'),('68ab07e9c01e603e',3,'只道情深，奈何缘浅','<p>“人生若只如初见，何事秋分悲画扇。”第一次见到这句诗是上课的时候，我坐在他身后，从他的书中飘出来一张白纸落到我的脚边，那是我看过写的最好看的字，工整又不失张扬，给人一种特别舒适的感觉。有一种不舍得还给他的感觉，我轻轻的拍了一下他：“同学，这个是你的吧？”他回头盯着我手里的纸片，那张整齐排列的五官映入我的眼帘，他反映了一会儿，“啊！是的，谢谢！”他继续听课了，我很庆幸他并没有发现我的脸涨得通红。后来听宿舍里的人说他叫张扬，爱打篮球，是个大才子。<br><br>　　“阿嚏，阿嚏。”一向有鼻炎的我坐在教室里吊扇的正下方，吹的时间久了，自然有点吃不消。“给你。”旁边一个长相乖巧的男生递过来一包纸巾，“我叫李想，来自安徽芜湖，我从班长那儿看了我们班花名册，就咱俩是同乡，你叫许紫菲对吧？”“嗯嗯，我们家是安徽亳州。”我特别激动，初到这个新环境，竟然有人已经对我有所耳闻，还是有些小得意的。然后我们俩就像是给家乡搞宣传一样，把我们那儿，所有的好吃的好玩的都聊了个遍，感觉很过瘾。<br><br>　　刚入学，对其他人也不太认识，我一进教室李想就向我招招手，他已经给我占好了桌位。有一次起床晚了忘记吃早餐，然而我那脆弱的小胃可受不了啊！痛得我，趴在桌上捂着肚子脸色苍白，连说话的力气都没有。吓得李想从那以后每天都给我准备一份早餐，我都不好意思了。一天早上我又踏着上课铃声走进教室坐下，“快吃早餐吧！一会儿该凉了！”李想说。我从钱包里拿出一百块钱塞给他给他，“来，这两个月的早餐钱。”他不肯收，“你要不收，今后就不要给我买早餐了。”他没有收。从那以后李想没有再给我带早餐了，我也每天尽量早起五分钟去买早餐，但是李想的包里总是不断零食。每到快放学的时候，李想就特别屁颠的从书包里拿出面包，饼干之类的零食说：“来，紫菲，肯定饿了吧？”然后我们就像两只老鼠一样，把头塞进桌兜里偷吃。<br><br>　　其实，我想说，我们宿舍里都是女汉子。王艳拉着我说走篮球社纳新呢，我们去报名，学长可都是又高又帅又有型的呢。我很不屑的用食指点着王艳的脑袋说：“你个大花痴！”转眼我们就到了，王艳毫不犹豫的报了名，她签名字的时候，我看见我又看见了那工整又跋扈的两个字“张扬”，他也报名了。“给”王艳写完名字把笔递给我，我犹豫了一下，“哎呀！你就当是陪我去嘛！”王艳撒起了娇。“好吧！”然后我也报了名。<br><br>　　“紫菲，你快点，一会我们俩该去迟到了”王艳催我。今天篮球社第一次召集大家训练，我特别熟练的把长发挽起来，显得很清爽。然后我们就向体育场飞奔过去。我们去到，还没开始训练，男生们在一块打球。张扬穿着那件黄色的球衣特别显眼，他就钻进我的眼里出不来了。每一个投篮都是那么帅气，我在心里为他鼓掌呐喊。突然张扬手里的球向我飞奔过来，砸到我的头上，我感觉头很懵，就蹲下了，张扬跑过来关切地说：“美女，对不起啊，没事儿吧？”我心里窃喜，他叫我们美女耶！“奥，没事没事。”<br><br>　　刚开学大家总归是客客气气的，过了一段时间大家都玩得很熟了。眼看张扬一个帅气的三步上篮，运球，跳，准备投的时候被一个跳起的瘦高个挡了一下，投偏了，没有进。“张扬，你是猪吗？看不见他从这边拦你啊？”我大声嚷着。“许紫菲，你懂个毛线，闭嘴！”张扬大汗淋漓，晚霞的余光照到他身上感觉好像他整个人都在发光。他掀起黄色球衣一次性盖在脸上擦掉脸上汗珠，我就默默的关注着他，做他的小粉丝，只有我自己清楚我有多么崇拜他。我喜欢他的霸道，喜欢他和我斗嘴。<br><br>　　这时我的电话响了，是李想，我们说好晚上一块去补作业，因为明天要交了，其实也就是我拿他的作业copy一份。“嗯，我这边就要结束了，我在这边等你。”来到自习室，我就拿起作业狂抄，“你有没有不懂的？我来给你讲讲。”“谢谢我们的大学霸，这些我都会做只是懒得耗费时间罢了。”我三下五除二写完了。如释重负的说“走吧！”“现在就走？”他有些疑惑，“不然呆在这里干什么？”“那我送你回去吧！”他有些不舍。回宿舍的路上，他一直问：“紫菲，你要不要吃这个？紫菲要不我给你买个冰激凌吃吧？”我们就一人舔着一个冰激凌走向宿舍。“我是第一次有男生送我感觉怪怪的。”“那今后我每天都送你好不好？”他认真的看着我。“哎呀！干嘛？我长这么安全，根本不用送好吗？”我装傻的说。我们一直没有说话，到了楼下，我说：“我上去了啊，谢谢你的冰激凌。”<br><br>　　从那以后，每天篮球训练，李想也都会去捧场，他总是拎一大兜矿泉水，等大家训练累了休息的时候分给大家喝，“给，张扬”李想扔过去一瓶矿泉水，张扬接住，他们俩是一个宿舍的，玩得很铁。我兴冲冲跑去拿一瓶正准备拧开。“紫菲，这个是给你准备的。”李想把手中已经拧松的脉动递给我。“哎，李想，大家待遇怎么不一样啊？”王艳一脸坏笑的看着我。我使劲掐了她一下：“死丫头，来来来，咱俩换换。”我抢过她手中的矿泉水。我注意到张扬的脸铁青着，不说话，拿一瓶矿泉水浇到头上。王艳拿着脉动很得意的递到张扬面前说：“来，张队长辛苦，给您！”张扬很用力的推开王艳“我不喝！”然后就大步走开了。</p><p><img src=\"http://192.168.87.128/images/upload/13/13/31b7676f-7ab1-48c3-99c1-2fbeb38ba080.jpg\" style=\"max-width:100%;\"></p><p>回去的路上王艳一脸坏笑说：“紫菲，你说我们每天形影不离的，你跟李想什么时候好的，我怎么一开始没看出来啊！快给我招了。”然后就开始挠我痒痒。“哎呀，艳子，你别闹了。我们俩是老乡，你不要乱说，李想他个老好人对谁都好。”“那他怎么不给我买脉动啊？”王艳有点吃醋的说。“好，那我就你们牵牵牵线让他每天都给我们王大小姐买脉动好不好？”“我才不要呢，我已经有我们家张扬张大队长了，你们家脉动还是留着自己喝吧！”王艳脸上洋溢着幸福和憧憬。我的心里一紧张，有点支支吾吾的说“你喜欢张扬啊？”“对啊，紫菲，你不感觉队长特别帅吗？每一个投篮，运球，啊！真是太帅了。”王艳两眼放光的样子看着远方说。我敲了她脑袋一下，“看你一副流口水的样子，好像要吃了让人家张扬一样。”王艳一路上都在给我讲张扬怎样怎样的令她神魂颠倒，我没有听进去。我内心一阵悸动，怎么可以这样，我最好的闺蜜竟然喜欢我心底的那个小心翼翼珍藏的他。<br><br>　　张扬打完球，一边察汗一边冲我走过来，小心脏在砰砰狂跳，我在想要怎样跟他打招呼呢！“给你，张扬。”艳子递给张扬一瓶脉动。“谢谢！”张扬冲艳子笑笑，艳子害羞的低下了头。我就站在旁边看着他们，艳子回过神来说：“来来来，紫菲，我给你买了你最喜欢的果粒奶优。”我接过来，没有说话。燕子是一个勇敢大方奔放的女生，自从那次他给我说他喜欢张扬，现在，每次训练完，她都热情跑到小卖铺去买水。“张队长，那个三步上篮我怎么都学不会，不是多一步就是少一步，一会儿你再教教我吧？”王艳一脸期待的看着张扬。“嗯，好！”“那个，艳子，你跟着张扬好好练，我就不等你了，我先回去了。”我看出了艳子的小计谋。<br><br>　　从那以后我就找各种理由请病假不去参加篮球培训，也不去上课，就那样蜗在宿舍里。李想给我打电话问我是不是病了，说要来带我去医院，我说没事，就是懒得上课。李想托艳子给我拎了一大兜苹果，还有各种感冒药。过了几天，李想问我感冒好了没有，我说好了好了，怕他又给我买药。好了就要多出来走走，不能老是蜗在宿舍里。我们去了图书馆，我一头扎进书堆里，各种类型的小说书一本接着一本，不停地看，像是疯了一样。李想摸摸我的头说，你这脑子不会烧坏了吧？<br><br>　　到了吃饭时间，我也不愿意去，李想说你想吃什么，我去给你买回来。我说随便吧！我又继续钻进我的小说世界里去了，“嘿”有人突然跳出来重重的拍了我一下，吓得我“啊！”一声大叫出来，周围其他人都分分抬头看我，我脸刷的一下红了。张扬特别得意：“怎么样，许爱妃，你的病好了没？”他给我起的外号，他说我的名字，许紫菲，倒过来念是许妃子，今后就叫我许爱妃了。“张扬，你有病啊？吓死我了。”在其他人面前他是一个酷酷的队长，在我面前他像是一个赖皮一样，总是爱捉弄我，并引以为乐。“怎么样啊！最近都不来训练，本来就底子差还不好好训练。”“哼……本小姐就是不用训练也照样虐你。”我夸下海口。“唉吆喂，走吧！练练去。”张扬晃手中的篮球向我挑衅。我不甘示弱，放下书，跟着他来到篮球场。<br><br>　　我抢过球，在篮下不停的投，不停地捡球，再投，完全不顾张扬。我浑身出满了汗，但是仍然在继续投。“紫菲，你怎么了？累了就歇一会。”张扬抢过篮球关切地说，他从没见过我这样，像脱缰的野马一样，拼命投球。“不累”我去抢张扬手里的球，他的手臂很长，他双手举起球，右手一勾，球进了。他抱住我，“到底怎么了？紫菲，你这样对自己我很心疼。”我在他怀里挣扎，他抱得更紧了，“有什么事你给我说啊！”你知道喜欢的人不能喜欢是什么感觉吗？”他在我额头上深深的亲了一下，靠在他宽大的怀抱中，我感觉特别踏实，我真想时光能够停留在那里。“我不管你喜欢的是谁，但今后只能喜欢我，因为我喜欢你。”这是我听过最霸道的告白。他送我回宿舍，半路他的大手主动来握住我的小手，很温暖，但是我甩开了。我们就这样左右并排走着，离得很远，我扭捏着有点不好意思。<br><br>　　他跑去给我买了粥和饼，“赶快吃吧！肯定饿坏了！”他关切的看着我。我真的感觉像是做梦一样，回到宿舍，艳子跑过来关切地说：“怎么现在才吃晚饭？一天没有见你，想死你了。我要抱抱！”我的心里感觉像是做了亏心事，和艳子一直像是亲姐妹一样，我们无话不说，性格相仿的我们很合得来。我从刚才那个甜蜜的梦中醒来，心里像是压一块大石头一样，堵得慌。左手是友情，右手是爱情。洗刷完躺到床上，李想和我聊天，李想是一个特别特别好的人，无可挑剔，对我关心之至，大暖男一枚。聊了好久，我的心也不堵了，就睡觉了。梦中，我们四个人都是特别亲密的好朋友，我们纯洁透明的友谊不参杂任何杂质。<br><br>　　往后的日子里我特别乖，每天按时去上课，乖乖的坐在艳子和李想中间认真听课，然后去图书馆认真完成作业。只是没有再去篮球社团打球了，见着张扬也是绕道走像是没看见一样。我已经决定为了艳子我要灭了心中那窜类似爱情的小火苗。下课了，张扬就在门口堵着我，“张扬”艳子兴冲冲的跑上去，“陈紫菲，你过来一下！”张扬有点严肃。“艳子，你先去等我一会，估计是我这几天没有去篮球社训练，也没有请假，惹队长不高兴了。”我趴到艳子耳边悄悄的跟她说。艳子点点头先走了。“那我也先走了”李想感觉自己有点多余识趣地走了。“你这几天为什么躲着我？”张扬还是特别严肃。“我没有啊，咱俩以前交集也不是很多，也没怎么说话啊！”我装作无所谓的样子看着地面说。“好，那你为什么不去参加篮球培训，而且还不请假？”张扬更加愤怒了。“姐不想去了，行不行，我要退了篮球社。”我有点恶狠狠的又有点不忍心伤害张扬。“好，我再问你最后一个问题，你那天晚上有没有接受我？”张扬抱着最后一丝希望，眼睛特别渴望的看着我。“没有啊！怕你太伤心，安慰你的。”我眼神飘忽，没有敢直视他。张扬愣了一会，平静下来问我：“那你喜欢的人是李想对不对？”“对”说完我面无表情的转身走了，可是转过身的我却已泪流满面。<br><br>　　我在心里安慰自己，如果我和张扬在一块了，那么根据李想的性格，一定会恨死张扬，他俩就不能做好哥们了，而且我也没有脸见艳子了。如果燕子和张扬在一块的话，那么大家都还是好朋友。上课的时候，我依然和李想艳子坐一块，我知道张扬在暗中监视我，所以我就和李想装作很亲密。而且果然奏效，很快张扬就对外声称艳子是他女朋友了。<br><br>　　我像平时一样和李想一块去食堂吃饭，他像平时一样细心体贴的给我剥鸡蛋。吃过饭我们准备返回图书馆，我怕自己的心静下来，会感觉特别空虚和委屈，最近就一只躲在图书馆看书。李想最近和我说话我总是能够听出一种暧昧的感觉。回图书馆的路上，他竟然拉起我的手，“紫菲，我喜欢你，你可以做我女朋友吗？我听张扬说你也喜欢我，是真的吗？”我的脸上一阵发烫，没有回答他，也没有甩开他的手。当时就是，不想让李想伤心难过。就这样，李想每天都约我或者是去图书馆，或者是去公园。他以为我是默认了，善良单纯的我只是不懂得拒绝。有时候我感觉李想大多是一个一块玩耍的好伙伴，而不像是男朋友，他真的是各方面都很好，对我的好也是无可挑剔，我总是觉得我对他缺一种感觉。我们在一块玩的时候还挺愉快的，双子座和双鱼座是很好玩伴，但是恋人指数偏低。当时感觉傻乎乎的，懵懵懂懂的，上课不能做亲密动作，只要有熟人在就不能拉手。为此我们还立下字句，双方还摁手印签名了呢！两个人凑一块就变成了两个逗比。艳子每天不在宿舍，晚上回来的时候就跟拉着我说：“紫菲，你知道吗，今天我和张扬一块去坐摩天轮了呢，给你看我们拍的照片。”我看见照片上他们俩笑得都很开心。心里有一种莫名的悲伤。<br><br>　　放暑假了，我是很期待这个暑假的，在学校里待的够了，想换个环境。李想去火车站送我上车，一路上特别的不舍，我说没事的我们可以打电话，聊QQ。回家之后，我们每天晚上都打电话，聊的今天干什么了，聊到没有话了，还是不挂电话。我给我妈妈说，有个男孩子追我，我不知道怎么拒绝。妈妈说：“那你要知道自己到底喜不喜欢他，现在都上大学了，妈妈也不管你了，可是你要跟着自己的心走，既然都说不知道如何拒绝，那你肯定是不那么喜欢他了？”“他的人特别好，对所有人都好。”我说：“傻孩子，世界上好人多了，他们要是都喜欢你，你该怎么办呢？喜欢一个人的感觉就是就算全世界都不喜欢他，你也会站在他的身后崇拜他。在你的心中他是一个太阳般的人，是最完美的人。”妈妈说完，我的脑海里浮现了李想投中球之后嘚瑟的冲我一笑的场景。<br><br>　　李想再给我打电话，我们总是说不几句，我就想各种借口，我先洗澡，我妈叫我刷碗呢，然后就挂了，再打过来我就说我有一点困了。李想是那种特别迁就我，体贴的人。并不是妈妈那样说我才对李想疏远的，而是每次打电话的话题总是千篇一律，让我感觉如同爵蜡。我用我的小技俩推脱了有一个礼拜，每次打电话就只说了几句。李想问我：“紫菲，你是不是想和我分手了？你说为什么？”我没有说话，“你不想说话，好，你如果是想和我分手，就直接回答我：是 就行了。”我犹豫了，他也不说话，就这样静静的，过了好久，我小声的“嗯”了一声。然后他就默默的挂了电话，我再也打不通。他总是这样，给我想要的，哪怕我想要跟他分开，他也会撕心裂肺的满足我。<br><br>　　开学了，今年我们大三了，时间过得真快。回到学校，进教室的时候我的心里砰砰砰的，好像是做了亏心事一样既害怕见到李想，又有点想看到他。我偷偷地看着他，他瘦了许多，整个人也都像霜打的茄子一样，萎靡不振的。他找过我一次，“紫菲，我们不闹了好不好？”我不知道怎么回答他，他看出了我的答案。走的时候给我留下了一大堆好吃的，回到宿舍，翻看他买的零食，我哭了，全都是我爱吃的。他没有再来找过我，他好像消失了一样，我知道自己有多么残忍，自责也无济于事。从此他对我就就鸡犬之声相闻，老死不肯往来。开学之后，艳子每次回宿舍总是眼睛红红的，看样子张扬又惹她生气了。没多久他俩也分手了。<br><br>　　时间过得不急不慢，百无聊赖的我喜欢泡图书馆，一泡就是一整天，大学，我可没少啃图书馆的书。上课的时候，李想总是故意躲着我。张扬喜欢盯着我看，碍于艳子，我也总是避着他。快毕业的我们还是比较忙的，写完论文，答辩过后，我们就要毕业了。<br><br>　　有些人，一辈子都不可能会在一起，但可以在心里藏一辈子。毕业那天晚上你问“如果我们能在恰当时间，恰当的地点，恰当的场合，相遇在一起，会不会在一起相恋？”<br><br>　　“时光恍若隔世，或许会吧，只是没有如果！”我抬起头，仰望着星空说。<br><br>　　泪光滑过你的脸颊，在夜空发黄的灯光照耀下，显得晶莹剔透，“我懂了！”你转过身，背向着我说。<br><br>　　“人生若之如初见，何处秋风悲画屏。”彼岸豆蔻，谁许谁地老天荒？此去经年，谁伴谁天涯海角？只道是情深似海，奈何缘浅于此。你说“我们在最美的季节相遇，却没有在最美的季节相恋。”我说“情深与此，奈何缘浅！”只道一声君安，勿忘！　　</p><p><br></p>','2017-09-20 22:37:53',0,'wangqing'),('6fb1419293b9f3ea',4,'心生莲花，芬芳自来','<p><img src=\"http://192.168.87.128/images/upload/10/15/ddcf234b-1b59-4c71-9d26-15555c2296bc.jpg\" style=\"max-width:100%;\"></p><p> 人生是一个不断历练的过程。只有失败的事情，没有失败的人生。人生也是一个不断失败，且又不断前进的过程。失败，增长的是智慧；挫折，磨练的是意志。无论任何事情，只要坚持到最后，最终会赢得胜利。<br><br>　　 生命不止，岁月不熄。人生需要一个百折不挠的精神。生活有时就像爬山，跌倒的时候，即使滚落到山脚下才爬起来，依然不能放弃。<br><br>　　 生活不会无缘无故的给你多少，每一次的成功，都是自己努力的结果；而每一次的努力，又会让你取得更大的成功。<br><br>　　 生命中的坚强，不是曾经经历过多少次风雨，而是历经风雨时，依然能够选择义无反顾的前行。<br><br>　　 或许人生曾经对谁有过偏爱，但命运却掌握在自己手里。时间带走的，谁也无法挽留 ，但今天留下来的，相信一定可以创造出让自己满意的未来。<br><br>　　 岁月的心中总是装着慈悲，无论走到哪儿，命运最终得到的都将是一份宽厚。而大多时候，时光却总是一位旁观者，看着你尝遍人生百味，却从来不会主动站出来，哪怕是帮你一次也好。<br><br>　　 每个人都希望把平常的日子过成诗，把平凡的岁月酿成酒。而大多时候，心中的诗却总是躲在那个叫远方的神秘地方，而酿出的酒，也常常变成一杯清苦的茶。<br><br>　　 并不是命运故意捉弄谁，而是有些东西，往往在得到后，便不再珍惜；有些事情，只有在品尝过苦涩后，才懂得生活中任何一种事物都有苦中有甜。<br><br>　　 不要做那个追梦的人，因为追求任何一种不现实的东西，到头来苦的、累的还是你自己。有时候，梦幻与现实之间看似遥远，但当你明白后，就会发现，它们之间只差你一个成熟的距离。<br><br>　　<br><br>　　 人生是一本无法改写的书，每一步的行走，都会在这里留下一页历史。而这本书里，也将会有许多无法续写的篇章，让你从此懂得人生还有遗憾、无悔和生命的珍贵。<br><br>　　 生命中的沉厚，就像一坛陈年老酒，愈陈愈浓，愈久愈醇。人生大可适时的给岁月留一份厚重。因为只有经历过，才懂得苦；尝过了，才知道甜。</p><p><img src=\"http://192.168.87.128/images/upload/2/11/3f389362-dd83-4d8b-aa7f-9a7a6133ae2b.jpg\" style=\"max-width:100%;\"></p><p>人生亦如茶，手捧生命的温度，看浮华三千，尝人生百味。红尘有暖，岁月，只有在暖中才有幸福，福至，才感到真情；茶中有静，人生，只有在静中才能开悟，悟透，才懂得取舍。<br><br>　　 尘缘如梦，梦中的风景再好，也只是昙花一现，稍纵即逝。醒了，才知道只有打理好自己的心园，才能感受到人生中什么是真正的春暖花开。<br><br>　　 人生的脚步不要走得太快，生活的美好不是追求终点的辉煌，而是路上一直伴你前行的风景。<br><br>　　 尘世风烟，世象皆空。清守一静处，虽诸多辛苦，终自有一善。凡尘游走，自有苦乐哀愁。苦多了，亦有甘来；悲过了，自会快乐。<br><br>　　 人生浮世，看尽三千繁华，皆为乐而苦，为苦而悲。大千世界，芸芸众生，世人皆苦，我自独乐；世人皆乐，我亦同欢。繁华如云，沧桑入水，修行不在时间长久，心有莲花，芬芳自来。</p><p><br></p>','2017-09-20 22:37:53',0,'20170904'),('75952f92a01edcd9',3,'一个人经历的越多，也就会看得更清楚','<p><img src=\"http://192.168.87.128/images/upload/0/7/c61e049d-bf00-4d09-9092-d6310577bf9b.jpg\" style=\"max-width:100%;\"></p><p>如果你是一片明净的湖水，那鱼儿迟早会游来伴你；\n<br>\n<br>　　如果你是一片明净的蓝天，那雄鹰迟早会向你飞去。\n<br>\n<br>　　时间是漫长的，亦是短暂的。经历时，有一种艰辛；回观时，又有一种惆怅。人只要一回忆，便会生出一种暮年的心态。观人，观物，观事，都仿佛有一种超越在思想当中生出。但只是，仿佛……\n<br>\n<br>　　一个人经历的越多，阅历就会在不断增加、更新，随之也就会看得更清楚。只是聪明的人会从经历中总结经验，不断历练，让自己的人生更加绚丽多彩，为自己的生活锦上添花；而愚蠢的人依然会怀有一颗浮躁的心，不甘心的状态纠缠某件事某个人，不肯妥协，最终伤害最深的是自己。\n<br>\n<br>　　人生就是一个不断选择的过程，在这个过程中，我们拥有，或是放弃；我们得到，或是失去；我们遗憾，或是后悔；我们铭记，或是遗忘；我们微笑，或是流泪；我们幸福，或是痛苦……\n<br>\n<br>　　简单做人，洒脱自在。简单是一种平淡，但不是单调；简单是一种平凡，但不是平庸；简单是一种美，是一种原汁原味的美。不忘初心，方得始终。\n<br>\n<br>　　一个人经历的越多，他/她便会思考的更多。越是优秀越是努力，这一现象的根因在于：优秀的人总能看到比自己更好的，而平庸的人总能看到比自己更差的。真的努力后你会发现自己要比想象的优秀很多。记住一句话：越努力，越幸运。\n<br>\n<br>　　一个人经历的越多，他的抱怨就会越少，相对于那些成天抱怨的人，他经受的波折可能更多，见多识广，阅人无数，更能体会人间的真情冷暖，更加理解生活，懂得感恩，深知宽容是这世界上最美的字眼。\n<br>\n<br>　　一个人经历的越多，就会变得越来越成熟、稳重、安静，因为经历，他明白谁是真情实意、掏心掏肺的对自己好，谁又是虚情假意，为了钱、为了权、为了名利、地位而与自己根本就不喜欢的人纠缠、套近乎。\n<br>\n<br>　　幸运就像球拍，而不幸则是球，只有“幸运的球拍”才能将“不幸的球”狠狠抽打出去。幸运，傻瓜也会享用，不幸，却不是什么人都能承受得了的。\n<br>\n<br>　　犹如电视剧《警花与警犬》中李殊寒的父亲，离婚后一直从事自己的影楼事业，在婚姻中没有担负起应当的责任，与之后来交往了好几段感情，有愿意与他结婚的，也有只为钱与他交往的，而他，却不想为她们其中任何一个做出承诺，最终因为身边的女人觉得耗费了自己多年的青春而报复他，将影楼中最重要的五块硬盘偷走……此时，她的父亲才醒悟：一个人经历的越多，才会看得更清楚，只有殊寒的母亲才是真心对他好。\n<br>\n<br>　　当你经历过爱与被爱，学会了爱，才会知道什么是你需要的，也才会找到最适合你，能够和你相处一辈子的人。\n<br>\n<br>　　当你正处在一条不归路途时，请学会停下来，歇歇脚，回顾一下自己，一路走来的风景，有前车之鉴为什么不吸取精华，非要撞到南墙才回头？路的方向错了，懂得转身从头再来，一步一个脚印还来得及，一个人经历的越多，就越能更清楚的认识自己，了解自己，遵从内心深处的声音、做最好最真实的自己吧！\n<br>\n<br>　　人生的道路上，充满的荆棘与诱惑，要学会面对，学会坚强，学会淡然，学会放下，学会理解，学会包容，一种经历，一个过程，一段阅历，是一辈子的选择，因为选择不同，所以，造就了不一样的人生，婚姻如此，工作如此，人世间说不清道不明的感情更是如此。</p>','2017-09-20 22:37:53',0,'20171893'),('7c0d51b7dcba019b',1,'醉画仙','<p>&nbsp; &nbsp; &nbsp; &nbsp; &nbsp;19世纪中叶，封建的朝鲜王朝在内外交困中风雨飘摇。遭逢乱世，生为乞丐的少年张承业（崔岷植饰），遇难街头巧为书画世家金师傅（安圣基饰）所救并收留。金师傅意外发现少年张承业在绘画方面的天资聪慧，爱才之心油然而生。金师傅将承业推荐给一位乡村画师学画，承业学习刻苦进步神速。可惜好景不长，画师不幸因病去世，承业不得已回到金师傅处报丧。金师傅又将承业荐往当地士绅李应宪家做下人。李府家大业大，藏书藏画颇丰，好学的承业借机在李府悄悄自学绘画。李府千金李小姐（孙艺珍饰）天生丽质，性情温婉，但体弱多病，待嫁闺中，她对承业的绘画青睐有加。面对红花美景，羞月佳人，青年承业不禁情窦初开，暗恋心生。可是，出生的贫贱，门第的沟壑，使两人虽近却远，了无姻缘。不久，李小姐风光外嫁，失意的承业于黯然中离开李府。\n醉画仙\n醉画仙(6张)\n承业于记忆中临摹的名画渐行其道，引来无数喝彩。李应宪登门指承业窥画偷艺未经许可，令承业惶恐不已。然而，同样爱才的李应宪并未加罚于承业，并转而将他举荐到著名的六桥画院继续深造。经画院名师汉师傅的指点和调教，承业画技大进，名噪一方。欣慰不已的导师金师傅为承业起艺名为吾圆。在一次为府台大人贺寿献画的表演中，吾圆力压群芳，技惊当场，令自叹不如的汉师傅颜面尽失。画院同窗怒其目无尊长，恃才傲物，无不对其大加挞伐。内疚的吾圆长跪于汉师傅窗前，以示心中愧疚之意。汉师傅语重心长的告诉吾圆，望他能为后世子孙做个榜样，青出于蓝而胜于蓝。\n学业已成的吾圆开始独行其市，自成一家，求画者渐多。然而，名声鹊起，耽于酒色，囿于喧哗的吾圆却自感在画技与画意上裹足不前，难以进取。狂躁的吾圆一心苦求突破自我，却不觉陷入意志消沉的心魔之境。绝望中他弃家别妓，跋涉山水，行走天地，于风霜雪雨，天寒地冻中找寻画意的真谛，感悟自然的奥秘。光荫荏苒，时光如梭，久经磨难，执着向画的吾圆终成大器，自创门派，成为甚极一时的绘画大家。上至官宦名门，下至庶民百姓，求画者络绎不绝，趋之若鹜。成名后的吾圆故态复萌，更加肆意枉行，红尘不断。然而，一个国破山河碎，家贫寸草生的祖国，何以能够庇臣民于水火之中？面对滔天巨变，江山易帜的悲情年代，又何来一片纯净的圣土以供艺术之花长绿，生命长青？随着家破国亡的浊浪翻涌，盛极一时的吾圆终挡不住命运的一炉红焰，在灿烂中灰飞烟灭，不知所踪。而他的画也成为这个曾经的国度，悲情中那最后的一道闪光。[2]</p><p>&nbsp;&nbsp;<img src=\"http://192.168.87.128/images/upload/10/15/4a88a439-3d07-4259-b850-01cf9d2c4518.jpg\" style=\"max-width: 100%;\"></p>','2017-09-20 22:37:53',0,'sunyizhen'),('84d890b0e42adfbc',5,'你缺的是朋友，而不是朋友圈','<p><img src=\"http://192.168.87.128/images/upload/13/1/b9a608fa-7cd2-4065-8697-58c494672de9.jpg\" style=\"max-width:100%;\"></p><p>朋友S是个精力旺盛的人，他的朋友圈里几乎没有单人照，每天都是与互不相同的密友自拍。S确实像是生来就具有调动气氛的天赋，无论是一起唱歌还是聚餐，他总能迅速暖场，中途还能救冷场于无形。<br><br>　　前段时间，福州办青运会。他去做了志愿者，认识了一帮新朋友，穿着小青果的衣服在赛场边上蹿下跳。<br><br>　　在这个并不能算是一线的城市，凡是有大型活动，必活跃着S的身影。他的朋友圈俨然已经成为某个都市报的活动版块，实时播报着这个城市的各种动态。<br><br>　　每每将他的朋友圈一一扫过，我都会产生一种“不配和他在同在一个城市”的自惭形愧。<br><br>　　贰<br><br>　　朋友L截然不同。L少言寡语，不爱热闹，不议是非，平日里一副形单影只的孤独模样。上学的时候，人人都在竞争班长、团支书过过官瘾，唯独他挑了个“劳动委员”的苦差。<br><br>　　我们交情不深，因为同选了一门选修课，才一周一会。课间无聊，也会时常有一搭没一搭地聊点私事。<br><br>　　毕业后我们鲜少联系，直到有一天，我接到他的电话，他让我猜猜他在哪儿。<br><br>　　还没等我开口，他就一声坏笑着抢白了我的话：“啊哈，就知道到你猜不到，我在贝加尔湖畔！”<br><br>　　然后他就自顾自地说起，大学的时候，网络上有个帖子流传很广，说人一辈子一定要坐一次通往俄罗斯的铁路。那时选修老师正唾沫横飞地讲着糖代谢，我一脸兴奋地拿给他看，结果老师写满黑板的糖代谢示意图他没记住，反倒记住了这一路山峦、草原、白桦林、贝加尔湖，就心心念念地想来一趟。<br><br>　　老掉牙的少年往事，他连各种细节都记得比我清楚。<br><br>　　他说，俄罗斯的女人比你还要壮硕，哈哈哈。<br><br>　　我说，滚。<br><br>　　嘴上不饶，却心里一暖。<br><br>　　叁<br><br>　　有段时间，朋友圈流行集赞的活动，S君一连发了许多个，然后恭恭敬敬地群发给好友，要大家帮忙点赞。<br><br>　　那阵子，我工作并不忙，稿子也写得不多，可就连手一滑点进他朋友圈的欲望都没有。<br><br>　　有一天，去了个大饭局，S君正巧也在，忙不迭地向我抱怨，怎么朋友圈的集赞人数总是不够。<br><br>　　我大吃一惊：“以你的人脉，我以为你早在第一天就攒齐了呢。”<br><br>　　他苦笑道：“哪儿啊，每次集赞我都群发了两三遍，最后都不好意思再发了，可还是没攒够。”<br><br>　　我心虚地没回应，生怕他提起几次点赞我都没有参与的事，甚至怀疑他是不是旁敲侧击地来影射我。<br><br>　　倒是L偶尔发来的“求点赞、求转发”，等我点开的时候，下面都早已有了他的留言：谢谢各位朋友帮忙，我的赞已经够啦！<br><br>　　肆<br><br>　　从关系的亲疏来说，我无疑是和S君更熟悉一些。大学时代，我们共同策划了无数大大小小的社团活动，一起通宵夜战，写策划，拉赞助，熬得双眼通红。一起在散场后，喝着大酒，分享成功的喜悦。<br><br>　　但S君似乎与整个世界都熟稔，他的世界并不缺我一个。和他挑灯夜战过的，不止我一个；和他喝过大酒的，也不止我一个。<br><br>　　他发的状态里，永远都是我不认识的人，我没见过的风景。他跟新朋友出去玩，拍出来的照片里那一张张笑脸，也全都是我不认识的人。他的喜怒哀乐多么丰富，却没有一丝一毫关于我的痕迹。<br><br>　　S君让我感受不到自己的存在感，哪怕只是非常微弱与渺小的存在。<br><br>　　有时候我们不得不承认，人类潜藏在内心深处的对爱与关注的占有欲就是这样偏激自私。也不得不承认，除了爱情，友情也同样具有排他性。<br><br>　　这不值得大肆宣扬，成为任何一种抢占或犯罪的原因。却也不应被口诛笔伐，顶多算是上帝造人时，不小心做下的恶作剧。<br><br>　　我们都希望自己成为别人的the only one，如果不能，就希望自己至少要比别人特别一点。<br><br>　　就像L对我：当我看到贝加尔湖的时候，突然就想到了你。<br><br>　　那一刻，我觉得自己在L心中，比起别人，多了一弯月牙形的湖泊。<br><br>　　笼络人心有时候很简单：甜言蜜语不用多，就一句微弱的在乎，就是最笃定的友谊见证。<br><br>　　伍<br><br>　　我也犯过S的错误，误以为经营好朋友圈、频频获得他人的点赞就是社交皇后。其实那些点赞的意义不过是“你的生活过得很不错”或者“朕已阅”，而不是“你过得好吗”“我好想你”。<br><br>　　多用心给朋友一点在乎、贴心地送去问候，两个人拥有的独家记忆，远比一方摇曳生姿的朋友圈来得珍贵。</p>','2017-09-20 22:37:53',0,'wangqing'),('898bf151f786867a',9,'如果有那么一天 (致我的好闺蜜们)','<p><img src=\"http://192.168.87.128/images/upload/5/9/9c43eebb-c759-433e-8a1f-5a75af14def1.jpg\" style=\"max-width:100%;\"></p><p>闺蜜，这词我也是最近有所耳闻且领悟颇深。遨游于友谊的海洋里，心手相牵，快乐地玩耍，此刻的幸福源于这深厚的情谊，寄语彼此走过的每一天。愿这份美好长久相随，海枯石烂，相守到老！<br><br>　　 曾经我不晓得闺蜜的寓意，显然觉得闺蜜二字有些肉麻，也不会轻易的说出口。直到常听闺蜜滔滔不绝地说着我们闺蜜间的知心话，才恍然明白这种自然的默契，敞怀的知心谈心，无话不谈，形影不离，知己般的情谊已经升华为了如今的闺蜜之语。小时候，我们是一起玩过家家的小伙伴，长大后，我们是一起上学的同学，成年后，我们是一起谈天说地的知心人。如今，我们是一起互诉肝肠，知心谈心的好闺蜜。发小的我们经过时间的历练，情谊无与伦比的美丽。<br><br>　　 当时间不知跑哪去了的时候，我们依然在一起倾诉琐碎。<br><br>　　当毕业各自工作的时候，我们依然联系着彼此，尽管不是经常，偶尔的联系却总有说不完的话。<br><br>　　 当逢年过节的时候，总会抽出点时间小聚一会儿，哪怕就是一杯热茶，也要喝个尽兴，聊个热火朝天才肯散去。<br><br>　　 当各自有所烦心或欣喜之事，便会第一时间通知并商量对策，或许这就是传说中的闺蜜小暧昧吧！<br><br>　　 当到了即将奔三的我们还未找到意中人的时候，闺蜜间的话语便是在默契中帮助彼此，给予安慰，给予意见。没有所谓的追根问底，没有所谓的“严刑逼供”，只是安静地互听彼此的真心倾诉。<br><br>　　人海茫茫，遇到彼此，便是一种幸运。闺蜜的世界里有着属于我们闺蜜间的故事，美的与不美的都将是我们青春纪念册里最宝贵的留影。<br><br>　　一生的时间，我们还能在一起多久呢？<br><br>　　眼看就要奔三了，我们会有自己的家，或许离乡，或许驻地，未来的事谁又能说得准呢？是的，闺蜜当然是一辈子的闺蜜，但是在一起的日子还能有多久呢？<br><br>　　 今年，我们二十五岁了，卸下了稚嫩的武装，为了做个有所担当的大人而努力着。从小就腻在一起的闺蜜，为了长大而不得不分离，多么痛的领悟！此别乃不知何日相见？<br><br>　　 如果有那么一天，我的好闺蜜们，请记得我们在一起的每一天。走过的胡同，爬过的金鸡山，喝过的井水，都将如最美的经历篇章铭记于心。在一起的时光，记忆深刻里的小片段总会不经意间回放：一起洗过衣服，嬉戏泉水，你洒我我洒向你，清凉于心；一起骑过自行车，你追我赶，你载我我载着你，快乐于心；一起共处一室，温馨如画，你倚着我倚着你，温暖于心。就把那段美好的时光留在彼此的记忆里吧！<br><br>　　如果有那么一天，我的好闺蜜们，请记得若我们彼此之间不常联系，但不要断了联系。<br><br>　　如果有那么一天，我的好闺蜜们，请记得心烦意乱无处倾诉时，拨通闺蜜之号，我会在那等你，如初般替你分担一些情绪上的小荡漾。<br><br>　　 如果有那么一天，我的好闺蜜们，请记得想念彼此时，我们就来个闺蜜小聚会，畅所欲言叙叙旧，小闹一会儿。<br><br>　　 如果有那么一天，我的好闺蜜们，请记得不管何时何地，我们都是一辈子的好闺蜜，好姐妹！<br><br>　　 敲击键盘，之所以煽情了一小段，是因为二十五六的我们真的不小了，说不定哪天就出嫁了。然而离开了家，我们可以时常回家看看，如若离开了闺蜜，见面的机会就真的很渺茫了……<br><br>　　 致我的好闺蜜们，年轻的缩影里有我们稚嫩的笑脸，想念了，不妨看一下天空中翱翔的飞机，夜空中的彗星，如若寂寞了，就读一下孟浩然笔下的春晓……</p>','2017-09-20 22:37:53',0,'wangqing'),('910ca32bdfc007b0',3,'白夜行','<p><img src=\"http://192.168.87.128/images/upload/6/5/34e5510a-8c9b-44e7-967d-155b0c8a0576.jpg\" style=\"max-width: 100%;\"></p><div>\n韩剧白夜行剧照(21张)\n</div><div>\n<div></div>\n<div></div>\n</div><p><a title=\"韩剧白夜行剧照\" href=\"https://baike.baidu.com/pic/%E7%99%BD%E5%A4%9C%E8%A1%8C/9904999/15771367/b25d99019dcf449d277fb5b5?fr=lemma&amp;ct=cover\" target=\"_blank\" nslog-type=\"10000206\">\n\n\n</a>\n便消失了。刑警韩东秀<i>（</i><a target=\"_blank\" href=\"https://baike.baidu.com/item/%E9%9F%A9%E7%9F%B3%E5%9C%AD\"><i>韩石圭</i></a><i>饰）</i>为了证实自己对一起已有定论的杀人案的猜想，致使自己的儿子意外身亡，从此变得意志消沉起来。14年后，一桩杀人案似乎和当年这起案件有着某种联系，当韩东秀再一次开始关注起当年一名被害人的儿子有汉<i>（</i><a target=\"_blank\" href=\"https://baike.baidu.com/item/%E9%AB%98%E6%B4%99\"><i>高洙</i></a><i>饰）</i>时，意外认识正在帮助财团老板调查未婚妻柳美皓<i>（<a target=\"_blank\" href=\"https://baike.baidu.com/item/%E5%AD%99%E8%89%BA%E7%8F%8D\">孙艺珍</a>饰）</i>的私家侦探，从私家侦探那里得知这名叫柳皓美的女人正是当年被认为是畏罪自杀的凶手的女儿李佳。当年这两个韩东秀曾经有怀疑过的小孩子如今长大成人，而且又同样因为凶杀案出现在他的周围。在韩东秀的追查过程中，他发现了当年凶杀案以及近期凶杀案的真相，而真相背后，却是一对永远不能在光天化日之下见面的苦恋情侣<sup>[3]</sup><a name=\"ref_[3]_6179276\">&nbsp;</a>\n<!--EndFragment--></p><p><br></p>','2017-09-20 22:37:53',0,'sunyizhen'),('9188845cf9be7aa0',8,'now and now','<p>现在，我在敲代码</p><p>昨天，我不再敲代码</p><p>以后，也不会敲代码</p><p>最后，代码拜拜拜拜</p><p><img src=\"http://192.168.87.128/images/upload/8/12/c3b7383c-d58e-4dc5-8154-1223846223e1.png\" style=\"max-width: 100%;\" class=\"w-e-selected\" width=\"337\" height=\"337\"></p>','2017-09-20 22:37:53',0,'maoyuanming'),('9a714cc5bdf041b1',5,'转身发现，那份情依旧','<p><img src=\"http://192.168.87.128/images/upload/6/0/046d074d-07b8-4067-bb72-8cc108c632c5.jpg\" style=\"max-width:100%;\"></p><p>有时，只需微微一转身，或许就会发现一些意想不到的事。<br><br>　　当我走在人生这个漫长的旅途中，我不小心丢掉了许多东西，有些或许本不属于我，因此它离开了我，然而有些本不应该离开我，却被我无情的抛弃。<br><br>　　我一步一步的向着前方迈进，终于有一天，我累了，我停下了那前进的脚步，可是却发现自己变得孤独了，因为我的身边缺少了她的陪伴，“我失去了她？”“或许吧，因为你不配拥有她，一开始是你先放开手，你毅然选择离开的时候，你又何曾想过她的感受。”内心中的一段对话让我意识到原来我已经失去了她，可这一切不都是我咎由自取得到的么，或许我与她之间存在的不过是点点回忆罢了，或许我与她的人生轨迹不会再有交点，因为我们走的路可能是一条平行路，又或者，本是一条交叉路，可是我们却错过了交点，我们之间的距离或许会随着时间的移动而越来越大，早在刚认识的时候我就明白这一天的到来是必然的结果，但却从未想过，这一天可以到来的如此之快我没有思想准备，因为有许多的不舍，可最终我却狠下心决定将这份从小到大的友情放弃，因为我不配拥有。<br><br>　　可是在想放弃的这一过程中，我明白其实我真的无法遗忘，我真的无法放下，可是我又该怎么办呢，矛盾的心理使我感到烦闷。“要不去找她吧。”一个声音告诉我，“可是这可以么？万一我们之间变的陌生怎么办，那样岂不是很尴尬？算了，还是不去吧！”一个想法否定了这个方法。时间久了，我就发现，原来我一直都是朝着前方看，没有看向旁边。<br><br>　　不经意间的一次偶遇。“嗨！”“嗨，最近还好么！”“还好……”就这样，我们聊起了分开后的点点滴滴。“去我家玩吧。”“好啊！”就这样，我们回到了她的家，回到了她的身边之后，却发现，原来我们之间并没有我所想象的那样有陌生感，会有一层隔阂，其实我们之间依旧可以和原来一样的谈天说地，可以幸福的坐在一起想受美食的快乐，其实我们之间的友情并未因时间的推移而淡化，你依旧是我可以倾诉的对象，而我依旧是你最忠实的粉丝，我们依旧是最好的闺蜜，知己。<br><br>　　回想起那一年，我们的相遇，那时候的我们才三年级，那个时候的你是那样腼腆，我也从未想过我们能成为好朋友，可就是那样的不曾想过，我们成为了好友，一起出出进进，虽然我与她的性格截然不同，爱好不同，我们可以说一个是东方，一个是西方，但就是有那么多的不同，让我们走到了一起。我们有儿时的一起嬉戏到长大时的依偎，一直到初二那年，我们是分不开的好朋友，可是就是那一年我却选择了转学，我们之间隔了一座桥，渐渐的，我们少了彼此，遗失了彼此，可却不曾想过尽管分开，但在各自的生活中，我们仍会想着对方，念着对方，心里有着彼此。我们从来都没有忘记过对方，一次偶然的再次相遇，让我明白了，其实距离分开不了我们。<br><br>　　我们曾近共同走过童年，走向少年，而现在。我们依旧可以共同拥有青春，相信以后我们也可以共同走过老年，一起享受音乐，美食，笑话……可以谈天说地。<br><br>　　有些东西，错过了，或许也就永远错过了，不要等到失去，才明白珍惜，因为到那时候，一切都已经晚了，它们也将不再属于你了，而有些东西或许是在你不经意间放手，但当你真正意识到你失去它时，可不要轻易放弃，有时，或许只要微微一转身，你就会发现其实它一直在你身旁，只是你将它遗忘了而已，你没有注意到它。</p>','2017-09-20 22:37:53',0,'xiexiao'),('a2c9e60387605d65',9,'爱情不是你想买就能买','<p><img src=\"http://192.168.87.128/images/upload/13/5/1eee9931-10dd-4f9a-98de-de97b59af191.jpg\" style=\"max-width:100%;\"></p><p>某年、某月、某日，晴，我在从前等你……<span>&nbsp;</span><br><br>　　时光如梦，恍然离下；朝花夕拾，尽是枯萎。从前，我爱你！<span>&nbsp;</span><br><br>　　庄严的殿堂，洁白的婚纱，新郎绅士的将戒指戴在了新娘的无名指上，俯身亲吻了新娘的额头，随后道出一句：我爱你。新娘脸上幸福洋溢，露出两个浅浅的酒窝。这个画面经常出现在我的梦里。<span>&nbsp;</span><br><br>　　那年那个酷热的夏天，我考上了省城的高中，家里父母忙于工作，抽不出时间送我到学校，我自己一人提着两大包行李坐车来到学校门口，当我把行李提下车时，我才发现自己第一次来这，根本不知道要去哪，而且还有两包行李，顿时让我有些不知所措。<span>&nbsp;</span><br><br>　　“喂！同学，需要帮忙么？”。阳光下一张帅气的面孔进入了我的视线<span>&nbsp;</span><br><br>　　在一个陌生的地方，遇到了一个陌生的男孩，我本应该警惕的，但看到他身上的校服，让我立即消除的警惕出于礼貌，我屡了屡额前的刘海回答道：“我是新生，第一次来这里，请问我该去哪里报道？”<span>&nbsp;</span><br><br>　　他提起我的两包行李，走吧，跟着我，带你去报道，顺便在帮你把行李送到宿舍。<span>&nbsp;</span><br><br>　　之后他带着我报道，然后帮我把行李提到宿舍楼下。“你自己提上去吧，男生不能进女生宿舍”。他有些不好意思道。<span>&nbsp;</span><br><br>　　这是我们第一次见面，我们交往后，我还问过他，当时为什么会来帮我。<span>&nbsp;</span><br><br>　　那年那个酷热的夏天，马路旁站着一个身穿白色连衣裙的女孩，精致的花边衬出白皙的双腿，修长挺拔，玲珑的曲线完完全全的勾勒了出来，女孩一脸无助，这一幕出现在他眼里，他便忍不住想要上去搭讪，可是却没有什么借口，当看到女孩身旁的行李时，他便直直的朝女孩走去。<span>&nbsp;</span><br><br>　　喂！同学，需要帮忙么……<span>&nbsp;</span><br><br>　　时隔多年，每当我想起那个夏天，嘴角都洋溢起幸福的微笑。<span>&nbsp;</span><br><br>　　我们两个在一所学校，虽然不在一个班，但是我们每天都能遇到。不知是他有意还是无意，每天放学我总是在同样的地方看到他，他看到我总会给我一个特别阳光的微笑，同样，我也会给还他一个灿烂的微笑。时间久了，我也养成了习惯，每天放学，就算不用从那条路走，我也会绕路过去，同样，每次过去都能得到他一个特别阳光的微笑。<span>&nbsp;</span><br><br>　　就这样，不知不觉我们都上了高三，没有了高一高二那种轻松的学习环境，还有几个月就要面临高考，所有人都开始奋发图强。放学，几乎所有人都是拿起书，飞快的冲回宿舍继续学习。而我，仍然每天都会绕路过去跟他见面，几年不变的是他还是会给我一个特别阳光的微笑，同样，我会还他一个灿烂的微笑，每次除了远远地微笑，我们不会说一句话。有几次我想上去跟他说话，可他冲我微笑后，就转身离开了。<span>&nbsp;</span><br><br>　　突然，有一天放学，我还是照常去与他碰面，可是却没看到他，我以为他有什么重要的事，可能迟到了，可是我等到宿舍快要关门了，他还是没有出现，那天我特别失落的回到宿舍。<span>&nbsp;</span><br><br>　　接下来一个多星期，我都没有再看到他，仿佛他突然就人间蒸发了，最后我开始慌了，终于我忍不住去他班里问他同学。得到的却是他一个多星期前就请假了，再也没有其他消息。<span>&nbsp;</span><br><br>　　高三紧张的学习氛围让我无法抽出时间去想他，可是每天放学，我还是会去那条路等他。<span>&nbsp;</span><br><br>　　高考前一个月，还是那条路，我看到了那个熟悉的身影，我再也忍不住跑了过去，责怪的问道：“这么久你去哪了，我每天可都在这里等你。”<span>&nbsp;</span><br><br>　　“对不起！”他开口道：“做我女朋友吧？”<span>&nbsp;</span><br><br>　　我想也没想便答：“好啊！”<span>&nbsp;</span><br><br>　　他突然伸手捧着我的脸俯身吻在我的额头上，我出奇的没有阻止他。<span>&nbsp;</span><br><br>　　那年，我们18岁。<span>&nbsp;</span><br><br>　　高考过后，我如愿考上了自己理想的大学，而他却连最普通的大学也没考上。<span>&nbsp;</span><br><br>　　去大学的那天，他帮我提着行李，送我到车站，上车前，他猛然抱住我，我也紧紧抱着他。<span>&nbsp;</span><br><br>　　汽车发动，夕阳下，他冲着车内的我又发出了一个特别阳光的微笑，同时，我也冲塔发出了一个灿烂的微笑。他猛然喊道：“等我一个月，一个月后，我去找你！”<span>&nbsp;</span><br><br>　　我听到后，眼角忍不住划过一丝眼泪。<span>&nbsp;</span><br><br>　　一个月后的一天，我因为要出校办点事，刚刚走到大门口，便看到屹立在校门外马路边那道熟悉的身影，我迅速朝他跑去，狠狠抱住他。<span>&nbsp;</span><br><br>　　“傻瓜，抱这么紧，还怕我跑掉啊！”他轻轻在我耳边说道<span>&nbsp;</span><br><br>　　“笨蛋，我想你了。”我不争气的眼泪再次划过脸颊。<span>&nbsp;</span><br><br>　　“嫁给我，你愿意吗？”他认真的问道。<span>&nbsp;</span><br><br>　　“嗯，好！”我擦了擦眼角的泪水含糊不清的道出两个字。<span>&nbsp;</span><br><br>　　那年，我们19岁。<span>&nbsp;</span><br><br>　　不久后，他在我学校附近找了个工作，还租了个房子，时不时的做些好吃的送到学校给我吃，朋友们都特别羡慕我有一个这么好的男朋友。还让我看紧点，不然小心被她们抢走，为此我还担心了一阵子，可发现，每次他到学校来给自己送好吃的时候，从来不会看别的女生一眼，只是认真的看着我吃完，然后跟我聊聊天，就会离开学校回到他的出租屋。我就慢慢放心了。<span>&nbsp;</span><br><br>　　两年后，我上大三了，也开始在外面实习，本来准备自己租个房子，可是他告诉我让我去他那里住，我想了一下，便欣然答应。<span>&nbsp;</span><br><br>　　一间简易的屋子，两个房间，一张桌子，两把椅子，一台旧电视机和一些生活用具。本以为男生的房间都很乱，本来简易的屋子里却收拾的干干净净。我跟他一人一个房间，每天他出去工作，我出去实习，晚上回来，他就会给我做些好吃的。生活虽然简单，但却无比幸福。<span>&nbsp;</span><br><br>　　一天傍晚，下着大雨，电闪雷鸣，我实习完回到出租屋，刚刚打开门一阵浓密酒气扑面而来，我差点被熏晕，往日干净整洁的屋里，到处都是啤酒易拉罐，看着他房门开着，不断有酒气传出，我慌忙的跑进他的房间，眼前的一幕，让我伤心，看着往日那个阳光帅气的大男孩，现在满身酒气，躺在满是易拉罐的地上，帅气的面孔上沾满了泪水和酒水，他为什么会如此痛苦？当我看到他床头上的一张黑白照片，照片中一男一女，男的跟他长的很像，照片还放着一份遗产证明书。<span>&nbsp;</span><br><br>　　我总算知道，高考前，他为什么会突然消失。那一天，他父母开车出差，路上遇到车祸，双双遇难。<span>&nbsp;</span><br><br>　　我突然感觉很心碎，发生这样的事，他竟然一直没告诉我，一直一个人默默的承受着。看着此时他，我心里很生气同时也非常担心。我想将他扶到床上，他也很配合地让我把他扶到床上。<span>&nbsp;</span><br><br>　　我将满屋子的易拉罐收拾干净后，打了一盆热水，认真地擦着他脸上的泪痕，他全程一直默默地看着我，将他脸擦干净后，我转身准备离开，他一把拉住我，然后他的嘴狠狠的堵住了我的嘴。我稍作挣扎，便也任由他去。<span>&nbsp;</span><br><br>　　外面下着大雨，电闪雷鸣，出租屋内，我们相互索取着……<span>&nbsp;</span><br><br>　　那年，我们21岁。<span>&nbsp;</span><br><br>　　从那以后，我们就住到了一间房，每天他出去工作，我出去实习，生活照旧，每天我们都很幸福。<span>&nbsp;</span><br><br>　　一年后，我工作稳定，但有一点不好，就是我被调到别的城市里去工作。<span>&nbsp;</span><br><br>　　离开的时候，还是他送我到车站，同样拥抱，亲吻，我上车后，他给我一个特别阳光的微笑，同时，我也还给他一个灿烂的微笑。汽车启动后，他冲我大喊道：“毕业了，我就娶你。”我听到后泪流满面。<span>&nbsp;</span><br><br>　　现在我怎么都想不到这一个微笑一个承诺对我来说将会是永恒的。<span>&nbsp;</span><br><br>　　分隔两地，我们每天都会通电话，电话里大部分都是我在讲，他在听，他时不时会嘱咐我，让我好好照顾他未来的媳妇儿。为此，我也感觉特别幸福。<span>&nbsp;</span><br><br>　　几个月后的一天，我跟他打电话，没人接，我以为他有事，便也不想扰打他，想想他事他应该会给我回电话的。可是我等到晚上，他却仍然没给我回电话，我有点气他的气了，便打算，他就算给自己回电话，自己也不接了。当做给他的惩罚。<span>&nbsp;</span><br><br>　　几天后，我发现他居然这几天没有给我打电话，最终还是我忍不住再次拨打了他的电话。可是电话里面传出的却出你拨打的电话已停机。这时我心里面急坏了。<span>&nbsp;</span><br><br>　　回到公司，我马上向领导请假，准备去一趟他所在的城市，但是领导说公司现在正是缺人的时候，一个月后才能准我的假。<span>&nbsp;</span><br><br>　　十几天后，公司的会议上，一个陌生人的号打到我的手机上，在开会，我准备挂掉时，突然发现是他那个城市的号，我立马接听，然后向领导说了声：“对不起。”然后走出会议室。<span>&nbsp;</span><br><br>　　“喂，请问你是哪位？”我心中有些激动<span>&nbsp;</span><br><br>　　“喂”电话那边传出一个熟悉的声音。<span>&nbsp;</span><br><br>　　我瞬间知道是他，“你什么情况，为什么一直不打我电话。”我大声说道。<span>&nbsp;</span><br><br>　　“我们分手吧！”他沉声道。<span>&nbsp;</span><br><br>　　“你说什么？”我感觉我听错了。<span>&nbsp;</span><br><br>　　“我们分手吧！”他仍然沉声道。<span>&nbsp;</span><br><br>　　“是不是，因为我工作的原因，那样我可以辞职，现在立马回去跟你结婚。”感觉他是认真的，我有些急了，眼中突然充满泪水。<span>&nbsp;</span><br><br>　　“……记得照顾好自己”<span>&nbsp;</span><br><br>　　我已经忘记了说话。<span>&nbsp;</span><br><br>　　“你会一直想我吗？”<span>&nbsp;</span><br><br>　　我还没说话便听到……嘟……嘟……电话那边传来了挂断的声音。<span>&nbsp;</span><br><br>　　一瞬间，我的眼泪再也制止不住，花花的流了下来，我回到这边公司分的房子里，关上门，大声的哭了出来，算上今年，七年了，七年的感情，就这么破碎了，我不甘心，我要去找他。我要当面问清楚。<span>&nbsp;</span><br><br>　　一个月后，公司准了我的假，我简单的收拾了一下，便踏上他所在的城市。<span>&nbsp;</span><br><br>　　几天后，我到了他工作的地方，可是他已经不在这了，他的老板说，他早就辞职了，说是要回家准备结婚。<span>&nbsp;</span><br><br>　　过了很久，我依然没有他的一点消息。直到有一天，又是哪个陌生的电话打来，我迅速接听，电话里传来一个妇人的声音。<span>&nbsp;</span><br><br>　　妇人：“你是他的女朋友？”<span>&nbsp;</span><br><br>　　我：“对，我是他女朋友”<span>&nbsp;</span><br><br>　　“他在我这，你过来看看吧，唉！”妇人叹了口气报出了一个地址。<span>&nbsp;</span><br><br>　　我发现那个地址就在我工作的城市，我迅速下楼，拦了一辆出租车，跟司机说了下位置。<span>&nbsp;</span><br><br>　　几小时后，出租车，开到了一个小型公寓楼下，我下车，地址上说是三楼，我直接走进电梯，按了下‘三’。电梯缓缓上升。<span>&nbsp;</span><br><br>　　‘咛’我走出电梯，迫不及待的朝一扇门走去。按了下门铃。<span>&nbsp;</span><br><br>　　不久，一个中年妇人将门打开将我迎了进去。<span>&nbsp;</span><br><br>　　进来后，我看到一个小型祭祀台，上面摆着水果，祭祀台上挂着一张黑白照片，照片里面的人脸上挂着特别阳光的微笑，而我盯着照片眼睛却再也无法移动。<span>&nbsp;</span><br><br>　　孩子命苦，爸妈走的早，现在自己也走了。我翻看他遗物的时候，发现他手机里面只有一个电话号码，打电话，接电话，基本全是你。我是他的亲戚。中年妇人道。<span>&nbsp;</span><br><br>　　“喂！同学，需要帮忙么？”。阳光下一张帅气的面孔进入了我的视线。<span>&nbsp;</span><br><br>　　我屡了屡额前的刘海回答道：“我是新生，第一次来这里，请问我该去哪里报道？”<span>&nbsp;</span><br><br>　　“对不起！”他开口道：“做我女朋友吧？”<span>&nbsp;</span><br><br>　　我想也没想便答：“好啊！”<span>&nbsp;</span><br><br>　　他突然伸手捧着我的脸俯身吻在我的额头上，我出奇的没有阻止他……，曾经的一幕幕全都出现在我眼前。这次我却没有哭。<span>&nbsp;</span><br><br>　　“姑娘，来了，就在这吃个便饭吧。”中年妇人端上来三个小菜，两碗米饭对我道。<span>&nbsp;</span><br><br>　　我盯着照片出神，突然有人跟我说话，我回过神来，见中年妇人饭菜都已经端上来了，我也没有拒绝。<span>&nbsp;</span><br><br>　　跟中年妇人坐下后，一边吃一边把我跟他发生的事一件一件讲出来。全程我没有掉一滴眼泪。<span>&nbsp;</span><br><br>　　饭后，我想中年妇人辞行。中年妇人将一个盒子递给我，说这里是他的遗物，让我好好保管。<span>&nbsp;</span><br><br>　　下楼后，我打开盒子，看到里面厚厚的病例表，再也忍不住，眼泪破框而出，哭声撕心裂肺。<span>&nbsp;</span><br><br>　　原来他……<span>&nbsp;</span><br><br>　　我爱你，但我却不敢说，我说了怕我立马就会死去，我死后，我怕没有会比我更爱你。<span>&nbsp;</span><br><br>　　某年、某月、某日，晴，我在从前等你……你在哪？</p><p><!--StartFragment--><br><!--EndFragment--></p>','2017-09-20 22:37:53',0,'20171892'),('a3e3ec452706ac50',4,'民以食为天','<p><img src=\"http://192.168.87.128/images/upload/5/1/177edd77-875e-49a9-9ea6-4cee2120d944.jpg\" style=\"max-width:100%;\" class=\"\"></p><p>美食里的人文关怀俗话说，“民以食为天”。除了能解决人民的温饱，给人鲜美的口感享受外，美食里还有一种人文关怀，使人陶醉其中;下面是有关于美食散文三篇，欢迎参阅。\n<br>\n<br>关于美食散文三篇：唯有爱与美食不可分割\n<br>\n<br>外公食道肿瘤，食物被堵住下不去，胃很饿，却没法吃饭。现在每天都只能吃一点点芝麻糊，有时候连芝麻糊吃了也吐。饿得头脑不清楚了，每天张口闭口的每一个字都是关于吃。“没吃饭唉，好饿。”“肚子饿死了，混得不好哎来你家都没有米给我吃。”“找你哥哥借半斤米，我带回家自己煮着吃。”“我要吃米，豆腐和青菜。”“中午早点做饭啊。”电话这头听着他的这些话，又好笑又心酸。所以啊，现在觉得能吃到好吃的东西，真的是一件特别特别幸福的事情。\n<br>\n<br>唯有美食与爱不可分割，这世上还有比想吃一样好吃的东西立刻就能吃到的感觉更幸福的事吗?\n<br>\n<br>能每天吃到好吃的，好幸福。\n<br>\n<br>这周心情平复了一些。昨晚云云说我，是隐藏了很多事，情感不说出来的人。我说，好奇怪，过去我并不觉得自己是这样的人，我是软弱的从未坚强过，怎么如今我竟会是给人这样的印象了。或许真的是成熟了许多。\n<br>\n<br>这两天又在思考人生追问理想。为什么要考那些乱七八糟的证书?即使是法语研究生毕业又能有多大发展空间?\n<br>\n<br>迷茫的时候，好希望能有高人指点。好希望未来那个更加成熟有经验的我能够过来教教我，告诉我该如何决定如何选择。\n<br>\n<br>听她们说觉得大学过得很空虚，虽然很辛苦，但不过只是考试考证泡图书馆，除了这些一无所有。不知为什么，这样的话却没有引起我的共鸣。因为大学里读了一百本书，我觉得过得还是挺充实的。\n<br>\n<br>那日形象设计课的老师拿我做示范，她说我，嘴唇很薄一定是能说会道的，虽然现在还缺少自信，给人的感觉是羞涩，但是以后经过历练会是很强悍能干的职业型的人。真的吗?好好奇，这是否会成为真的。\n<br>\n<br>唯有美食与爱不可分割，会，不迷茫，不慌张。\n<br>\n<br>关于美食散文三篇：春节话美食\n<br>\n<br>从前穷的时候，美食是逢年过节偶尔的一餐半餐鸡鸭鱼肉，父母那个时候经常告诫我说：“你们很幸福啊，有鱼有肉吃!”由是我便很想知道，我们的父母辈们的美食，是些什么呢?我想，肯定只是三餐能够吃饱饭，就算是美食了!\n<br>\n<br>记得有个中国美食故事说过，从前有个厨娘，专做妙鸡舌、羊唇之类的好东西，除此之外，其它剩余之物全部被抛弃!这个故事可能在中国美食文化上算不得什么!因为和慈禧老佛爷相比，这厨娘永远只是小巫见大巫。在国家将亡时，老佛爷还过六十大寿，大摆满汉全食，把个燕窝鱼翅、熊掌鲍鱼之类的天下美食全部用上，杀一只羊吃一块唇又算什么!所以，一谈到中国的美食文化，历来让人们做为一种奢侈来做批判。\n<br>\n<br>当然，我们现在的生活是好多了，理应吃得好点。就拿泉州地区这些年来讲，在婚席酒宴上，对鸡鸭鱼肉之类食品向来是嗤之以鼻，觉得这些东西相当粗俗，吃不出味感又怕“三高”。所以，这几年的婚席酒宴，用的自然都是珍稀海鲜。龙虾、鲍鱼、红鲟、青斑、海参、鱼翅、燕窝、发菜、参茸……虽说如此，这些东西现在似乎也显得平淡了。因此，历来外国人对中国的饮食奢侈，总是大为咋舌!\n<br>\n<br>我有个朋友，是做小厨的，某天他告诉我，最近他帮人做了一次婚宴，吃了四头穿山甲，一条巨蟒，其它的诸如上述的燕窝鱼翅肯定不能少!我说那两样东西是国家珍稀保护动物啊!他说有钱人就吃珍稀才显得高贵!于是我无语。国人的这种饮食文化，看起来似乎总是显得野蛮，并无任何可取之处，相反的，会让人觉得无知和原始，有种嗜血嚼肉的感觉。人类为了吃到更好更美味的东西，做到无所不至。</p>','2017-09-20 22:37:53',0,'20171892'),('a3ecb1f0b7f645e1',3,'请远离那些不懂感恩的人','<p><img src=\"http://192.168.87.128/images/upload/8/14/1416be8e-5660-45b3-b8d2-825563a695ce.jpg\" style=\"max-width:100%;\"></p><p>　朋友的表弟是做淘宝的，卖女装。<br><br>　　有一次朋友转发了表弟淘宝店折扣活动的链接，被一个女同事看到了，找到朋友，说自己在朋友发的链接上看中了几套衣服，非常喜欢，想让朋友给说说，再优惠一些。<br><br>　　朋友把这位女同事的要求和表弟说了，他建议朋友转达一下，这些处理的衣服成色和质量都不是很好，如果需要，他店里有新上的女装，可以考虑。<br><br>　　朋友转达了表弟的意见，这位女同事就要这几件打折的衣服，不考虑新上的女装。就这样，因为是熟人，朋友让表弟在原本打折基础上又打了九折。<br><br>　　几天后衣服到之后，这位女同事一脸怒气找到朋友，直接把那衣服摔到朋友桌子上，说质量这么差，色差这么大，要退款。<br><br>　　朋友一脸尴尬，一边安慰她一边道歉。想到之前表弟明明有好心建议过，朋友不好意思和表弟说，就自己掏腰包把买衣服的钱退给她了。<br><br>　　事后，朋友和我说这件事，说虽然整个事情不大，发生了却总觉得心里别扭。我说以后要远离这位女同事，朋友说，已经屏蔽掉她朋友圈权限了。<br><br>　　如果正常网购，参与活动发现东西质量不好，要求店主退款，本在情理之中。可这件事情中，朋友充当了帮忙的角色，帮她将价钱又砍下一部分。如果发现衣服质量不好退款，至少先对朋友表示感谢下，至始至终，都没有听到这位女同事一句表示感谢的话，哪怕一个感激的眼神都没有。<br><br>　　想起上大学时候，有一次我和小赵从外边回来，快走到宿舍时候小赵接到宿舍小张电话，让帮忙带一份盒饭回来。卖盒饭的在学校外边的美食广场街，我们此时已经快走到宿舍楼下了。<br><br>　　小赵挂掉电话，让我先回去，自己折返，到学校外边帮小张买盒饭。我先回到宿舍，过了十分钟的样子，小赵回来了，把盒饭递给小张。<br><br>　　小张一打开盒饭，就抱怨道：“这都是什么菜啊，我一个都不喜欢，这盒饭你自己吃吧，我吃不下”。说罢，把盒饭递给小赵，然后直接开门而出，全然不顾愣在当地的小赵。<br><br>　　也就是从这件事之后，我们都离小张远远的，一直到毕业时候，他郁闷许久，说自己在大学里没有知心朋友，连宿舍人都故意疏远他。<br><br>　　我心里在想，一个不懂感恩的人，配有朋友吗？<br><br>　　生活里也非常多这样的人，张口让你帮忙，如果你做的事情结果恰好是他预期的，他最多感觉理所当然。那么不幸，你做的事情结果不是他预期的，他瞬间心生埋怨，翻脸不认人。<br><br>　　英国作家威廉·梅克比斯·萨克雷说：“如果一个人身受大恩而后来又和恩人反目的话，他要顾全自己的体面，一定比不相干的陌路人更加恶毒，他要证实对方罪过才能解释自己的无情无义。”一个从来不知道感恩为何物的人，心里所系全是自己的一点点蝇头小利，也同时是一个自私的人。<br><br>　　我们都需要朋友，出门在外，自己雕刻着自己的人生，但从不孤独，因为朋友无处不在。处事先做人，做人贵在心，要有一颗常怀感恩的心。朋友帮你，那是莫大的恩情，要记在心间，没有朋友本身有业务去帮你。<br><br>　　那些接受别人帮助，却不懂的感恩的人，趁早远离，这样的人，眼里看到的只有自己，不懂得珍惜朋友，让友谊的路，越走越窄，最终剩下自己一个人，却在感慨，人生孤苦，为何没有朋友相伴。<br><br>　　希望我们，做一个心宽的人，做一个懂得感恩的人。</p>','2017-09-20 22:37:53',0,'wangqing'),('a88e535097c4f7ea',2,'无标题文章','<p>　不要弄丢，一个对你好的人；<br><br>　　不要漠视，一份待你深的情。<br><br>　　不是谁都能包容你的臭脾气，更不是谁都能一直等下去。<br><br>　　没有什么比时间更值钱，也没有什么比感情更珍贵。<br><br>　　一个人愿意陪着你，能够把心给了你，这就是爱你。<br><br>　　找你聊天，不是寂寞，而是担心你孤单；<br><br>　　哄你开心，不是没事做，而是怕你伤心。<br><br>　　珍惜一个对你好的人，<br><br>　　因为：失去了不再回来，错过了难再拥有！<br><br>　　真心如镜，碎了难圆；真情似水，凉了难续。<br><br>　　真正想念你的人，无论你在不在线，都会给你留言;<br><br>　　真正关心你的人，看的不是空间，而是你的世界;<br><br>　　真正疼爱你的人，读的不是文字，而是你的心情。<br><br>　　真正心里有你的人，无所谓距离，<br><br>　　无所谓时空，牵挂一直不变！<br><br>　　真正的朋友交的是心，连的是情，<br><br>　　发给你的信息是惦念，留给你的评论是关心！<br><br>　　善待朋友，珍惜拥有！<br><br>　　回头看看，还有多少人一直陪在身边；用心数数，还有几份情坚持着不离散。有缘的人不是说的，而是默默陪伴；无缘的情不是夸的，却是早已不见。不听信海枯石烂的誓言，只要睁开眼一切都没变；不相信天荒地老的永远，只要伸出手有可握的暖。谁陪你跨过一年又一年；谁对你不改初衷永如初见！好朋友，永不说分手； 真感情，一生都相守！<br><br>　　一见钟情，只是个传说；日久生情，才是真拥有。没有天生适合的两个人，只有后来磨合的两颗心；没有一世不变的激情，只有一生不悔的深情。知道让步不是认输，而是在乎；懂得原谅不是没生气，而是放不下。值得的人，才会做值得的事；舍不得的情，才会说舍不得的话。时间在走，人心在变，不变的才是朋友；<br><br>　　缘分在换，感情在换，不换的才是爱人！<br><br>　　有多少人能一天不见，就会想念你；<br><br>　　两天不见，就会担心你；<br><br>　　三天不见，就会寻找你。<br><br>　　其实，<br><br>　　深厚的感情没有那么多语言，<br><br>　　更多的是一种行动的体现。<br><br>　　这个世上能够真正，<br><br>　　把我们放在心上的人并不多：<br><br>　　珍惜拥有，感恩相守！<br><br>　　有多少人每天都走进你空间，只为看看你的心情；<br><br>　　有多少人常常会给你打电话，只为听听你的声音；<br><br>　　有多少人默默关注你的更新，只为心底的牵挂；<br><br>　　有多少人第一时间评论，只为你是特别关心。<br><br>　　多少人看着，爱着，疼着你的全部；<br><br>　　多少人想着，念着，守着你的所有。<br><br>　　那些在风雨中送伞的人，</p><p><img src=\"http://192.168.87.128/images/upload/7/13/fdf2a7a8-62f2-4f05-8f3d-67fba6003d71.jpg\" style=\"max-width:100%;\"><br>　　那些在寒冷中送暖的人，<br><br>　　那些在遇见时心动的人，<br><br>　　那些在陪伴时感动的人……<br><br>　　当你回头一看时，<br><br>　　这些人依然还在，这些情依旧不改。<br><br>　　也许，这就是世上最难得，也是最幸福的事了！</p>','2017-09-20 22:37:53',0,'jiangjiannan'),('aac84a62fa6f8b8c',10,'无标题文章','<p>引导语：一生就这么一次，谈一场以结婚为目的的恋爱吧。不再因为任性而不肯低头，不再因为固执而轻言分手。最后地坚信一次，一直走，就可以到白头。就那样相守，在来往的流年里，岁月安好。惟愿这一生，执子之手，与子偕老！<br><br>　　我们，不要去羡慕别人所拥有的幸福。你以为你没有的，可能在来的路上，你以为TA拥有的，可能在去的途中……有的人对你好，是因为你对TA好。有的人对你好，是因为懂得你的好！<br><br>　　幸福是什么？幸福就是牵着一双想牵的手，一起走过繁华喧嚣，一起守候寂寞孤独；就是陪着一个想陪的人，高兴时一起笑，伤悲时一起哭；就是拥有一颗想拥有的心，重复无聊的日子不乏味，做着相同的事情不枯燥……只要我们心中有爱，我们就会幸福，幸福就在当初的承诺中，就在今后的梦想里！<br><br>　　曾经拥有的不要忘记；已经得到的更加珍惜；属于自己的不要放弃；已经失去的留作回忆。累了把心靠岸；选择了就不要后悔；苦了才懂得满足，痛了才享受生活，伤了才明白坚强；总有起风的清晨，总有绚烂的黄昏，总有流星的夜晚；不管昨天、今天、明天，能豁然开朗就是美好的一天……<br><br>　　如果彼此出现早一点，也许就不会和另一个人十指紧扣。又或者相遇的再晚一点，晚到两个人在各自的爱情经历中慢慢地学会了包容与体谅、善待和妥协，也许走到一起的时候，就不会那么轻易地放弃，任性地转身，放走了爱情。没有早一步也没有晚一步，那是太难得的缘份。<br><br>　　人生有三样东西是无法挽留的： 生命、时间和爱。你想挽留，却渐行渐远。 人生最痛苦的，并不是没有得到所爱的人，而是所爱的人一生没有得到幸福。离开的你，我等不回来；失去的爱，我找不回来； 纵然一切已成过眼云烟，我依然守候在这里，直到看见你得到幸福，我再转身，微笑着，静静地走开。<br><br>　　明明人在线，明明想说话，还要学隐身；明明很难过，明明很想哭，还要裂嘴笑；明明很孤单，明明很害怕，还要一个人；明明想见面，明明很期待，还要去拒绝；明明心很乱，明明想人陪，还要装沉默；明明舍不得，明明放不下，还要去放手；明明在心里，明明很在乎，还要无所谓！<br><br>　　生活就是理解，生活就是面对现实微笑。生活就是越过心灵的障碍，平静心性，淡泊名利。生活就是越过障碍注视将来。生活就是自己身上有一架天平，在那上面衡量善与恶。生活就是知道自己的价值，自己所能做到的与自己所应该做到的。生活就是通过辛勤的双手，创造给力的幸福！<br><br>　　一个人一眼能够望到底，不是因为TA太简单，不够深刻，而是因为TA太简单，太纯净。这样的简单和纯净，让人敬仰；有的人云山雾罩，看起来很复杂，很有深度，其实，这种深度，并不是灵魂的深度，而是城府太深。这种复杂，是险恶人性的交错，而不是曼妙智慧的叠加。简单，最美！<br><br>　　假如有一天你想哭，打电话给我，不能保证逗你笑，但我能陪着你一起哭；假如有一天你想逃跑，打电话给我，不能说服你留下，但我会陪着你一起跑；假如有一天你不想听任何人说话，call me，我保证在你身边，并且保持沉默；假如有一天我没有接电话，请快来见我， 因为我可能需要你！<br><br>　　当我们的爱情染上了尘埃，会等待一场风暴的洗礼，有些人，有些事，是不是你想忘记，就真的能忘记的？最痛苦的是，消失了的东西，它就永远的不见了，永远都不会再回来，却偏还要留下一根细而尖的针，一直插在你心头，一直拔不去，它想让你疼，你就得疼，抹不去那永久的伤痕。<br><br>　　幸福不是你房子有多大，而是房里的笑声有多甜；幸福不是你开多豪华的车，而是你开着车平安到家；幸福不是你的爱人多漂亮，而是爱人的笑容多灿烂；幸福不是在你成功时的喝彩多热烈，而是失意时有个声音对你说：朋友别倒下！幸福不是你听过多少甜言蜜语，而是你伤心落泪时有人对你说：没事，有我在。<br><br>　　有没有这么一个人，你无数次说着要放弃，但终究还是舍不得。有没有这么一个人，你心甘情愿地被伤害，即使你知道你会遍体鳞伤。有没有这么一个人，你会在独自一人时想TA想到哭泣，却在看见TA时故作无所谓地笑。有没有没有这么一个人，你无数次说着要放弃，但终究还是舍不得。有没有这样一个人，每天可以和TA来去几十条短信，可是一打电话却尴尬无语。<br><br>　　最使人疲惫的往往不是道路的遥远，而是你心中的郁闷；最使人颓废的往往不是前途的坎坷，而是你自信的丧失； 最使人痛苦的往往不是生活的不幸，而是你希望的破灭； 最使人绝望的往往不是挫折的打击，而是你心灵的死亡； 凡事看淡一些，心放开一点，一切都会慢慢变好！<br><br>　　你改变不了环境，但你可以改变自己；你改变不了事实，但你可以改变态度；你改变不了过去，但你可以改变现在；你不能控制他人，但你可以掌握自己；你不能预知明天，但你可以把握今天；你不可以样样顺利，但你可以事事尽心；你不能延长生命的长度，但你可以决定生命的宽度。<br><br>　　男孩结婚后对自己妻子比结婚前更好。一次聚会，朋友笑他：怎么结婚了还那么腻。他笑着说道：结婚前，很多男生都想追她，有很多男生会对她好，我只有对她更好才能追到她；结婚后，对她好的男生越来越少，我只有对她更好，才能不让她失落。说完，所有朋友都沉默了，没有嘲笑，只有敬佩！<br><br>　　当明天变成了今天成为了昨天，最后成为记忆里不再重要的某一天，我们突然发现自己在不知不觉中已被时间推着向前走，这不是在静止的火车里，与相邻列车交错时，仿佛自己在前进的错觉，而是我们真实的在成长，在这件事里成了另一个自己！<br><br>　　习惯了每天进空间看看你们每个人的动态。然后知道你们谁过得开心，谁在纠结，谁和谁开始一段新的感情，谁和谁结束一场旧的纠葛。远远的关心和想念，却并不联系。只是，我想你们。<br><br>　　我不是碰不到更好的，而是因为已经有了你，我不想再碰到更好的；我不是不会对别人动心，而是因为已经有了你，我就觉得没必要再对其他人动心；我不是不会爱上别的人，而是我更加懂得珍惜你，能在一起不容易，已经选定的人就不要随便放手，世界上的好人数不清，但遇到你就已经足够。<br><br>　　曾经我们非常珍爱，皆因岁月这只无形的手，慢慢剥离了爱的光环，也让当初的誓言，落成一地晶莹的玻璃碎片。爱情是要在时间中漂洗的，要么沉淀成一张发黄的照片，要么就在我们朴实的生命中怒放。我们不是萍水相逢，幸福不是刹那间的感觉，它就融化在我们牵手的甜蜜中，融解于看似斑驳的生活里。<br><br>　　不要认为后面还有更好的，因为现在拥有的就是最好的。不要认为还年轻可以晚些结婚，爱情是不等年龄的。其实对于爱情，越单纯越幸福。经历的太多了，会麻木；分离多了，会习惯；换恋人多了，会比较；到最后，你不会再相信爱情；你会自暴自弃，就这样过一辈子。让你跟我将错就错吧。<br><br>　　痛过，才知道如何保护自己；哭过，才知道心痛是什么感觉；傻过，才知道适时的坚持与放弃；爱过，才知道自己其实很脆弱。其实，生活并不需要这么些无谓的执着，没有什么就真的不能割舍。<br><br>　　明白的人懂得放弃，真情的人懂得牺牲，幸福的人懂得超脱。对不爱自己的人，最需要的是理解，放弃和祝福。过多的自作多情是在乞求对方的施舍。爱与被爱，都是让人幸福的事情。不要让这些变成痛苦。<br><br>　　与你无缘的人，你与他说话再多也是废话；与你有缘的人，你的存在就能惊醒TA所有的感觉。有些人即使在认识数年之后都是陌生的，彼此之间总似有一种隔膜，仿佛盛开在彼岸的花朵，遥遥相对，不可触及。而有些人在出场的一瞬间就是靠近的，仿佛散失之后再次辨认。那种近，有着温暖真实的质感。<br><br>　　缘分是件很奇妙的事情，很多时候，我们已经遇到，却不知道，然后转了一大圈，又回到了这里。一切的一切都是机缘，亦或是定数。所以，我们生命中所遇到的每个人，都应该要珍惜，因为你不知道这种短暂的相遇会因为什麽戛然而止，然后彼此阴差阳错，再见面，却发现再也回不到过去，这将是多麽可怕的事情。<br><br>　　亲爱的自己，不要抓住回忆不放，断了线的风筝，只能让它飞，放过它，更是放过自己；亲爱的自己，你必须找到除了爱情之外，能够使你用双脚坚强站在大地上的东西；亲爱的自己，你要自信甚至是自恋一点，时刻提醒自己我值得拥有最好的一切。</p><p><img src=\"http://192.168.87.128/images/upload/1/9/66866947-46b8-403e-b983-6591d3ed21a3.jpg\" style=\"max-width:100%;\"><br>　　有个懂你的人，是最大的幸福。这个人，不一定十全十美，但TA能读懂你，能走进你的心灵深处，能看懂你心里的一切。最懂你的人，总是会一直的在你身边，默默守护你，不让你受一点点的委屈。真正爱你的人不会说许多爱你的话，却会做许多爱你的事。<br><br>　　每个人骨子里都有这样的情结：想拥有一个蓝颜知己或是红颜知己，既不是夫，也不是妻，更不是情人，而是居住在你精神领域里，一个可以说心里话，但又只是心灵取暖而不身体取暖的人。在你受伤时，第一时间会想起他/她，是你一本心灵日记，也是你生命中一个最长久的秘密。<br><br>　　原本以为，只要紧握着你就可以到永远，却没想到，握得越紧，失去的也越快。其实不想绑住你，但是却总是不由自主，因为我害怕，我怕失去你，我怕一个人面对孤单的世界。我没那么勇敢，即使你说我要坚强。也请别对我说抱歉，因为我也不知道还能用什么样的言语来回答，那些你给的伤害。</p>','2017-09-20 22:37:53',0,'jiangjiannan'),('abe18c19ca192988',7,'小花','<p>在QQ空间偶然看到一张满目李子的照片，不禁想起这张照片的主人，我的发小---小花。<br><br>　　在童年的记忆中，她是个很“富有”的人，因为她外婆家有一片李子园，一到这个季节，她的书包里就藏满了各种各样的李子，苹果李、秧李、猪血李……还有很多叫不上名字了。但是不管怎么样，总会有一份是属于我的。<br><br>　　李子大抵是农村的孩子最容易获得的水果之一吧，就算自家没有，邻居家或者邻居家的邻居家一定会有。它个头不大，但是饱满圆润，不吝啬，不矫情，密密麻麻的，满树都是。到了成熟的季节，有一种清新的果香弥漫树旁，让人垂涎。其实我是不大爱吃酸的东西，即便现在也是如此，那时的她是不知道这些的，我也从未与她说起过。我记得，小时候，我们一直是同班，几乎是每天，她都会早早地来我家等我一起去学校，一下课就腻在一起，然后把她从外婆家摘来的新鲜李子悄悄地塞到我手里。她外婆家的李子可与别家的不一样，个大色鲜，味道应该还不错。她几乎每节课间都会给我一颗或者两颗。我每每只是把李子含在嘴里，不敢咬破，怕那层皮里面奇酸无比的果肉会酸掉我的大牙，直到上课又把它完好无损地吐出来，当然，这些，直到现在她也是不知道的。后来是她家门前的水蜜桃、桔子，他爷爷种的黄瓜，还有秋天的板栗……是各种各样的好吃的，她都会，第一时间地，留给我一份最好的。<br><br>　　她家和我家之间只隔了一座不高的土坡，要是我们各自站在屋顶，都可以互话了。偶尔我会去她家，或者她来我家，美其名曰一起温习功课，事实上是打着学习的幌子，没心没肺地玩耍。那时候我们的眼眸还算是比较清澈，没有太多的压力和忧伤，曾经穿着校服一起在豆苗丛中拍照，一起沐浴纯美的夕阳，一起追逐飞舞的蝴蝶，一起采摘散开在路边的小花。直到初三，我们分开了，不过也在同一层楼的教室，我们各自有了新的朋友，在一起的时间少了，但是一有美好的事情，还是会互相分享。我的性格有点野，她是乖巧温顺的，在这认识20多年的时间里，我们从来没有因为任何事情吵过架。</p><p><img src=\"http://192.168.87.128/images/upload/13/3/a6c88356-6dfa-4494-96aa-7d5f0882bb4c.jpg\" style=\"max-width:100%;\"><br>　　高中以后，我们去到了不同的学校，很难得见一次面，那时候我们都还没有手机，不会上网。她偶尔会给我写信，告诉我她在新环境下的不适，我会把小说里的故事说给她听，以及我那天马行空的想法。她总是无条件地信任我，支持我。<br><br>　　再后来，她上班了……见她大多都是在视频里。我是个很懒的人，很少主动给别人打电话，但是某次等公交车的时候，我突然很想很想她，给她打了个电话，还骗她说我要结婚了，过年务必要回来参加我的婚礼，其实是很想很想见她了，仅此而已。不过，过年的时候，我如愿以偿地见到了她，她踩着一双恨天高，看起来成熟了很多，大红的外套，说是为了参加婚礼，可是几句话下来，就流露处那成熟装扮所遮盖不住的天真，犹如记忆中那纯白的小花。<br><br>　　小花，你如这名字一般，给了我太多温暖的记忆。如今，我们都到了该追求自己幸福的年纪，你亦如出水的芙蓉，亭亭玉立，落落大方，遗憾的是身边少了一位护花的使者。要是明月有心，我许它照亮你王子来时的路，日夜不停歇，带你奔向幸福。<br><br>　　我挚爱的姐妹，无论你在哪里，只要你幸福，就好。</p>','2017-09-20 22:37:53',0,'xiexiao'),('ac92a4eb2c5aea42',9,'后来，我瞒着所有人爱了你很久很久','<p><img src=\"http://192.168.87.128/images/upload/3/6/e74a6bb9-e770-473d-b91c-e6a8b9ecaec0.jpg\" style=\"max-width:100%;\"></p><p>你知道吗？我昨晚又梦到你了，梦中的你一如既往地帅气，你背对着我，坐在那家我们常去的咖啡馆常坐的位置，我进门径直朝着那个位置走去，却看到了你，我就愣在那儿停顿了好久，然后你转过头来看到了我，你朝我笑，我鼓起勇气试着向你走近，却始终走不到那个位置，眼睁睁地看着你近在咫尺，却偏偏难以靠近，最后直到你消失不见。<br><br>　　我猛然醒来，睁眼，漆黑，宁静，我放空了几秒，然后才终于认清你已经离开我的事实。是啊，已经离开了。<br><br>　　都说，梦中梦到的人，是因为心底觉得离得好远，所以我才会想要在梦中再见见你，可是，在梦中你也离得我好远，我怎么也靠不近你。<br><br>　　也许是在用这种方式告诉我，分开了就不要怀抱希望，现实，梦中都不能。<br><br>　　我们在一起时，身边的朋友都知道，爱你，是他们都知道的事情，后来分开，只有少部分人知道，可是没有人知道我还爱你，这是属于我一个人的秘密。<br><br>　　后来的我一直单身，有时候朋友开玩笑说“你是不是还没有忘掉他”我说“怎么可能，我这么拿的起放的下的人，早忘了。”回答的干脆利落，以至于他们都信了，说的多了，连我都几乎信了。<br><br>　　可是，那为何会在听到你的名字时心头一震，为何会在不经意间想起你的时候心底隐隐难受，为何会在街上看到一个和你相似的背影心脏漏停一秒，为何总是会入我的梦，又为何对后来身边出现的男生都无感，直至今日，你依然是我拒绝别人的理由。我没有在等你，却还是喜欢不上别人。</p><p><img src=\"http://192.168.87.128/images/upload/6/8/b86567ad-80e6-445a-bdb6-50f21032d5a8.jpg\" style=\"max-width:100%;\"></p><p>会偷偷地跑到你的空间，因为当时在一起的时候微信还没有如此盛行，那时候会要求你弄成情侣头像，关联qq号，设置成情侣空间，有空了就一直在你空间留言，后来我们的qq不再关联，你也换了头像，换了空间装扮，清空了所有留言。我偷偷地溜进去转了一圈，然后默默地删除访问记录。想知道你的消息，又怕你知道我还在惦记。<br><br>　　会偷偷地跑到你的城市，在我们经常走过的那条小路转转，呼吸着这座城市的空气，吹着和你一样的风，算不算相拥？<br><br>　　也会一个人背着包到处旅行，记得和你说过很多想要去的地方，你总说等咱有钱了，想去哪去哪，你总说等有机会了，去很多地方。可是直到分开还是没有去过任何一个地方，我一个人走走停停，看一起说过的风景，而你在哪里？<br><br>　　在一起两年的光景，用了三年的时间念念不忘，回忆比经历还要长，该说自己太痴情还是太想不开呢？<br><br>　　其实有时候我们的内心远远没有表面那么潇洒，背影一转身就可以，而心里的空缺要怎样去填平？离开后的日子我瞒着所有人爱了你好久好久，我想这应该是我说分手的代价吧。但是该偿还的三年时光已经够了吧，剩下的我只想活给自己看。<br><br>　　以前总希望你能来，会突然站在我的面前，会给我打电话让我到楼下给我惊喜，会轻轻地说一句“别来无恙”可是现在我不想要了，那些无处安放的情感就让它各自归位，你别来，我一个人也无恙。</p>','2017-09-20 22:37:53',0,'20170904'),('b1a541661a88a563',9,'坏蛋必须死','<p>假期来临之际，在韩国釜山小学当中文老师的强子（陈柏霖饰），和从中国家乡远道而来的好哥们三儿（乔振宇饰）、大头（丁文博饰）和弟弟帕帕（杨旭文饰），相约一起到济州岛游玩散心。在旅途中，四位中国青年救起出车祸的神秘韩国女郎智妍（孙艺珍饰），谁知却卷入一起犯罪事件。狂飙的小混混、执着的老警察（张光饰）、神秘的尾随者（申贤俊饰）、不着调的牧师（朴哲民饰）纷纷接连登场。期盼已久的假期旅程，因为这些人的存在而鸡飞狗跳、险象环生，种种意外让四人身陷险境，处在陌生环境孤立无援的哥儿几个，需要智慧脱离险境，需要勇气面对生死。此时一只神秘小黑猪出现让所有人杀红了眼，更将众人推向生死危急的关口。他们心中怀着“坏蛋必须死”的信念与“坏人”周旋，最终能否拯救韩国女郎</p><p><img src=\"http://192.168.87.128/images/upload/12/12/39bdf46a-a96a-49da-97e2-c513f2248a92.jpg\" style=\"max-width:100%;\"></p>','2017-09-20 22:37:53',0,'sunyizhen'),('b1f2f43ce74b4cb8',5,'徒步旅行的意义','<p><img src=\"http://192.168.87.128/images/upload/5/14/d29c3c25-9232-422b-ad9f-ce8563c0a966.jpg\" style=\"max-width:100%;\"></p><p>徒步旅行的意义的是什么?\n<br> \n<br>徒步旅行(hiking)，就是指沿着山间小径行走，与登山和旅游有区别。徒步旅行虽然也是对人耐力和意志力的考验，但强度上比登山小一些，并且不以征服自然为目的。徒步旅行虽然也有感受沿途的自然风光和人文景观的情趣，但不以观赏娱乐或者亲近自然为目的。\n<br> \n<br>其实人们徒步旅行线路可长可短，强度可高可低，主要是在于一种体验，而不在于去什么地方，在旅行过程中，一是放下。放下城市生活给人带来的纷扰，使心境恢复到一种平静状态;二是探索。不是探索自然，而是探索自己内心世界中很多悬而未决的困惑;三是感悟。通过徒步旅行，在且行且走之间，在平静而不避世的状态，在自由而有所思的过程中，给自己寻求一个“是什么”、“为什么”以及“怎么办”的答案。\n<br> \n<br>实质上徒步旅行不是一种运动，而是一种修行，目的不在“苦”、不在“行”，而在于“修”。所以去哪里、多长时间，都不必太刻意。\n<br> \n<br>以前我在看过ulike的广告后也想徒步旅游走遍中国。但我总是以学业为重没时间来搪塞自己，认为自己只是一时兴起。几年过去了，我发现自己的信念未曾改变。只不过现在家庭、工作的羁绊又使我脱不开身。后悔，十分后悔。有些事情想到就放手去做吧。别为人生落下遗憾。意义在你心中，只有你自己知道自己想要追求什么。那么，徒步旅行最基本的装备有哪些？具体可参考：徒步旅行最基本的装备有哪些？</p><p><br></p>','2017-09-20 22:37:53',0,'20171894'),('b70c574632b04733',8,'喜欢独处，就没有朋友了？','<p>因为我的忙碌和疲惫，经常性地待在电脑前做方案或是敲下一篇篇文章，不止一次有朋友用审视外星人般的眼光瞪着我，并异常惊讶地说：“天呐，都没见你出去跟朋友玩过，天天把自己困在一个‘笼子’里不会生病吗？小心你‘自闭’到连朋友也没有。”<br><br>　　对此，我真是哭笑不得，也很费解。谁说喜欢独处就没有朋友了？<br><br>　　曾在网上看过一篇文章，文中有一句写得很对心，说“朋友之间，越简单越好，有事就联系，没事各忙各的。”<br><br>　　我觉得这是时下一种很好的交友态度，在越来越忙碌甚至焦灼的生活中，时间被分割到无数地方，就连阅读也流行起“碎片化”的方式，时间真真匮乏如稀世珍宝。<br><br>　　当你疲惫的时候，或许你更愿意去做的事就是看一本书或大睡一觉，用独处的时间给身心一个疗养，而不是呼朋引伴，四处奔走，甚至通宵达旦地豪饮狂欢。<br><br>　　▼2、<br><br>　　我有一个从初中就走在一起但已多年不见的好友L，还在学校上学的时候，我们天天一起上课下课，一起吃饭，周末又一起开车出去玩，逛街买衣服也互相提供意见，我们就像是江湖上所说的“好基友”一样，好得不得了。<br><br>　　后来因为学习差异，不得不走上各自的路途，导致有一段时间没有任何联系。<br><br>　　但是当我们从各自忙碌的生活中找到彼此的时候，没有责怪，没有陌生，还是和从前一样嘘寒问暖，没有隔阂地交谈。<br><br>　　一天L打来电话，问我在哪？我说我在广州，他有些欣喜地说：“我也来广州了，并准备在广州安定下来，前段时间租了一间铺面，目前正在装修中，过几天准备开业，到时过来坐坐…”，我毫不犹豫地说：“没问题啊！”，内心充斥着满满的喜悦和兴奋。<br><br>　　就这样聊了几个小时，准备挂电话了他又补了一句：“有空也给我写副书法作品呗，静和忍分开写，要大点能挂起来那种……”，我有些惭愧地说：“行，不过我好久没练字了，等空了我练练去……”，又聊了一阵才挂了电话。且不管之后如何，但这种没有客套，互相信任的朋友关系，让内心充满了安定和实在。<br><br>　　刚毕业工作那年，一位很久没联系的大学舍友因为哥哥炒股亏了些钱，生活出了状况，硬着头皮动用人脉圈借钱周转。当然，也打了电话给我，问我能有多少，并说后面工资下来就给你，因为是大学里比较上心的好友，我说我尽力，然后就把当时能拿出来的所有家底5000元转了过去。<br><br>　　他当然像找到了救命稻草那般兴奋，大概提供帮助的也就那么几位好友，之后他不无感慨地在朋友圈发了条信息：“感谢你们，在我如此窘迫的时候，二话没说就给我提供了帮助，有空出来吃饭，我请客！”<br><br>　　我在后面留了一句话：“那你可得努力存钱了，下次见面，我要点最贵的佛跳墙！”<br><br>　　一个月后，他感激地归还了所有借款，还请吃了一顿大餐。谁说喜欢独处就没有朋友了？真正的朋友，是即使见的面很少，但是心里有你，特别当他有成就的时候能想起你，并和你一起分享成果，或是在你有困难的时候，能尽自己最大的能力去帮助你。<br><br>　　▼3、<br><br>　　朱光潜老先生在《谈交友》中写过一段话，我个人非常喜欢，在我看来，这段话也能作为我对朋友这个词的一种概括。他说：“谁都知道，有真正的好朋友是人生一件乐事。人是社会的动物，生来就有同情心，生来也就需要同情心。读一篇好诗文，看一片好风景，没有一个人在身旁可以告诉他说：“这真好呀！”心里就觉得美中有不足。遇到一件大喜事，没有人和你同喜，你的欢喜就要减少七八分;遇到一件大灾难，没有人和你同悲，你的悲痛就增加七八分;孤零零的一个人不能唱歌，不能说笑话，不能打球，不能跳舞，不能闹架拌嘴，总之，什么开心的事也不能做。”<br><br>　　幸甚至哉，感谢老先生写了这么一段话，让我作为自己的一种交友宣言。<br><br>　　静心想想自己的朋友圈子，确实是由曾经的多而杂变得越来越少了，以前觉得朋友多是一笔人际资产，关键还是受了那些老话的影响，什么“朋友多了路好走”、“在家靠父母，出门靠朋友”等等，现在想想，这个时代，自己踏踏实实的努力才是真正不动的资产。<br><br>　　可喜在为数不多的留下来的朋友中，他们变得越来越重要了。因为他们心里有我，而我的心里有他，彼此之间是一种玄妙的心照不宣的关系。<br><br>　　▼4、<br><br>　　也许有人会问，你的意思是真正的好朋友都要维持这种关系吗？不是的。<br><br>　　我当然不主张闭门造车，自我封锁，都靠这种关系维持朋友的距离。所以我在这里还要强调的就是，有些友情，还是得维持在必要的联系上，因为每个人对友情的理解和看法不一样。而多一些沟通，对灵魂的充实与思想的交换更是一种莫大的促进。<br><br>　　想起近几年，我也陆陆续续地参加了一些朋友的聚会，有些是因为刚好出差路过，顺道见个面的，有些是因为出国归来接风洗尘的，有些是因为考试成功大家一起庆祝的，有些是因为不定期举办的见面会或是生日会等等。<br><br>　　这许多聚会，我都尽可能地出现，在我看来交流是一种乐趣，这其中的乐趣，当然不是为寻找“写作方子”而动的私心。我只是乐意在亲近到没有隔阂的友情之间寻找互为认同，互爱互助，相互包容和理解的感觉。听他们各自的人生轨迹，各自奔忙的东西，听他们与我分别多时的所见所闻，甚至是一些抱怨和不满。<br><br>　　交流最大的快乐在于，你能在彼此面对面的沟通中得到新的收获。<br><br>　　比如男性朋友会给你一些职场建议，恋爱心得，还可以聊聊各自喜爱的运动明星，谈谈人生的憧憬和发展，也很有可能挖掘到平时不容得到的生意经，合作门道等等，而这些触动，你也许读上十年书也未必能得到。<br><br>　　女性朋友则会更关注生活与情感，给你提供自己的美食心得或旅游攻略，也许还能给你物色对象，或是告诉你以前班上的哪位老同学结婚了，找到了怎样的幸福云云，你也总能在其中找到一丝鞭策，今年可一定要努力脱单啊。<br><br>　　你看，我也不尽然就因为独处而变得没趣，甚至没趣到连朋友也没有。<br><br>　　但是在诸多聚会和玩乐当中，有必要提醒的一点是：外面的世界那么大，朋友那么多，你就是穷尽一生也未必能凿得冰山一角，就是挖出自己的心也未必能得到真正的好朋友。而以退为进，让躁乱的心在独处中获得新的养分不见得就是一件坏事。<br><br>　　▼5、<br><br>　　周国平曾说：“孤独中有大快乐，沟通中也有大快乐，两种都属于灵魂。一颗灵魂发现、欣赏、享受自己所拥有的财富，这是孤独的快乐。如果这财富也被另一颗灵魂发现了，便有了沟通的快乐。所以，前提是灵魂的富有。”<br><br>　　可见，沟通和孤独是同样重要的两件事，是互为牵连，并不矛盾的。但是，丰盈自己的灵魂，还要以孤独的修炼为前提，之后，才能有沟通中的大快乐。<br><br>　　至于所谓的喜欢独处就没有朋友，这是根本就站不住脚跟的。因为独处是一种自我审视和疗养的状态，而和朋友在一起是一种互为影响的沟通，两者都足够美好。</p><p><img src=\"http://192.168.87.128/images/upload/12/11/6c529aa5-4a7a-4c12-9139-32ee4a415cb3.jpg\" style=\"max-width:100%;\"></p>','2017-09-20 22:37:53',0,'wangqing'),('b9cffaac2adf7caf',4,'舌尖上的中国','<p><img src=\"http://192.168.87.128/images/upload/8/12/cc26a121-f0e4-40b8-bb9b-6dfed812443c.jpg\" style=\"max-width:100%;\"></p><p>美食好似月饼甜，美梦好似月儿圆，美酒好似月中泉，美貌好似嫦娥脸，月老连着好姻缘，蟾宫折挂待升迁，中秋佳节翘首盼，祝你快乐喜连连!下面是有关于美食的散文，欢迎参阅。\n<br>\n<br>关于美食的散文：庆阳美食\n<br>\n<br>今天，大家来到了庆阳,不能不为大家介绍一下我们庆阳的美食。庆阳的饮食文化源远流长，环县羊羔肉、镇原糖油饼、合水糖圈圈、正宁豆腐,还有荞剁面、炒豆豉、猪血灌肠、冉面、洋芋布拉、麻仁包、搅团、高粱卷、凉粉、燕麦柔柔、土暖锅等等。而且庆阳风味小吃在中国甘肃首届美食节上以独特的地方风味获得“甘肃名宴”称号。\n<br>\n<br>其中最值得一提的就是手工臊子面了，它以精致的做工配料和地道的农家口味，让很多人情有独钟，流连忘返。手工面和面、揉面、擀面和切面都很有讲究，有句俗言是这样讲的“擀成纸，切成线，煮在锅里莲花转，捞到筷子打秋千，盛到碗里赛牡丹”。那么吃面也是很有讲究的，手工面一般是汤和面分碗而盛的，吃面的时候，是用筷子把面夹到汤碗里再吃的，这种面吃到嘴里，细而长、柔而韧、清而辣，辣中含清香。正如有人曾经评价：“一碗庆阳臊子面，吃到嘴里，赛过活神仙”。如今庆阳臊子面，已成为了城乡饭馆早餐的时尚面食，人们生活中必不可少的美味佳肴了。\n<br>\n<br>关于庆阳臊子面，民间还有一个有趣的风俗习惯：相传，在很久以前，有户人家娶了一个美貌、聪明、勤快、伶俐的媳妇。新媳妇到婆家的第二天，为全家做了一餐面条，一家人食后无不称赞面条滑爽鲜美。后来，她的小叔考中了官职，请同窗好友到家作客，便请嫂子为大家做最拿手的面条款待客人，大家吃后都赞不绝口。从此，“嫂子面”就出名了。也因为这种“嫂子面”上必须加臊子为浇头，所以人们也把它称作“臊子面”。此后，为了显示妇女的贤惠，将这种新媳妇过门第二天，当着客人的面上案擀面，以测试其技艺高低的习俗传承了下来。技术高超娴熟者，擀出的面厚薄均匀，切条细长，下到锅里不会断裂，这样的新媳妇，才能赢得大家的赞誉与肯定。\n<br>\n<br>正如一首民歌唱道：“十八省里(那个)转一遍，好不过咱们庆阳的臊子面”。庆阳臊子面在经过千年的发展过程中，也已形成了独特的地域风味。传统的膳食臊子面，因其太辣，吃在嘴里不断发出嘘嘘哨声，又被称为“哨子面”。庆阳臊子面做工精细，制作独特，吃法有趣，堪称一绝。\n<br>\n<br>关于美食的散文：草原美食\n<br>\n<br>一、喝早茶\n<br>\n<br>我在18岁的时候才知道，世界上还有一个地方，把吃早餐叫喝早茶，而且那碗里的食物确实是以茶为主。这个地方就是锡林浩特和以锡林浩特为代表的畜牧业为主的地区。\n<br>\n<br>那茶水是用青砖茶熬制的，再兑上适量牛奶，加少许盐就成了。兑牛奶的叫奶茶，蒙语叫“苏太且”，不加奶的称其为清茶，蒙语叫“哈日且”，但翻译的时候你可不能直译，否则就成了黑茶了，虽然从颜色上看叫黑茶也比较接近，但大家习惯的叫法还是清茶。熬制清茶或奶茶的过程说起来极其简单，但不同的人，不同的手法，熬出来的茶的味道是不同的。最地道最香醇的当属牧民熬制的奶茶了。通常都要把青砖茶砍成小块装到提前用白纱布缝制好的口袋里，待灶上锅里的水沸腾了就把茶口袋放到里面，然后用水瓢或勺子舀出来从高处再浇下去，循环往复，次数越多味道越好，不知是否有科学依据，但我觉得这样做至少可以除掉茶叶中生木的异味儿。茶水的浓度要依据自己的口味而定，一般红中透黑即可，然后加上适量的盐，清茶就熬好了;如果想喝奶茶，再加适量牛奶煮沸就行了。\n<br>\n<br>奶茶或清茶是不能填饱肚皮的，即使把肚皮喝得发胀，那也是虚假“繁荣”，几泡尿出去，胃里便空空如也。事实上，无论过去贫困时期的还是今日，锡林浩特人早茶的餐桌上总会有更丰富的内容。最简单的，清茶或奶茶里会有少许小米，称之为米茶，还有的巧妇会提前把小米用黄油或牛羊油炒一下，然后放在茶里熬熟，喝起来既香醇又解饥饿。另外，桌子上常会有炒米、炸果子、黄油，奶豆腐之类的食物。如今锡林人的早茶实在是太丰富多彩了，除了以上那些内容，还会有肥美的手把肉，新鲜的血肠肉肠以及蒙古包子、沙葱饺子之类。还有一种叫锅茶，就是把牛肉干，奶豆腐炒米黄油放在锅里，兑上熬制好的奶茶，下面点上酒精，就着热气，喝个全身透汗，爽极了。如果时间允许，还会有一两瓶老酒，那就叫喝硬茶了。不过这样的早茶一般人难得享受，只有在节假日才有时间品味。不是钱的问题，主要是缺少时间。\n<br>\n<br>二、吃手把肉\n<br>\n<br>手把肉又叫手抓肉，顾名思义就是用手抓着吃的肉。这种饮食的原料以牛羊肉为主，就是把按着骨骼大小大卸八块之后放进冷水锅里煮，纯草原的煮法是只放点盐和葱，其他调料一概不放，以保证肉质的原生态。而且煮手把肉的柴火也很讲究，煤气要比电好，木柴要比煤气好，而牛粪火是煮手把肉最佳的柴火。现代人生活节奏快，时间都比较紧，所以很多城里人都选择用高压锅来煮，而且还加了花椒大料鲜姜陈皮酱油等一大堆佐料，这样做出来的手把肉少了原生态不说，味道也是大打折扣了。\n<br>\n<br>吃手把肉的方法也比较讲究，一般是左手持肉，右手拿刀，刀刃向内，从外向内轧肉。据民俗学者说，这样的方法体现了蒙古族人对别人的尊敬，刀刃向里，宁可伤到自己也不能伤到别人。一般情况下，羊的胸部和后腿部位的速记雅思这两块肉要敬献给尊贵的客人或长辈;羊的前肩胛骨部有一块类似扇形板子的骨头，蒙语叫做大冷雅思，这一块手把肉是要大家共同分吃的，应该是由主人用刀子给每个人分一块。吃肉的时候一般应该肥瘦搭配，特别像羊肋骨，它们外表一层都是肥肉，靠近骨骼的才是瘦的，所以一般吃这块肉的时候不能一层层吃，而应该把刀子由表皮向骨骼纵向垂直切，这样切出来的肉块白红相间，肥瘦搭配，吃着才鲜嫩可口，不肥不腻。如果自己单独吃一块肉，一定要把骨头上的肉吃干净，否则会被人讥笑为狗都不如。不过这对于不常吃手把肉、不会用刀子的认真还有点难，特别是脊椎骨头，结构复杂，古风和柔纵横交错的掺杂在一起，没有三两年吃手把肉、使刀子的经历是绝对收拾不干净的，所以奉劝这样的朋友最好别单独享用一块骨头或者尽量别选难啃的骨头。有些主人很讲究，会把煮好的肥羊尾一片一片的切下来分别敬献给客人，一般情况下客人都要入乡随俗，要十分友好地接受这份敬意，把这片肥羊尾全部吃掉，要是确实觉得有些肥腻，可以蘸点蒜蓉辣酱，主人会对此举示以宽容一笑，无伤大雅的。\n<br>\n<br>如今，锡林郭勒草原的两大品牌乌珠穆沁羊、苏尼特羊已经驰名中外，不但走出本埠，也已经漂洋过海，成为阿拉伯国家的最爱。人们戏说，这些羊吃的是中草药，喝的是矿泉水，拉的是六味地黄丸，当然他们的肉质是无可比拟的了。当然要想吃到正宗地道的手把肉，最好深入到草原腹地，深入到牧民家中，这样才不会吃到育肥的或者外地冒充的羊肉。\n<br>\n<br>蒙古族饮食文化是有肉必有酒，有酒必有歌舞相伴。吃了手把肉，平时你有半斤的酒量，这时喝上八两草原老酒也不会醉，不信你可以亲自一试啊</p>','2017-09-20 22:37:53',0,'20171892'),('bba704b3d22d8359',1,'无标题文章','<p>早上起来天下着毛毛雨，心情忧郁极了，看着打着伞在街上行走的人们，忽然想起了曾经的一段时光……<br>　　那时的我们很穷，穷的连把伞都买不起，可是那时的我们很幸福。<br>　　直至十几年后，我依旧清楚地记得妈妈送我上学的情景。依旧记得那天早上起来天就下着毛毛雨，不一会的功夫，就雷雨交加，我打算逃课，窝在被窝里久久不肯出来，妈妈拽着我起床，穿好衣服，雨下的稍微小点了，我哭了，妈妈却在一旁安慰着我，那天早上，妈妈抱着我朝学校走去，我们没有伞，妈妈就从家里找了两个塑料袋，套在我们的头上，我们就这样出门了，妈妈抱着年幼的我，虽然那天很冷，我们也被雨水淋湿，可是依偎在妈妈的怀里，我感到很温暖，或许那时候，也是我童年最美好的一段回忆吧!<br>　　后来，我长大了，妈妈也忙着自己的事，渐渐的，我学会了自己收拾东西，自己去学校，自己干家务活，甚至，妈妈不再送我去上学了，我感到莫名的孤单，爸爸妈妈每天很晚才回家，而那时的我，还要照顾年幼的妹妹。直到我小学毕业，妈妈再也没有送过我上学。这不能不说是我童年生活的一件憾事。<br>　　那一年我考上了一所重点初中，由于对路况不熟悉，我甚至常常走错路，妈妈又开始了她的工作，她每天都会送我去学校，放学接我回家，我知道她很累，可是她却坚持不说，我坐在自行车的后面，能够感觉到她蹬车的艰辛，我默默地流着泪，看到她的背部早已湿透，我再也忍不住，搂着妈妈的腰，默默地哭泣。我心里告诉自己说：“妈妈，你不要再为我付出了，可是，这就是母亲，一个让人敬佩的五体投地的女人。”<br>　　又是一个雷雨交加的下午，不一会的功夫，雨水已经淹没了街道，我骑着自行车，可是怎么都无法向前，只好下车推着自行车，我的鞋子，裤子，全都湿透了，看到同学一个个被父母亲接走，我的心里难受极了，推着自行车漫无目的地走着，突然眼前出现了熟悉的身影，是妈妈，妈妈提着我的雨鞋来接我了，顿时一股热泪划过我冰冷的脸颊，激动的半天说不出话来，妈妈接过我手中的自行车，向前推着，我走在妈妈的身旁，拽着妈妈的衣角，即使这样地简单，我都会高兴好长时间。<br>　　直到初中快毕业的时候，我才有了平生中的第一件雨衣，我很珍惜这来之不易的礼物――妈妈送我的第一份礼物。<br>　　现在，我终于可以撑着自己喜欢的伞走在另一座城市的街道，可是每当我撑着伞走在街头，我就忍不住落泪，回想着爸爸妈妈这么多年的不容易，我告诉自己，一定要好好努力，好好回报他们的爱!</p>','2017-09-20 00:00:00',0,'yang19950221'),('bc64d1ca75a27bd0',6,'辅导辅导','<p><img src=\"http://192.168.87.128/images/upload/14/5/7d494c79-a9d3-4cae-ab34-7367c0a6f0d9.jpg\" style=\"max-width:100%;\"></p><p>从今到往，原来这些年有这么多的感悟：<br><br>　　1。凡事不必苛求，来了就来了；凡事不必计较，过了就过了；遇事不要皱眉，笑了就笑了；结果不要强求，做了就对了；生活就是一种简单，心静了就平和了。<br><br>　　2。不用为谁轻易改变，也不要试图改变他人。前半句是因为不做自己终将很惨，后半句是因为你根本做不到。<br><br>　　3。梦，该醒了，天总是要黑，事情总是要过去…累了，休息一下，继续走……<br><br>　　4。 过去错过的缘分，已经在流年里消散；过去遇见的人，也是消了模样，能够想起来的，也只是一个代表回忆的符号，在烟雨中飘摇，最后或许连符号也渐渐消失，仅留下一片空白。一起走过的，一起笑过的，和花间灿烂的身影，全部被翻过的时间之册盖上，然后孤单地一个人上路，踽踽而行。风中逝去的呢喃，遗落在荒芜的记忆之外，本不想再回头，只是每每想起，终究阑珊了我的心绪。<br><br>　　5。 如果…<br><br>　　如果把脑海里关于你的记忆，都用一个点来表示的话<br><br>　　那我大概可以书写出，足以绵延到宇宙尽头<br><br>　　那么长的省略号，——可我遗漏了句号…<br><br>　　6。繁华尽处，寻一无人山谷，建一木制小屋，铺一青石小路，与你晨钟暮鼓，安之若素。<br><br>　　7。记忆是一张挂满风铃的卷帘，藏匿不了回味里一丝缱绻的痕迹。<br><br>　　8。择一城终老，遇一人白首！<br><br>　　9。许了伤悲，淡了流年<br><br>　　10。我想，是你给的爱不够多，无法温暖我，融化我的忧伤…<br><br>　　11。因为你，我懂得了成长，可你，依旧是我的伤。<br><br>　　12。在乎才会乱想，不在乎连想都不会想。<br><br>　　13。不乱于心，不困于情，不畏将来，不念过去，如此，安好。<br><br>　　14。当一个女人在你面前开始变得沉默，不再对你吼、对你闹、对你发脾气、管你这管你那时，你真的已经在她心里失去了那个不可或缺的地位了。纵使她还爱你，但是有些东西真的变了。纠缠、看似很烦，其实是最幸福的<br><br>　　15。问奶奶，是什么让他们维护一份感情长达60年，奶奶说那个年代什么东西坏了都会想要修，现在什么坏了都想着换。<br><br>　　16。当你确认ta的心不在你这儿了，你唯一的出路就是有尊严的离去。可悲的是你总误以为ta的心还在，然后你会做愚蠢的努力。千万别！<br><br>　　17。恋爱是想一个人的心，婚姻是拴一个人的心，爱情是吞一个人的心。<br><br>　　18。成长就是：渐渐温柔，克制，朴素，不怨不问不记，安静中渐渐体会生命盛大。<br><br>　　19。生病的时候有人陪，闷的时候有人说话，哭的时候有个肩膀，回家的时候有张笑脸面对，这就是我所需要的安全感。<br><br>　　20。我也十分爱过，可是走进婚姻，女人的角色就复杂了，在爱的同时，有了很多责任。她不可能再十分专注的爱一个人，她要从这十分爱中分出一分爱公公婆婆，又要从中分出一分来爱自己的父母，还要从中分一分来爱孩子。十分的爱经过婚姻的洗礼，就只剩下了七分。当另一份十分的爱袭击她的幸福时，她就无以抵挡……<br><br>　　21。当明天变成了今天成为了昨天，最后成为记忆里不再重要的某一天，我们突然发现自己在不知不觉中已被时间推着向前走，这不是静止火车里，与相邻列车交错时，仿佛自己在前进的错觉，而是我们真实的在成长，在这件事里成了另一个自己。-<br><br>　　22。小时候，希望自己快点长大，长大了，却发现遗失了童年；单身时，开始羡慕恋人的甜蜜，恋爱时，怀念单身时的自由。很多事物，没有得到时总觉得美好，得到之后才开始明白：我们得到的同时也是在失去。<br><br>　　23。喜欢一个人是一种感觉，不喜欢一个人却是事实。事实容易解释，感觉却难以言喻。<br><br>　　24。男人对女人的伤害，不一定是他爱上了别人，而是他在她有所期待的时候让她失望，在她脆弱的时候没有给她应有的安慰。<br><br>　　25。道歉并不总意味着你是错的，而对方是正确的。有时它只是意味着相对自我而言，你更珍惜你们之间的关系<br><br>　　26。我正在行走，却找不到方向……<br><br>　　27。我难过的是：低声下气，换来你的爱理不睬和漠不关心…<br><br>　　28。要替别人着想，但为自己而活。<br><br>　　29。举得起放得下的叫举重，举得起放不下的叫负重。可惜，大多数人的爱情，都是负重的。<br><br>　　30。爱情是灯，友情是影子，当灯灭了，你会发现你的周围都是影子。朋友，是在最后可以给你力量的人。<br><br>　　31。成熟不是人的心变老，是泪在打转还能微笑。<br><br>　　32。让世界拥有它的脚步，让我保有我的茧。当溃烂已极的心灵再不想作一丝一毫的思索时，就让我静静的回到我的茧内，以回忆为睡榻，以悲哀为覆被。这是我唯一的美丽。让懂的人懂。 让不懂的人不懂;让世界是世界，我甘心是我的茧。<br><br>　　33。家庭Family这个词意味著什么吗？家庭FAMILY是爸（Father）和（And）妈（Mother）、我 I 爱 Love 你 You 。“爱” 的中英文双解：Love爱=Listen倾听+Obligate感恩+Valued尊重+Excues宽恕。<br><br>　　34。睡眠是一中艺术，谁也别想挡住我追求艺术的脚步。<br><br>　　35。其实，有些人什么都懂，只是执迷不悟而已。<br><br>　　36。你的满不在乎 让我看到了自己的稀薄<br><br>　　37。人累了 可以好好的休息 但是心累了 该怎么休息呢？<br><br>　　38。听悲伤的歌，看幸福的戏。<br><br>　　39。真心离伤心最近。<br><br>　　40。所谓最难忘的，就是从来不曾想起，却永远也不会忘记。<br><br>　　41。等待你的关心，等到我关上了心。<br><br>　　42。不被理解的弱小只好一直坚强。<br><br>　　43。如花美眷，似水流年。回得了过去，回不了当初。<br><br>　　44。看着别人的故事，流着自己的眼泪。<br><br>　　45。幸福，就是找一个温暖的人过一辈子。<br><br>　　46。风空空洞洞地吹过。一年又这么过去。而来年，还要这么过去。我不知道是安稳的背后隐藏着沮丧，还是沮丧里终归有安稳。只是我们，无法找到。<br><br>　　47。我回过头去看自己成长的道路，一天一天地观望，我站在路边上，双手插在风衣的兜里看到无数的人群从我身边面无表情地走过，偶尔有人停下来对我微笑，灿若桃花。我知道这些停留下来的人终究会成为我生命中的温暖，看到他们，我会想起不离不弃。<br><br>　　48。这个城市没有草长莺飞的传说，它永远活在现实里面，快速的鼓点，匆忙的身影，麻木的眼神，虚假的笑容，而我正在被同化<br><br>　　49。谁是谁生命中的过客，谁是谁生命的转轮，前世的尘，今世的风，无穷无尽的哀伤的精魂。<br><br>　　50。云落泪了风会吹干它，风叹息又怎么安慰呢 ？<br><br>　　51。多深的感情，能经得起时间的见证？多深的爱恋，能锁住一个孤单的灵魂？多深的感恩，能固守一个虚无的家庭？多深的怜悯，能慰藉一颗漂泊不定的心？<br><br>　　52。一个人害怕孤独，两个人害怕辜负。<br><br>　　53。是你苍白了我的等待，讽刺了我的执着。<br><br>　　54。最疼的疼是原谅，最黑的黑是绝望。<br><br>　　55。碎了一地的诺言，拼凑不回的昨天。<br><br>　　56。微笑拥抱每一天，做像向日葵般温暖的女子<br><br>　　57。收拾起心情，继承走吧，错过花，你将收成雨，错过他，你才会碰到他。<br><br>　　58。想过去是杂念。想未来是妄想。最好把握当下时刻<br><br>　　59。我一个人躲在没有人可以伤害我的角落，幻想我的幸福，属于我一个人的幸福<br><br>　　60。时间太瘦，指缝太宽。<br><br>　　61。伤口是别人给予的耻辱，自己坚持的幻觉。<br><br>　　62。为什么在爱的时候，心也是孤独的。<br><br>　　63。我们的生活有太多无奈，我们无法改变，也无力去改变，更糟的是，我们失去了改变的想法…<br><br>　　64。一年老一年，一日没一日，一秋又一秋，一辈催一辈;一聚一离别，一喜一伤悲，一榻一身卧，一生一梦里<br><br>　　65。生活不是林黛玉，不会因为忧伤而风情万种<br><br>　　66。只想找一个在我失意时可以承受我的眼泪，在我快乐时，可以让我咬一口的肩膊。<br><br>　　67。我以为爱情可以克服一切，谁知道她有时毫无力量。我以为爱情可以填满人生的遗憾，然而，制造更多遗憾的，却偏偏是爱情。阴晴圆缺，在一段爱情中不断重演。换一个人，都不会天色常蓝。<br><br>　　68。爱情使人忘记时间，时间也使人忘记爱情。<br><br>　　69。总有一天我会从你身边默默地走开，不带任何声响。我错过了很多，我总是一个人难过。<br><br>　　70。躲在某一时间，想念一段时光的掌纹；躲在某一地点，想念一个站在来路也站在去路的，让我牵挂的人。<br><br>　　71。爱情原来是凄美的吞噬，但愿我的身体容得下你，永不分离。<br><br>　　72。甚么事情都会成为过去，我们是这样活过来的。<br><br>　　73。相逢，不是恨晚，便是恨早<br><br>　　74。雨季的心事朦胧，幻想着浪漫雨中，期待那瞬间回牟，却换来百般心痛，曾相信情有独钟，再回首梦已成空，偶然间目光相碰 才明白错在相逢。<br><br>　　75。爱你值不值得，其实你应该知道，爱就是不问值得不值得。<br><br>　　76。想你的时候，把你的名字写在手心。摊开的是思念，紧握的是幸福。<br><br>　　78。缘分依旧，而情已不再，我们再也回不去了！<br><br>　　79。因为爱过，所以慈悲；因为懂得，所以宽容。<br><br>　　80。因为爱过，所以慈悲；因为懂得，所以宽容。<br><br>　　81。爱情在动静之间：缘分在聚散之间。<br><br>　　82。180度的爱情，没有对白，没有过场，只有彼此相反的方向。<br><br>　　83。昨天，已拥有过幸福的梦境；今天，梦醒了，该放开；明天，梦想或许是幻想。对着天空，默默地埋葬之前的一切：“再见！”<br><br>　　84。仿佛还是昨天，已是昨天，却非常遥远！<br><br>　　85。我的脚步想去流浪，我的心却想靠岸，我的影子想去飞翔，我的人还在地上，我的笑容想去伪装，我的泪却想投降。我这样的人没有你想象中坚强，如果你寂寞的胸膛是我依靠的地方，我将在那里生活一辈子……<br><br>　　86。阳光洒满了整间房子，我的心却是那么的冷，眼睛里一直酸涩，里面的液体想出却又不敢出，就那样的转着。<br><br>　　87。窗外雨在下，自天而降，说是无根，但总归是有归宿的。心在流浪，飘的远近都会空空荡荡。飘泊是属于心的自由。<br><br>　　88。不要为痛苦再犹豫什么，该怎么做都是时间说了算。<br><br>　　89。逃避只不过是一种借口，因为心里依然有伤。你所做的只是成了淡忘的奴仆。幽怨和哀伤在这个时候依然是擅于表达的，只是你拒绝了倾诉对象。当然，逃避并不是谁都有资格说的那么无关痛痒的。<br><br>　　90。时间会慢慢沉淀，有些人会在你心底慢慢模糊。学会放手，你的幸福需要自己的成全。<br><br>　　91。有的人与人之间的相遇就像是流星，瞬间迸发出令人羡慕的火花，却注定只是匆匆而过。<br><br>　　92。有些的时候，正是为了爱才悄悄躲开。躲开的是身影，躲不开的却是那份默默的情怀。<br><br>　　93。如果，她在你面前笑，并不代表一切都好…… 如果，她在你面前哭，说明她是真的很难过…… 如果，你足够慷慨，给她安慰，她会打心里感激你，深深地……<br><br>　　94。这世上最累的事情，莫过于眼睁睁看着自己的心碎了，还得自己动手把它粘起来……<br><br>　　95。人生就像一场舞会，教会你最初舞步的人却未必能陪你走到散场……<br><br>　　96。爱情是场梦，可有些人却总睡过头……<br><br>　　97。昨天，我卖身给学业，所以今天我无所事事，而明天，我将嫁身于生计……<br><br>　　98。我们一直在寻找那种感觉，那种在寒冷的日子里，牵起一双温暖的手，踏实的向前走的感觉。<br><br>　　99。我总是轻易地忘记自己对自己的承诺，日复一日地对自己催眠……<br><br>　　100。红豆本是相思子，一寸相思一寸灰<br><br>　　101。要迎着晨光实干，不要面对晚霞幻想。<br><br>　　102。我们每个人都是单翼天使，只有互相拥抱才能飞翔。<br><br>　　103。懂得珍惜，才配拥有。<br><br>　　104。要做的事情总找得出时间和机会；不要做的事情总找的出藉口。<br><br>　　105。昨天是已知的，明天是未知的，只有今天才是需要珍惜和为之努力的。<br><br>　　106。真正的爱，应该超越生命的长度、心灵的宽度、灵魂的深度。<br><br>　　107。不坚持，痛苦会一直留下来；坚持下去，过程可能会辛苦一点，但完成以后，看到那个成果，再不会回想过程很辛苦，还会变成甜蜜的回忆。<br><br>　　108。到了今年，没有什么是一定要的。如果说有什么一定要的，那就是对自己好。<br><br>　　109。想象自己是竹蜻蜓， 只要张开双翅勇敢地迎着风去，便可以飞起来，自由地飞起来。<br><br>　　110。你相信男女之间能有真的友谊吗？那种平静、安定、完全可以互信互靠的友谊吗？我相信。因为惟有相信，才有可能。<br><br>　　111。生命只要好，不要长。<br><br>　　112。我在雪地上画了许多笑脸，可我却哭了。捏了个心形，我把它冰封在雪地下面。让冰雪深深掩埋……<br><br>　　113。摊开掌心对着天空，掌心里有阳光，那是我想你时莞尔的笑容；掌心里有雨滴，那是我思念你偶尔滴落的泪水……<br><br>　　114。或许真的是难以两全，但是我在以我自己的方法努力着。<br><br>　　115。当窗外的风雨来了，我们有房屋，当心中的风雨来了呢？<br><br>　　116。在什么都不确定的年代，我们总是相爱的太早，放弃的太快，轻易付出承诺，又不想等待结果。戒指，不再是一生一世的承诺，终生相守的誓言，却成了纪念伤感的烙印，就像有的人说过的：戒指好比爱情，戴在手上，也是戴在心上，伤在心上，便也伤在手上。不敢碰的，是那心里的伤，不愿摘的，是那难舍的爱。<br><br>　　117。前方无绝路，希望在转角。<br><br>　　118。逃避不一定躲得过，面对不一定最难过，孤单不一定不快乐，得到不一定能长久，失去不一定不再有，转身不一定最软弱。别急着说别无选择，别以为世上只有对与错，许多事情的答案，都不是只有一个，所以我们永远有路可以走。<br><br>　　119。体贴的心胜过最美的承诺……<br><br>　　120。我的世界我做主，我的梦想我追逐，我的明天我守护，我的永远是幸福。<br><br>　　121。甜蜜在梦幻的一瞬间，留下了城市的思念。<br><br>　　122。每次让泪水流回心底，去灌溉梦想开出奇迹。<br><br>　　123。为何鱼只用一种表情，就可以面对全世界？——为何我却不能只用一种表情，来面对全世界呢 ？<br><br>　　124。坚强是一个人最强有力的武器。只要内心里相信，总有一天，能够做到。<br><br>　　125。我开始不知道自己想要什么了。我既不开心也不难过。我把自己的情绪控制的恰到好处。我不知道在这样的套子下面是个什么样子。我让自己很压抑的。悲。喜。在时光面前任何事都不值一提。任谁。都是卑微且渺小的。<br><br>　　126。一个人沉浸在自己的世界里。不想谁来打扰，于是，养成一种习惯。<br><br>　　127。最怕空气突然安静，最怕朋友突然的关心。自己过的快乐或委屈，突然锋利的回忆。我们像一首最动人的歌曲。痛过后，留下最美丽的纪念品。我们，那么甜，那么美，那么相信。那么疯，那么热烈的曾经。<br><br>　　128。遗憾， 在欲言又止的话里<br><br>　　129。谁带我回到只有童话的日子里？<br><br>　　130。生活在童话里，离天堂更近……<br><br>　　131。要输就输给追求 要嫁就嫁给幸福。<br><br>　　132。我是由影子保护着的。<br><br>　　133。刻在记忆里的那个夏天，是我们一起在阳光下流下的泪水。<br><br>　　134。阳光温热，岁月静好，你还不来，我怎敢老去？<br><br>　　135。幸福，犹如掌心里的纹路，谁也不知道它的一头牵绊住了谁的脚步。<br><br>　　136。爱上文字里淡淡的忧伤、微疼。让我安心<br><br>　　137。努力了许久、结局依然是我一无所有<br><br>　　138。独守属于自己的一片晴空<br><br>　　139。有一天世界都变了 ， 别忘了天空原来的颜色<br><br>　　140。喜欢静静的呆着，听着风的声音。<br><br>　　141。有些难以启齿的柔弱，只能自己慢慢把握<br><br>　　142。花开花落，到最后还是只剩下我自己。<br><br>　　143。原来那些被珍贵地握在手中的暖，却是向时间借来的光<br><br>　　144。紧握在手里的幸福应该是简单而透明的<br><br>　　145。最美是过程，最难是相知，最渴望是结果，最苦是等待，最幸福是真爱，最怕是无情，最悔是错过，这就是爱情<br><br>　　146。永远不是一种距离，而是一种决定<br><br>　　147。迷宫般的城市，让人习惯看相同的景物，走相同的路线，到相同的目的地；习惯让人的生活不再变化。习惯让人有种莫名的安全感，却又有种莫名的寂寞。<br><br>　　148。一次小小的偶然，一个浅浅的微笑，一声温馨的话语，一份柔柔的的温情—这便是生活。<br><br>　　149。微风带走的，是不堪回首的昨天，岁月带不走的，却是长久的依恋…………<br><br>　　150。一路上有你们，陪我欢喜陪我忧 ，这份真挚的友谊 ，我会一辈子珍惜<br><br>　　151。我们一直在等待，但却不知道等待过后是什么？或许，我们在等的只是一个飘渺的幻想<br><br>　　152。伸出手，却永远无法触及的，徘徊在城市街角，停留在爱的边缘，那个蓝色的梦，在我手中<br><br>　　153。叶散的时候，你明白欢聚；花谢的时候，你明白青春<br><br>　　154。花开花谢。谁为谁心痛。人来人往。谁为谁停留。<br><br>　　155。回忆像一碗热汤 想念那么滚烫。只想要取暖 却狠狠被烫伤 。<br><br>　　156。不是故事的结局不够好，而是我们对故事的要求过多<br><br>　　157。时光暗淡，黑暗真的太冷，没理由能够撑到天亮。<br><br>　　158。我很好，不吵不闹不炫耀，不要委屈不要嘲笑，也不需要别人知道。<br><br>　　159。我们，没有翅膀，不会做天使般的飞翔，也做不了叶子，被风追逐，或是被树挽留，无根的漂迹在红尘，惹来一身尘埃，污了心情，招来伤心。<br><br>　　160。一个人只要不再想要，就什么都可以放下。<br><br>　　161。没有什么过不去，只是再也回不去。<br><br>　　162。离去，让事情变得简单，人们变得善良，像个孩子一样，我们重新开始。<br><br>　　163。我无法相信单纯的幸福，对人生的起伏悲喜，既坦然又不安。<br><br>　　164。蓝，无心而蓝，随心也蓝！<br><br>　　165。我们曾经追求过幸福，至少我们见过幸福的背影。<br><br>　　166。付出的时候，不要期待任何回报，否则一颗心老是牵挂着结果，反而更难有收获。<br><br>　　167。结束便将开始，失去既是拥有，不好也不坏，生有何哀，死又何哀<br><br>　　168。每个人都可以假装欢笑愤怒或悲伤，却无法控制眼神的深度……<br><br>　　169。人之所以不幸福，也可能是被自己耽误的<br><br>　　170。我的微笑温暖了别人，谁的微笑温暖了我呢？<br><br>　　171。漂泊不是一种不幸，而是一种资格。趁着没有家室拖累，趁着身体健康，此时不飘何时飘？当然，漂泊的不一定是身体，也许只是幻想和梦境。新世纪的时尚领袖是飘一代，渴望漂泊的人惟一不飘的是那颗心。<br><br>　　172。伤心和委屈的时候，要嚎啕大哭。哭完洗完脸，拍拍自己的脸，挤出一个微笑给自己看。不要揉，否则第二天早上会眼睛肿。<br><br>　　173。给自己一个远大的前程和目标。记得常常仰望天空。记住仰望天空的时候也看看脚下。<br><br>　　174。一样的青春，一样流失的岁月。不是童话，所以没有幸福的结局；不是电影，所以不能重现<br><br>　　175。我依旧是个热爱生活期待爱情的孩子。是的，我叫自己孩子。我承认自己有很多地方很幼稚，还有很多让人无法忍受的任性和放肆。可是我纵容自己，趁着还青春年少。<br><br>　　176。从失望，到绝望，并不需要太久，一秒，足矣。尤其，我是一个试图在冰冷里寻找温暖里女人。<br><br>　　177。不想再剖自己的心给大家看了。不想再用行为来证明自己的幼稚，不想再用语言来说明自己的痛苦，也不想再用任何文字来表达自己的心情。自己的心自己疼， 自己的身体自己照顾，自己的人自己珍惜，自己的感情自己收藏。<br><br>　　178。既然不能够洒脱地去爱，那就让我洒脱地不爱<br><br>　　179。好好工作，没有面包什么都没有。如果我洞察了一切，我该给自己鼓掌。<br><br>　　180。过去的一页，能不翻就不要翻，翻落了灰尘会迷了双眼。<br><br>　　181。人是可以快乐地生活的，只是我们自己选择了复杂，选择了叹息！<br><br>　　182。感觉寂寞，只是因为你无所关注，无处付出<br><br>　　183。一艘小纸船，悠悠的飘过来，吸收水分，渐渐沉没，世上最美好的东西都是有有效期限。<br><br>　　184。影子躲在阳光背后，忧伤躲在欢乐背后。自卑躲在自傲背后，月亮躲在乌云背后。请问“背后”躲在谁的背后呢？<br><br>　　185。向日葵告诉我，只要面对阳光努力生长，日子就会变得单纯而美好……<br><br>　　186。站在这十字路口，面对许多的抉择，有迷茫，害怕，担忧，无奈……</p>','2017-09-20 22:37:53',0,'hucheng'),('bdc771b208c55b13',4,'恋爱时代','<p>游泳运动员出身的体育讲师恩郝（孙艺珍饰）与前夫东振（甘宇成饰）虽然已经离婚，但仍牵扯在彼此的生活中，互相给对方介绍异性，或在从前约会的地方见面，讨论私生活等，一直保持着特殊的关系，相爱之心不但没有因离婚而冷却，反而变得更加火热[2]</p><p><img src=\"http://192.168.87.128/images/upload/7/1/bd8df20a-e73d-4c60-8098-d44a27a4dfa4.jpg\" style=\"max-width: 100%;\">&nbsp;</p>','2017-09-20 22:37:53',0,'sunyizhen'),('c0072b98ebc861dc',6,'实打实三','<p><img src=\"http://192.168.87.128/images/upload/4/1/8e0170b6-7680-4d02-9147-193ed9ff8065.jpg\" style=\"max-width:100%;\"></p><p>结结实实所所所所所所所</p><p>奥术大师多多</p><p>按时大大多多多多多多多</p><p><img src=\"http://192.168.87.128/images/upload/13/5/5892b91d-e39a-4275-9cf2-5f580d27605b.jpg\" style=\"max-width:100%;\"></p>','2017-09-20 22:37:53',0,'jiangjianqing'),('c2a51ad661d7309b',9,'爱若放手，祝福依旧','<p><img src=\"http://192.168.87.128/images/upload/10/8/042f1664-ddad-4a78-9345-eb79f820db98.jpg\" style=\"max-width:100%;\"></p><p>　春色远走，风情长留。爱若放手，祝福依旧。<br><br>　　 ——题记<br><br>　　人都说，爱上一座城，是因为城中住着你爱的人。爱屋及乌自是不言而喻，每个人的生命中都会出现这样一个人，纵使尘满面，鬓如霜，也想要和他相伴到岁末晚景。我深信此画面曾被无数人精心描摹过，因为它是人们心里憧憬的最美的爱相逢。这个浪漫的“版图”，也是温暖与真挚包裹的纯粹感情，所刻画的一幅朴素人生。<br><br>　　世间最理想的爱情，当然是两颗同心，一生相濡以沫。擦肩而过，只能说彼此情深缘浅。放手成全，可能给人感觉言过凄美，听着有些颇为冷情，可谁也不能否认这不是因为爱情。<br><br>　　爱情是什么？我只能说是一种忘我的感觉，一种怡然心扉的情愫，它体现着爱情的完美纯度。 “遇一人白首，择一城终老”，人人心期遇见这样的尘缘，从此守候这种温暖。可生活并非是你以为的那么顺然，爱情也有难违的宿命。<br><br>　　虽然在爱着的岁月里，谁都想远离苦情的日子，谁都想告别痛彻心扉的分手领悟，谁都喜欢让爱情的阳光，洒满心空。<br><br>　　但爱情有时就是那么不可思议，有些人相爱时海誓山盟、琴瑟和鸣，却逃不开生活的细节，导致情源枯竭，爱因此无疾而终。有些人即便爱得肝肠寸断，到最后还是一人向左，一人向右。也有一些人，一路磕磕绊绊，分分合合，几度被所谓的爱情来回折腾，于风风雨雨里磨合几十年，甚至把所有的离歌全唱过，依然不改初心。类似这种戒不掉的疼痛，谁又能说这不是因为爱情？</p><p><img src=\"http://192.168.87.128/images/upload/11/4/1df17d4c-ba70-43db-86a2-546fc3bbd151.jpg\" style=\"max-width:100%;\"></p><p>不管今生遇见了怎样的情缘，也无论爱与被爱，彼此能够遇见，就是上天注定好的缘份。被一个人吸引，首先看得是眼缘。 一但爱情使得彼此之间变成小心翼翼的撕扯，关心变成了束缚和互相伤害的导火索，放手或许是最明智的选择。爱情，从来没有配不配，有的只是适不适合。<br><br>　　爱一个人，首先应该让他（她）快乐。对于一段情，能够温暖彼此心灵最重要，可以让彼此记住曾经的美好最难得。早就有人说，爱不是索取，不是占有。爱是给予，是奉献，是成全。<br><br>　　一直喜欢《有一种爱叫做放手》的老歌，阿木用他沙哑的音色唱着：有一种爱叫做放手，为爱结束天长地久，我的离去若让你拥有所有，让真爱带我走说分手……<br><br>　　这一段令听者撕心裂肺的副歌，每每回味，心中总会涌出不能自己的颤抖和感动……<br><br>　　但凡天下的事，一般都能说得清。唯独爱，无法解释。有些爱，只是自己明了。有些行为，惟有自己懂得。也许有些人的爱情，就是开始浅喜后来才是深爱，这种感觉大概很多人都经历过。<br><br>　　可能他（她）从不对你说，爱上你，具体是什么感觉。也不想告诉你，你的出现，消弭了他（她）之前对爱的一切困惑。更不想说，你于他（她），曾是人生深渊里唯一类似光的存在。尤其不想让你知道，某时某刻，你在城里，他（她）在城外，仅是带着祝福在此经过。<br><br>　　有位名人说，未经失意，不懂人生。未经失恋，不懂爱情。<br><br>　　爱情就像是一场没有角本的演出，没有台词，没有彩排，相爱的人都是主角。我们深知，爱上，是一个人的事儿。相爱，却是两个人的事儿。爱与不爱，深爱或浅爱，是自己的事儿。珍不珍惜，放不放手，取决于爱到对方何种成度。<br><br>　　有时候放手，并非意味着不爱，反而是深爱的一种表现。就如歌里唱的这样：<br><br>　　如果你对天空向往，渴望一双翅膀，放手让你飞翔，你的羽翼不该伴随玫瑰，听从凋谢的时光。浪漫如果变成了牵绊，我愿为你选择回到孤单。缠绵如果变成了锁链，抛开诺言……<br><br>　　这种忧伤与爱恋交织的放手，是为了还对方自由。成全自己爱上的那个人，去做他（她）想做的事情。不愿因为爱一个人，从而致使那个人失去自我。《欢乐颂2》里曲筱绡也说，放手，是不想改变爱上的初衷。<br><br>　　放手，不再打扰。即便忍不住思念，也要忍住脚步。即使带着祝福来到他（她）的城，也会绕城而过。仅是站在遥远的国度，许下深深地祝福</p><p><br></p>','2017-09-20 22:37:53',0,'20170904'),('cbc2748919c7b97d',6,'乡愁，一个时代的情感背景','<p><img src=\"http://192.168.87.128/images/upload/5/13/4d2ea9c1-a20d-4a66-8080-73fb37abd080.jpg\" style=\"max-width:100%;\"></p><p>也许是越来越多的人抛弃了农村老家，进城生活，我们这个时代，从来没有像今天这样，深切地关注、谈论乡愁。<br><br>　　也许吵闹的城市缺少人情温暖，人需要一片寄情的山水，在闲暇的时光中，故乡隐约的召唤牵动灵魂，化作乡愁入梦。<br><br>　　乡愁是一种思念。但思念是针对性的情感，无论思念亲人、情人或者朋友，都是身在远方对另一个人的温暖回忆，思念得受不了，打通电话，思念也就随之而去。但乡愁不是。<br><br>　　在乡愁的弥漫中，你可以给亲人打一个电话，但却不能给村庄、河流打电话。即使你回去一趟，在家乡小驻几日，让乡愁暂时消失，但也许刚刚坐上返程的汽车，一种模糊的情感又会慢慢升起，<br><br>　　与思念相比，乡愁显得广阔而又模糊，抽象而又具体，就像月笼雾江，空阔苍苍，久伫江边，一任寒露湿衣，却无法满足对乡愁的释放。<br><br>　　人生总是伴随着愁。不顺心、办不了、过不去，愁；烦恼、失望、悲凉，愁。愁是凉了的情，揪住的心，愁是漆黑的夜，荒芜的路。不管愁何，只要被愁赶上，立马晴转阴雨。而，唯独乡愁，犹如霞光晚照，在淡淡的伤感中流淌着温暖的彩色。乡愁可能是人世间最美的愁了。<br><br>　　在外工作的城里人，总会与乡愁不期而遇，让思念伴随着一丝柔美的落寞；漂泊在外的游子，总会与乡愁相伴，想家的热泪，温润了心灵的开阔。我不禁疑惑，古代人背乡离井成为游子，可能是戍守边疆，也许回家时成为了马背上的枯骨；也可能是为了生存的逃离，再也没有回家的指望，乡愁就成了他们生命中绕不开的主题。在漫长的历史中，战乱、动荡、天灾往往就是一种最基本的社会形态，乡愁也就成了那个时代的普遍情感，也难怪在中国的文化史中，乡愁始终是庞大的文学命题，留下了数不清的乡愁文字。不管是“低头思故乡”的李白，或是“月落乌啼霜满天”的张继，不管是“西出阳关无故人”的王维，或是“少小离家老大回”的贺知章，都在站在异乡的大地上，远望苍茫，发出最为动人的乡愁</p><p><img src=\"http://192.168.87.128/images/upload/15/4/8539fd80-ea98-4c4f-bc36-d7f670ad5cc7.jpg\" style=\"max-width:100%;\"></p><p>人都是恋家的，老家是生命的老根。然而有史以来，迁徙却是人类发展的常态，背离老家，又安新家，趋利避害，开辟新的美丽家园，正是社会发展繁荣的强大动力。也许很多人会认为，人在异乡为异客，难免遭受冷漠的侵袭，失意的怀旧，如果在异乡顺水行舟，找到了家感觉，可能就没有乡愁了。然而，即使在大唐盛世，仍然乡愁如雨，天上月亮唯故乡独明；在今天奔小康的宽阔道路上，大多人并非是无奈的出走，悲情的离别，而是漫漫长路上的圆梦，但一旦远离家乡，乡愁也就来了，而很多人已经在城市住了几十年，成为道地的城里人，过着富裕的日子，但乡愁仍然挥之不去。更让人想不通的是，也就是这十来年，在生活的快速发展变化中，人们的小日子越来越红火美好，乡味却成了大众喜爱的味道，乡游成了有情的旅游，乡愁气氛越来越浓。乡愁正在成为一种大众的世纪情绪。<br><br>　　看来，只要离开家乡，就要与乡愁相伴，乡愁是离家出走必然产生的情感，家有多远，乡愁就有多浓。乡愁是永恒的。奇怪的是却没有“城愁”这个词。一个人在城里不管住了多少年，离开这个城市后，也可能产生怀念，但却仍然上升不到乡愁的高度。也许，城市与乡村就是两个不同地方，拥挤、冷漠、虚假的城市难以承载情感，安放灵魂，一栋火柴盒一样的楼房，或许就不值得怀念。<br><br>　　乡村是人类寻找并建造的第一个家园，而这个家园人一住就是五千多年，差不多养育了人类的全部文化与历史，直到现在，全世界的大部分人仍在乡村生活着。<br><br>　　五千年的风云变幻，沧海桑田，乡村亘古不变；五千年的深情守望，足见这就是人类的梦想家园！<br><br>　　乡村不但为人提供了生存的家园，更为重要的是，为人提供了真实情感的安实依托，唯有在乡村生活，即使贫穷得揭不开锅，但情感仍在漫延，灵魂仍在飞翔，人格是完整的。<br><br>　　乡愁产生于距离，距离扩大了想象空间与神秘美感，但乡愁的实质却来自乡村与心灵的契合。<br><br>　　乡愁是对乡村整体生态的缅怀。从人到物，再到近水远山，云霞星空，那里有一个完整的自己；<br><br>　　乡愁是一个个无序闪动的温暖画面。那些音容笑貌，老树池塘，凡是能在不经意间闯入心的镜头，都是心灵成长的节点；<br><br>　　乡愁是生命成长的重要参照。那个日出山脊，月落树梢的地方恒久不变，让人感到自己在空间中的位置是那样安稳。回家时经过的老树、石头、坡头、灯光都在情感中重复为心理标记，让路在心灵中延伸；<br><br>　　乡愁是一种舒服的在家感觉。那里的围墙围出了一个个小家庭，却围不住邻居的往来，红白喜事就是全村的悲喜，村庄连着田地，田地连着山野，山野连着云天，那是能时刻感觉到的云水家园，也只有这样的家园才叫家园……<br><br>　　在过去的二三十年里，城市一直在膨胀，人们在欲望的膨胀中差不多骚动了二三十年，在兴奋、新鲜中翻飞，却全然忽视了乡村的存在。从农村到城市，从城市到城市，梦想在欲望的一次次满足中又一次次跌落，当无奈地回首远望，才发现在民俗与传统的失落中，在年轻人、能人的流失中，在对土地田园的冷漠中，乡村成了一个空壳，家园差不多丢失了。才发现拥挤冷漠的城市大多是一个挣钱的地方，而不像家园，乡村虽然有很多不方便的地方，但却更适合居住。<br><br>　　乡村是家园，却挣不到钱，城市能挣到钱，却不像家园。也许这就是中国在相当长的时期内的困惑。</p>','2017-09-20 22:37:53',0,'20170904'),('cd5990d04ed13007',4,'论吃货的日常','<p>阿范德萨股份的高度发达双方法定AS</p><p><img src=\"http://192.168.87.128/images/upload/1/4/54735475-6cba-4ade-b3bb-527b673f7f60.jpg\" style=\"max-width:100%;\"></p>','2017-09-20 22:37:53',0,'xiexiao'),('d5f532739c0e82c2',4,'朋友，一起手牵手','<p><img src=\"http://192.168.87.128/images/upload/9/9/812d2789-2dbb-4872-8313-eefa2e4a4e92.jpg\" style=\"max-width:100%;\"></p><p>朋友是春天的风，让枯木发出绿芽；朋友是夏天的雨，滋润干枯的心田；朋友秋天的果，丰盈生命的过程，朋友是冬天的暖阳，温暖心头的寒凉。朋友不需要时时刻刻的联系，天天在一起。朋友是当你开心时，陪你一起分享的人，伤心时给你送来安慰的人；朋友是当你在人生的低谷，陪在你身边给你鼓励的人，朋友是当你站在人生的巅峰，不献媚你，还时刻提醒你，潮有起落花有开谢的人。朋友是当你需要时，TA却会立刻出现在你身边，风风雨雨陪伴着你，不求回报，不计较得失，不用说客气的话，甚至在你情绪失控的时候，可以破口大骂也不会和你计较的人。<br><br>　　 每个人生命中，都不能缺少朋友，有道是“多个朋友多条路”，朋友多了，路也就宽了，脚下的路宽了，世界也就大了，天高任鸟飞，海阔任鱼跃，更多的时候需要的是朋友的一臂之力。人生路上，风雨兼程，别人只关注着你到达的终点，只有朋友才会关心你飞的累不累，走的苦不苦。朋友，是那个在路上停下来为你擦把汗的人，朋友，就是那个风雨中甘心为你撑伞的人。因为相知，所以直言往来，因为懂得，所以不拘小格。不捡漂亮的话说给你听，但在关键的时候，却会为你雪中送炭，让你在天寒地冻的时候，感受到人间的温暖。该用冷水泼醒你的时候，不会任由你嚣张，会想办法让你清醒，不管你会不会生气，因为早晚你会懂的，那是不想让你撞到南墙，不想让你受伤。<br><br>　　 交一个好的朋友，会让你受益无穷。 朋友是小河的流水，把自己渗入土地，让树木得以茁壮；朋友是冬天的暖阳，散发的光和热，为冰封的大地退去寒凉；朋友是香甜的美酒，浓郁散发着馨香，可以豪饮却不让你醉。朋友是淡雅的花香，芬芳而绚丽，是生命中一道亮丽的风景线。朋友如歌，开心和失望时你可以哼着不同的曲调，让心中的情感得以释放；朋友如画，仔细的品味，可以开阔你的视野，愉悦你的身心。<br><br>　　 黄金有价，情义无价，不管是爱人还是朋友，真正的情谊弥足珍贵。朋友是那个时时刻刻把你放在心底的人，不管你在天堂还是在地狱，关怀和牵挂一直不变。一句简单的“喂，你现在怎么样”，就是最贴心的温暖。一句“没事，有我呢”，总会感动的热泪盈眶，一句“我就说吧，你能行”，就是对自己最大的肯定。真正的朋友，不是平时在一起喝过多少酒，碰过多少杯，而是在你需要的时候，伸向你的那只手。交一个素质高的朋友，会是一辈子取之不竭的财富。三人之行，必有我师，朋友不是书，却能让你学到比书上更有用的知识，提高着你的内涵，丰富着你的思想，洗涤着你的灵魂。让你身上那些横生的枝枝杈杈，得到及时的修剪，让你可以更加挺拔的挺立于尘世间。<br><br>　　<br><br>　　 不要对朋友要求的太多， 每个人的力量都有强有弱。在你需要钱的时候，看的不是谁拿出的钱多少，而是看看谁会为你倾囊而出，身价百万，拿出一半，那是哥们；身价十万，给你八万，那是义气；身价一万，给你一万，又给你借了一万，那是真正的朋友，是你的知己，是为你赴汤蹈火的人。一辈子可以有几个讲义气的哥们，但是知己的朋友，也许就只有那么一两个，若是碰到了，请好好珍惜，一辈子碰到这么个朋友不容易，是你的福气。<br><br>　　 朋友，是同在一片蓝天下的两棵树，一起顶着烈日，一起面对风雨，一起接受季节的馈赠，看上去是遥遥相望的两棵树，地下的根根节节都缠绕在一起，默默地给彼此鼓励和安慰。风雨中，朋友的眼睛投来的是关心的目光，心中默默惦记你的安暖。友谊是连接心和心的一根藤，你连着我，我连着你，风风雨雨让友谊的藤更加牢固坚定。朋友的情，是一根线，总是在你最需要的时候，可以伸出双手拉你一把。“朋友一生一起走，一句朋友你会懂……”当这首歌又一次响起的时候，心底是久久不能平息的感动</p>','2017-09-20 22:37:53',0,'xiexiao'),('d8ed8eb2e6563839',9,'嫁给爱情，然后笑着结婚','<p><img src=\"http://192.168.87.128/images/upload/13/15/72c1a35e-3600-4ac3-8f71-8772c03e2cad.jpg\" style=\"max-width:100%;\"></p><p>最适合的彼此，不是一开始的一拍即合，而是愿意在未来漫长岁月中为彼此变成更好的两个人，爱情不存在天造地设的一对，只有彼此努力，成为适合我们的对方。\n<br>\n<br>　　 有些事情总是在自然的状态下发生，给我们惊喜，让我们铭记于心。好的爱情，是找个相互喜欢的人过一生，从喜到爱的让他陪你哭逗你笑，同享福共患难。从小房子住进大房子，从二人世界变成三口之家，并没有惊天动地，也没有恩怨情仇，就这样平平静静地把日子过成天长地久。就这样遇见一个人，如冬日暖阳，似暗夜星光。\n<br>\n<br>　　 在漫长的未来里，很多人在面临爱情到来的时候总是很迷茫，不知不觉就在半路迷路了，而我的爱情到婚姻，也是兜兜转转，就算绕一圈还是回到了对方的身边，转来转去，你还是我的。\n<br>\n<br>　　 终于，在几年后的一天，我们为达到父母心中想要的模样而绞尽脑汁各自做出行动，终于走在了一起，父母不在阻挠，就在我生日的那天，我们领证结婚了，那天下午我们都激动万分的进行着这个惊心动魄的时刻，出了大厅我的心还在怦然心动，一时不能平静。这是爱情的见证也是我们的一路不离不弃带来的成果。\n<br>\n<br>　　 那是春节前夕，他来到我家的时候，本来满心欢喜的想来给我父母说着我们的事，可我家偏偏都是古老传说，他一心接我去他家看看，多少有个了解，而父母却再三阻挠；后来他回去了，听他说的我担心他回去无法交差怕他陷入尴尬和不知所措，于是我就偷偷把父母手里我的证件给偷了出来，悄无声息的去了他家，他们亲友父母都很热情，我也很喜欢这种氛围，几天后我就打道回府，对这件事情当作没有发生，一直隐瞒到现在，直到我们已经结婚在一起有了爱的共体，虽然说没有很好的婚礼，可是我已经知足了，我只希望我们都能好好的在一起，有家有爱有幸福感其乐融融的日子，生活就充满温馨。喜欢是一朝一夕，爱是从心动到古稀，为你去做那些看似做不到的事情才弥足珍贵！\n<br>\n<br>　　 这个世界上总会有一个人，能读懂你说出的每句好的真意看透眉\n<br>\n<br>　　宇间的叹息，我们的深情用对了地方那他才有意义，终于，我们笑着结婚了，是嫁给了爱情也是合适，如今的我们心中各有彼此有牵挂，这辈子，我们融入了彼此的生命中，由我们各自的半辈子组成了两个\n<br>\n<br>　　人的一辈子，就这样组成了一个小家。也许在这个光怪陆离的社会，少有人可以将日子过的行云流水，但我依然相信，走过的山川大地平湖烟雨岁月山河，经历过那些困苦和劫数的人，会更加平阔而干净，而时间只是旁观，过程依然要自己一步一步的走来，所有的行径和结果都需要我们自己承担。\n<br>\n<br>　　 生活中不论是向爱的人，还是爱我的人表达一种爱意、谢意，我觉得会有很多种方式，不会局限于某一天或者某个特殊的日子，只要有爱心我们可以通过日常生活中的每一天、每一个细节把情与爱释放、传递给对方。生活中的爱应如春雨绵绵润物细无声，而不是夏日暴雨般的倾情。我们爱生活的每一天、爱身边的每一个人，情应如细流暖暖于心，爱应如炉火之温暖弥漫生活的空间，这才是婚姻生活中日子该有的局面，让爱变的炉火纯青海枯石烂。\n<br>\n<br>　　 当我们披荆斩棘获得现在的幸福，就会特别感激和庆幸，感激曾经我们是多么勇敢，庆幸我们曾经那么坚持；无论在何时何地，我们都能呢心照不宣的有着奇妙的默契。现在无论你想什么做什么说什么，就算穿过树林越过山岭，我都知道你不会离我而去！而你，终究是我的，我们依然要平淡的一起过一辈子，从老婆到老婆子。\n<br>\n<br>　　 最深的爱总是风雨兼程，最浓的情是冷暖与共，是感冒时候的一杯热水，是洗好晒干的衣被，是鸡毛蒜皮的争吵也是生气后还能给的一个拥抱……当浪漫褪去浓情渐退，柴米油盐的温暖才是最长情的告白。我们的爱情要承诺也需要彼此坚守，我们都珍惜着相互来了也没走的对方；愿我们年迈螨跚之时，阳光和你依然在。\n<br>\n<br>　　婚姻的凝聚力，组成我们爱的晶体\n<br>\n<br>　　 我们的努力不为别的，只为日后生活多一些选择，选择彼此喜欢的人有着云卷云舒的小日子；幸福往往是惊喜是喜出望外，当意外发现我们不知不觉间就做了父母，这种欣喜若狂的喜悦是难以言语的初衷。看到你喜乐开怀的样子，让我也瞬间觉得，我们的爱情到婚姻有了新的延续，不久之后就会成为三口之家，新生命的到来让我们又在前有的基础上迈出了一步，逐渐成熟理智的去看待和选择问题。我们会相互沟通，而不在是一个人的时候那样随意不顾忌。会更加懂得为这个家着想。有家有爱有情怀。\n<br>\n<br>　　 在喜悦过后小宝的到来让一个母亲突然觉得，喜悦和痛苦并存，爱和家同在，孕期的呕吐让人变得一发不可收拾，时而晴空万里，时而阴晴不定，慢慢的就开始母亲难以承受这种煎熬在难以忍受的一天虚脱了，发晕而住院治疗，不希望这种喜悦因为自己的难忍而有什么不好，所以在大的痛苦难受我都要必须承受着，为迎接这个小生命而坚强的忍过一小段的苦楚。\n<br>\n<br>　　 小生命的出现让你在现在的工作中累和幸福并存着，哪怕工作再苦再累，你却还是油然而生的洋溢着幸福感；很多时候，我突然想着，一定是特别的缘分，让我们走在一起还可以久处不厌的过着日子的精简，才能一路走来变成一家人。是你对我的体贴和爱的见证，是我对你的离不开和爱不离。用心去爱过的人，就算爱如夏花，哪怕只有半夏，也觉得心甘情愿了吧。\n<br>\n<br>　　 希望我们都能所向披靡，让今天雨冲刷昨日的忧虑，明天的太阳晒干今天的衣裳，吐纳生活中日子该有的待遇；我们为自己的三口之家而喜迎生命的延续。这是美好的希望，是属于我们的幸福，这也许就是平凡人生中最灿烂的风景。\n<br>\n<br>　　 终于，阳光驱散了所欲阴霾，带给我们的是万丈光芒。这辈子我们定会妙不可言灿若烟火的在生活中把日子过成我们想要的模样。愿你我历经风雨后依然笑容如初，爱情相逢婚姻依然真诚如故。\n<br>\n<br>　　幸福生活，无非是一种心情\n<br>\n<br>　　 我的生活，在婚姻的日子中逐渐步入正轨，也许是我们都还在这种幸福中，所以对生活而言，心情，应该是生活中缓解一切困苦的根源，没有什么大道理可言，过日子，就是一种心情， 只能用好的心情去生活，累也不说累，苦也不言苦。 幸福，或许正是体现在这“不说累”和“不言苦”当中……\n<br>\n<br>　　 我们每天都是平淡又散发着温馨，生活有了柴米油盐，你也有工作的烦心琐事，当听见你抱怨工作的那种心情，我体会了，因为这和生活一样，要有的是心情，至少在生活中你感受到的是日子散发的四季，你对现在的生活感到满足；如我做菜一般，在你眼里的没天赋，逐渐可以慢慢摸索到一丝的酸甜，油盐的操控，足以让寸手难铲一锅鲜，却还是能幸福的做着爱的菜品，哪怕咸味十足，糊掉无光。依然洋洋自得。\n<br>\n<br>　　 有时候也常常会累，偶尔的心情浮躁，甚至有时候因为听见一首歌把心情投入到歌里，而引起感慨陷入情绪；现实生活，却是在甩甩打打中过得简单而痛快，并没让哪种琐事牵拌着情绪过日子，也不会有太多杂七杂八的事乱了心绪，所以，生活有时候尽管会忙碌繁琐些，心却并不太累。生活，可能不是件简单的事， 也没有太多的一帆风顺，更没有太多的心想事成，有的，可能只是些随时可遇的“碰壁”……\n<br>\n<br>　　 日子，我发现真的就是个心情，如歌中所唱剧中上演的，或许会有点滴的情绪反射，却不是完全属于自己，在感慨过后，依然会回到自己的日子，无非就是一家老小和家庭工作，而一切的一切，最终无非都是在‘心情’之上。\n<br>\n<br>　　 人有时会在生活中一不小心就进入日子的魔道，给心里灌输了消极的欲望，导致了生活的唾弃。那或许是，在付出努力和艰苦后钞票没有乖乖地进入腰包；在奋发图强的寻找着突破事业的窗口时现实却并没成全；在肉体遭遇些病痛折磨而难以言喻；在亲人历经变故各奔东西上天入地；才发现明天依旧遥远……；\n<br>\n<br>　　 一切的一切 ………………\n<br>\n<br>　　 在种种的劫数平颈下，难免会有彷徨和失意，也许还好怨天尤人， 可是，有点情绪没关系，能在一种消极的情绪后及时的走出来，努力调整自己， 不让坏的情绪地久战人的心情，影响本可以开心和幸福的生活，那么生活依旧光鲜如新。过日子，调整心态，保持好心情是很重要的。不论多大困难挫折总会有雨过天晴的时候，所有埋怨和愤怒解决不了任何问题。要如书中所写：笑对人生，是一种积极的生活态度。</p><p><br></p>','2017-09-20 22:37:53',0,'20171892'),('dacf3d2f1298810e',6,'好闺蜜，一定要幸福','<p>许久没有更新文章了。今天还是要把我发表到微信公众号的一篇关于友情的文章分享给爱写作的朋友们，希望各位品读下。<br><br>　　 总以为时间很长，我们有的是时间玩乐。总以为我们还是小孩子，一天到晚还会形影不离。总以为我们是闺蜜，说不完的话题有的是时间聊。但是我们却忘记了一件重要的事，我们已长大，我们也会分离。<br><br>　　 当我们还处在懵懂无知的状态时，事态炎凉逼迫着我们走向了成熟的轨道。只是太匆匆，我们还没来得及对过去，对青春，对自己说声再见，就向憧憬的明天招了手。<br><br>　　 小时候，我们是伙伴，天天腻在一起有说有笑，做着童年最美好的梦。那时候，还不知道闺蜜的真正意义，只是强烈的感觉身边有你真好。<br><br>　　 一起上学，放学。一起游玩，做游戏。一起摸爬滚打。形影不离地牵着彼此的手走过青春的足迹。虽然中学时光过去了十载之久，但是我们上学的情景仿佛就发生在昨天。<br><br>　　 学校离家远，我们唯一的交通工具就是老式的脚踏车。那时候，对于我们而言，每天能骑着脚踏车去学校就是一件很幸福的事，毕竟在当时条件有限。常常宅在家，自我感觉都发霉了，唯有出去透透气。骑着电动车经过去往学校的道路，那些过往如碎片立即拼凑到了一起呈现于我的脑海。我和闺蜜的背影瞬间感觉如此清晰：我骑着简便的脚踏车带着闺蜜争分夺秒飞奔学校，喜欢那种“快马飞驰”的快感，一心只想着按时到校；喜欢那种“悠闲自乐”的释怀，途中与闺蜜肆无忌惮地畅谈；喜欢那种“沿途风景”的欣赏，道路两旁的田园风光给予我愉悦的心情。不管是刮风下雨，还是下雪天，都无法阻挡我们前进的步伐。飞奔学校的路上，我载她一会儿，她载我一会儿，边飞边聊天，忙得不亦乐乎，不知不觉之中就到了学校。这段贮藏心灵深处最快乐的时光其实就是在最平淡的日子里骑着简便的脚踏车带着闺蜜像疯子似的豪放不羁。除了周日外，这是我们每天必走的行程，也是我们朝夕相处最美好的时光。<br><br>　　 后来我们长大了。每一次的心灵触动，每一次的真情流露，每一次的情绪宣泄，都令彼此心心相系。但凡一个表情，一句话语便能听出彼此的心事。这种超乎伙伴的情谊渐渐升华成闺蜜。我们住进了一个叫做友谊的小船里，向着壮丽的岸边靠近。<br><br>　　 我们不再是小孩子了，经过几年的闯荡，各自都有了自己的见解。长大的烦恼犹如乱麻困扰着彼此，不管是家事还是私事，都会有那么一段失落的阶段，然而如今的我们就处于这种棱角未磨平又不知所措的阶段。长大的蜕变总要在经历过什么之后才会有所转变，面对种种困惑，本身迷茫的我望着未来更加迷茫，满眼惆怅地看不到前方。每当我们相对攀谈，她却总能有所觉察，然后将她多年来的阅历一一向我诉说。那些生动的叙述如同条条法规时刻警醒着我，让无知的我受益匪浅，收集着她积累下来的经验，汲取着其中的精髓，让自己慢慢地成长。其实她那双炯炯有神的眼睛里偶尔也会带些忧伤，而我则会成为她第一个倾诉对象，静静地聆听她的心声，不打扰，不多言，默默地守护在她身边，只要她需要一个空间倾诉，我随时都在。虽然有些懵懂，但却像是她提前给我上了一课。我们总是聊着聊着不经意间就到了该离开的时候，意犹未尽的话题才会嗄然断片。</p><p><img src=\"http://192.168.87.128/images/upload/3/14/ee7da1f9-6e27-43e7-ad13-9756a271cd85.jpg\" style=\"max-width:100%;\"></p><p> 或许就是这种单纯的交谈以及这种无所顾忌的谈心，让两颗本就心系彼此的心更加相融。在彼此需要的时候，恰好都在，这种不拘谨且轻松的情谊刚刚好。<br><br>　　 人生难遇一知己，她可能就是上天派到我身边的天使，我也有幸成为她生命中的知音。当我们彼此吐露完心事，就会豁然开朗得各就各位，向着美好的明天继续迈进。<br><br>　　 毕业后的我们选择了不同的道路，我在沿海城市青岛奋力拼搏，争取上进博得好的出路，她则在济宁报了专业，争取好就业。我们就这样为了更好的生活第一次分别。<br><br>　　 一起住惯了，到了别的城市自然不适应，想家想父母更想这个可以说知心话的朋友。那时通讯设施还不先进，彼此的联系中断过。但在内心深处还会时常想念，然而那份想念也唯有延伸到每一次的放假。逢假回家，我们便情不自禁地跑到彼此的家里相约，滔滔不绝地谈笑风生。<br><br>　　 曾以为中间的不联系会使我们再次见面尴尬，之间有隔阂或者见了面不知该如何说起。这些实质性的假想并没有在我们身上应验。我们的见面依然如初般轻松自在，坐在一起有说有笑，问着彼此的近况，憧憬着彼此的未来，就仿佛两人从未分别过一样。两人最好的相处莫过于久别重逢后的依然如故。最触动心灵的是：不管分别多久，我们依然很熟悉。<br><br>　　 时光荏苒，我们已长大，不得不分开。我工作在外，她工作在家。即便如此，也不能割舍我们之间的情谊。偶尔通个电话，聊聊家常，诉说下心事，就好像彼此陪在身边一样。<br><br>　　 曾记得我前年学车那会儿，她也报了名学车。我们竟如此的默契。我的学车之旅并没有她那么顺畅，几经波折，那段日子郁闷到了极点。她在老家学的，考试很顺利，没用多久便把驾照拿下来了。而我在外学车相当不容易，简直糟糕透顶，考试通过率极低，幸运之神总和我擦肩而过。每当我和她通电话，就要长篇大论地诉苦一番，她便语重心长地安慰我。被教练挨批是常有的事，我还好，不过时常心生烦躁不悦，自己练得不好了或者练得不到位了，那所谓的自尊就会受伤，自然就有些小情绪堵塞心田。此刻便会拨通闺蜜的号倾诉一番，电话的那头虎口婆心的劝慰总能令我内心暖洋洋，所有的烦忧随着超声波都抛到九霄云外了。我一言她一语的回应着，互相将各自的教练教法讲给对方听，又互相采纳着对方的建议，互相鼓励着彼此一起加油，努力将最好的自己呈现在庄严的考场上。她那些絮叨的话语如同妈妈的复读机，但就这恰到好处的抚慰让我感觉自己不再是孤军奋战，还好有你。复活的自己学会放空自己，放下包袱，重拾起信心，在闺蜜的鼓舞下圆满结束了学车之旅。<br><br>　　 成长中的我们总是在困惑：生活是什么？幸福又是什么？迷迷糊糊中我们闯进了青年的大门，在那里我们历经工作中的琐碎，生活中的无奈，以及人世间的各种沧桑，跌跌撞撞中寻到了人生中最温馨的归属。<br><br>　　 幸福的大门就这样为我们打开了。虽然我们还在迷茫中奔跑，但是终究逃不出命运的包围圈。幸福，真的就摆在了眼前。<br><br>　　 我的好闺蜜，结婚了。在她经历过漫长的爱情长跑后，终于找到了人生伴侣。那一刻，她站在舞台的中央，神采飞扬地向着美好的明天宣誓，一道亮丽的风景线让这个隆重的节日变得更加庄严。我站在她的旁边，看着她满脸绽放着灿烂的笑容，不禁为她喝彩。欢呼声和着掌声汇成祝福的话语，愿她从此刻的起点起飞，带着满满的爱去创造属于他们最美的家。<br><br>　　 我的好闺蜜，祝福你在人生最艰难的抉择中找到了满意的答卷。恭喜你脱单成功，扬起了幸福的旗帜。未来的路愿你更加勇敢，闺蜜我永远是你坚强的后盾。<br><br>　　 我的好闺蜜，当幸福来敲门，我虽然有千万个舍不得，但我还是要松开你的手，把你送到幸福的手里。因为那里才是你的家，那里才会有幸福。<br><br>　　 我的好闺蜜，当一切再也回不去，但至少我们有回忆，虽然你已成为人妻，但依然是我最亲密的姐妹。因为我们是闺蜜，我们是家人。<br><br>　　 我的好闺蜜，当我们已长大，虽然注定是这样分离的结局，但至少我们年轻过，相聚过。因为世间有聚散，世间无完美。<br><br>　　 我的好闺蜜，恰逢如此喜庆隆重的日子，告别单身生活的你更该欢喜，愿得一人心，白首不相离。<br><br>　　 我的好闺蜜，一定要狠狠的幸福！明天依然会很美好。当你踏上红地毯，就意味着你拥有了温暖的避风港湾，你不再是一个人奋斗，而是有了可以依靠的肩膀。人生最幸福的事便是找到了另一半，这幅拼图才算完整。<br><br>　　 我的好闺蜜，一定要狠狠的幸福！生活依然很美好。当他牵起你的手走过红地毯，便意味着以后的生活你们要携手前进。不管顺境还是逆境，你们都要时刻十指紧扣，共同面对。人生最快乐的事便是有你有我，生活才不会乏味。<br><br>　　 其实有些事不明白，长大了便一目了然。就比如我们不知道所谓的爱情是什么，当找到了人生伴侣之后，仿佛一切都不必解释了。依靠且陪伴，或许就是人们对于爱情的心灵慰藉吧。<br><br>　　 我的好闺蜜，茫茫人海，找寻郎君的旅途中深知其滋味，但在品味中寻到自己的如意郎君，便是人生最美好的收获。愿你们永远相亲相爱，相扶到老。</p>','2017-09-20 22:37:53',0,'wangqing'),('db29797b4e02a497',6,'发现感动','<p>在一次登山的时候，看见一对白发苍苍的老人在相互搀扶，一步步在陡峭的石阶上前行，我在想，这么大岁数了，怎么还来爬这么陡峭的山，有些好奇的我便上去问了问，我说：老爷爷你和老奶奶爬这么高的山累吗？他笑了笑说“不比你们年轻人啦，体力有些不支啊，”我又问，那您怎么还爬这么陡峭的山啊？他用和蔼的口气给我说“我们年轻的时候常常爬山，这个习惯呀一直没有变过，现在腿脚不麻利了，但是还能动，还没躺病床上之前，再和老伴儿多爬爬这山，一来锻炼身体，二来是改变不了我们俩个这个一起爬山的习惯了，我们这岁数，说不准那天就入黄土了，多爬一次是一次吧，”说着就起身相互搀扶着向阶梯一步步的走了去。<br><br>　　我当时上山的时候一直就在想，这是多么感人的一幕啊，难道这就是“执子之手，与子偕老。”吗？还有从那位老爷爷的质朴话语里可以听出一种人生的积极态度，垂暮之年还依然坚持着两个人多年的共同乐趣，这是多么的让人感动啊！可惜，没有更多的人体会到生活里这些真实画面背后所隐含的哲理，好多像我一样的年轻人，一种理想都是三分钟热度，从来没执着的坚持过一件事情，一段感情只是短时间的激情，从来没有用心去培养两个人一辈子的默契，最后白白的浪费了好多美丽的时光。总在寻求人生大道，或许大道就存在于这些细微的生活画面里，只是我们从来没有用心体会过，想到这里，我忽然觉得那些疲劳已经抛到了九霄云外，脚步也轻盈了许多，一步步的向山顶走了去。<br><br>　　还有一次，我去学习游泳，一位爸爸正教小孩子游泳，他把泳圈轻轻地绑在小孩身上，然后把他放在水边，一个动作一个动作的教，从他专注的眼神里可以看得出那种真挚的爱，这又是多么感人的一幕呀！我在想，我们小时候学习一样东西的时候，我们的父母也是不是这么教我们的呢，我想应该是吧，只是那时的记忆比较模糊，通过这一幕我隐约看到了自己小时候成长的过程，还有父母那份无私的爱，真的又是感人的一幕。<br><img src=\"http://192.168.87.128/images/upload/12/13/bed2bbfa-3c4f-4d1f-9e42-7738cdc144f6.jpg\" style=\"max-width:100%;\"><br>　　有一次看电影，里面男主角功成名就了，然后对着他心爱的姑娘说了一句心里的话“你的笑容可以带给我好运，遇见你才是我最大的幸运。”很感人的一个场景，很值得品味的一句话，人生真的是遇见一个对的人才是最幸运的事。<br><br>　　其实生活时时都发生着感人的事，当我们看见一个陌生人对一个陌生人无私的帮助时，会不会觉得很感人呢？当我们看到一对情侣微笑着走向婚姻殿堂的那一刻，我们会不会觉得也很感动呢？当我们看到一对父母双双牵着孩子在公园漫步时，会不会因他们的幸福而感动呢？用心去发现生活，其实处处都有美的存在，一个美丽的画面，一句温暖的话语，一个美好的回忆……这些美不断聚集在我们心灵时，便可将我们的生活装扮的美丽起来，人生便充满了感动，感动可以形成美好的回忆。当我们也将垂暮之年时，看见某些场景时，也可以唤醒我们年轻时的回忆，就像我们看到现在的场景而想起我们的童年一样，这些映照就是生活的哲理，若能细细观察生活中存在的那些感动，就会映照出我们的过去，将来，人生的道理便不会姗姗来迟，那些关乎生命主题的错误便会减少好多。<br><br>　　发现生活中的美丽画面就是发现感动，感动能带给我们积极向上的正能量，当我们看到夕阳西下的时候就不会有“断肠人在天涯”的伤感，而是会想，又过了愉快的一天。当我们看见大漠孤烟的时候，我们就不会再感叹人生的荒凉，而是会想，这是多么壮观的一幕啊！当我们看见春花谢幕的时候，就不会感叹春光如此短暂，而是会想快要结果啦！积极是人生的一种态度，决定生命颜色的态度，这态度来源于对美的洞悉。</p>','2017-09-20 22:37:53',0,'hucheng'),('deee2b3bf866db16',4,'若明天，你还在','<p>若明天，你还在<br><br>　　 春色浓郁，阳光晴好，我下车，刚好迎见你冲我微笑的脸：“给，你的照片。”我接过，望着定格在相片上记忆的画面，不由得想起从前，想起我们之间，这五年。<br><br>　　初中开学的第一个晚自习，你在讲台前做自我介绍，有条有理，有声有色。每个新组成的班级都要在短时间内选出一名同学担任班长，班主任见状，指着从台上走下来的你：“就你了。”那时候的我对你除了羡慕就是佩服，却没想到，有一天，我会如此近距离地走进你的世界，我们的关系会这么密不可分。<br><br>　　初一下学期，年级开始流行师徒制，像拜师学艺似的，每个学习差的学生老师都会给安排一个学习成绩优异的“师父”。我不是差生，当然，成绩在你之下，特点是极其偏科，数学学得一塌糊涂。极其巧合地，做了你的同桌。我只说了一句：“你可以当我师父吗？学习那么好。”你欣然同意，在我的意料之外。就这样，师父“这个称呼一叫出口，就是五年。<br><br>　　初三分班，一向开朗乐观的你，却像是变了一个人，整天忙碌于学习，对杂事一概不提，当然，也极少能见到你的笑颜。我知道你是因为怀念旧日同学才成为这个样子，因为，在观看班主任制作的班级纪念光碟时，我曾亲眼见到你的泪水从眼角淌下。你说，初三若不是因为有我和另外几个好哥们跟你在同一个班，就真的没有一点颜色。你是如此重感情的一个人，也许正是因为如此，我们之间的情谊才得以绵长。<br><br>　　在我看来，你不但是我的师父，也是我最好的朋友。我怎会忘记每次我遇到困难，你都会站在我这一边鼓励我帮助我；我怎会忘记初三你为了帮我过体育中考，每次都拽着我的袖子和你一起飞跑；我怎会忘记去年我生日那天，你从老远来抱着一只大号的毛绒玩具熊送给我，路上那么多人用奇怪的眼光打量着你你都毫不在意。每次我细数这些年来对你的感激，都发觉我作为徒弟，为你做过的事情少之又少，甚至，还常给你带来麻烦。而每次，你只是淡淡一笑：“没什么，你是我徒弟嘛。”是不是只因为我是你徒弟，所以当父母都放弃我的时候，你依然坚定地站在我这一边？<br><br>　　初三，本该是踏踏实实学习的好时光，但对于我，却是叛逆期的高潮。某次跟物理老师顶撞，被物理老师的“贴心小棉袄”告到年级主任那里，第二天被班主任知道，她一气之下，要把我的实验班名额取消，让我回到那个学习气氛很差的原班，还把我的家长请来。父母也训斥我，最后落下一句“爱怎样怎样吧”就走了。直至那时我才开始后悔，因为自己的莽撞，做了一件永不可再回头的错事。我以为我的人生轨迹要就此改变了。万万没想到，你却私下跑到班主任那里，给我求情。“老师，她已经认识到自己的错了，而且她这么有潜力，您就这么让她回原班未免太可惜了。”我在一旁万分愧疚地低下了头，心里像插入了一根针，泪水久久地在眼眶挣扎，险些就要滴落下来。最后，在你的苦苦哀求下，我终于留在了这个年级里最好的班。那一刻，我便觉得，世界上最伟大的师徒情，我已经见过了。<br><br>　　高一，虽然在距离上，我们之间似乎隔着千山万水，但你对我，还是一味的照顾与帮助。 在网上与你闲聊，聊到学习问题，我说：“最近化学有机模块学得很吃力。”第二天，你就乘车过来，给我补习功课，你给我画的知识网络图，至今还留在我的笔记本里。即使你如此尽心，期中考试我的化学还是没能达到及格线，我觉得辜负了你的一番心意，无比抱歉。而你却一如从前那样安慰我说：“别灰心，这只是一次失误，还有下次。”<br><br>　　上高中之后，我们还时常定期回初中母校。你中考发挥到了极致，以五百三十多分占据了年级第二的宝座，光荣榜上你的名字在第一排。每个见到你的学弟学妹们都会惊讶地说：“我知道，你就是前几届的年级第二啊。”很多老师也久闻你的大名，热情地问你如今在高中的情况。每当这时，这个无为人知的我，就只有旁听的份儿。但是，能作为你的徒弟，和你一起出现在你的众多“崇拜者”中，我心中涌动着满满的自豪感。<br><br>　　五年，在十六七岁的我们看来，真的已经很长了。五年，嫩芽可以长成高大的树木，时间漫长的足以让一个人发生改变，岁月每分每秒都在雕琢我们的心，让我们从懵懂无知逐渐走向成熟懂事。总有一些集合，一旦产生交集，就延伸到正无穷。<br><br>　　我庆幸，时光如琴，你这个不可或缺的音符，一直都在。<br><br>　　未来尚远，若明天，你还在。</p><p><img src=\"http://192.168.87.128/images/upload/1/8/3b6e6124-0ac1-4373-bcac-5dace44f0811.jpg\" style=\"max-width:100%;\"></p>','2017-09-20 22:37:53',0,'xiexiao'),('e01e87fc1c20694c',5,'缘起则聚，缘灭则散','<p><img src=\"http://192.168.87.128/images/upload/0/3/26b23954-7592-4765-b0b5-c7e1f15797d3.jpg\" style=\"max-width:100%;\"></p><p> 夜，结束了一天的喧嚣后安静下来，伴随着远处路灯那微弱的光。风，毫无预兆地席卷整片旷野，撩动人的思绪万千。星，遥遥地挂在天空之中，闪烁着它那微微星光，不如阳光般灿烂却如花儿般如痴如醉。<br><br>　　 ——题记<br><br>　　欲将沉醉换悲凉，清歌莫断肠。这混乱的尘世，究竟充斥了多少绝望和悲伤。你想去做一个勇敢的男子，为爱，为信仰，轰轰烈烈的奋斗一场。你周身充斥着无人可比的灵气和光芒。你有着与伟人比肩的才气和名声，你是那样高傲孤洁的男子。你的一寸狂心未说，已经几度黄昏雨。<br><br>　　曾经以为，相爱的人一定要相守，只有相守，情感才能长久。可是，此岸和彼岸只不过是空间的差距，却无法拉长心灵的距离。<br><br>　　时光荏苒，岁月无声。日子不紧不慢的如涓涓溪水静静的流去，而从身边流去的只有时光，沉淀下来的是与你一路相伴的幸福和快乐，温馨和安暖。于我，在这个凋零都感受到诗意横溢的秋，只想做一件事，拈一片绯红的枫叶，轻轻地刻上我的心语。对信仰，是我今生永不改变的主题！而后，幸福的寄往有你的那个城市。从此，在我心里，于我的生命里，轻握你许的安暖，静静地在岁月的彼岸，为你守候一世永恒！<br><br>　　一段情，反复的掂量，最后加深了岁月的绵长。一路追赶里，一路追忆里，最后得到的是什么，最后又失去的是什么。或许，只有我们在静思的时候才会明白，这路的追忆里，我们得到的快乐往往比痛苦要少。当相思成殇的时候，除了对月徒悲叹之外，什么也不曾抓到。<br><br>　　一直执着于生命的简约格调，只愿用一颗淡然的心看云卷云舒，看季节更迭。许多不合时节的事物，必然会被光阴遗落，就像曾经繁茂的秋叶，待生命枯竭，终将脱离叶脉的相系相牵。而我，一直在这里，抖落一身的负累，永恒以树的姿态站立于季风中，昂首向着那无边温暖的碧蓝晴空。<br><br>　　夜幕降临了，春雨柔柔的亲吻着薄如蝉翼的纱帘，有节奏的淅沥在窗棂上，更增添了无限的意念。意念中的我，在幸福和恬淡中，漫捻心弦化为若水般的轻柔曼妙在深情的雨夜里。此刻，窗外的雨不再是清冷的秋雨了，在我的眸里是一种柔软，似撒娇少女的情怀，是怜、是爱、是柔、是润在我的心里是一种憧憬，憧憬着一份美好的未来，与你相拥在花雨飘飞的时节，让爱情肆意的怒放在油纸伞下，青石边，丁香小巷这样的心境，这样的时光，这样的时刻，心不经意间便醉了、醉了、醉在这如曼妙轻盈舞步的秋雨中<br><br>　　晚霞破月的天际，依旧映红了归家的路途，流浪了好久的笔调写满了疲倦的素笺，伴着枯萎的憔悴，与年华斑驳的碎影相逢，溅起涟漪在心田的几缕游丝浅叹，让年华牵住执笔的手，静听潺潺流水；波动在逐流的心海，唤名为；婆娑年华，勾勒了谁的斑驳唯有情醉琉璃一宿，又是一个不眠的夜。<br><br>　　真正的相爱，是人在千里，却梦魂相依；真正的相爱，是岁月流转，却不离不弃；真正的相爱，是彼此付出，却无怨无悔。<br><br>　　樱花有单樱和双樱，她们绽放时满树灿烂，清香扑鼻，单樱白的如雪如云，双樱色彩如火似霞。但是无论是单樱还是双樱，她们盛开的时间都不长，二十多天的光景，开的绚丽多彩、满树烂漫，落得星星瓣瓣，匆匆忙忙。<br><br>　　深秋还远，徐徐的风吹着，却也有了几分萧瑟，春天，不仅有满天飘飞的花儿，还有到处弥散着花的幽香。随着秋韵渐渐浓郁起来，院子里的花便盛开了，整个院子里香气四溢，溢漫着甜丝丝的味儿。金灿的花儿一串串、一撮撮，重重叠叠簇涌着点缀在茂密的绿叶之间，温温暖暖象极了一个个孩子的笑脸，仿佛是给这温暖的春天注入了一道亮丽的风景。<br><br>　　指尖轻触玻窗，嗤嗤的响声，惊动了脆弱的心脏，一阵阵的酸楚，像浪潮般袭来，若果这样酸酸的痛可以代替撕心裂肺，那就让他长久点，这样时间会把我忘记，这样便可躲在这里，让那些软弱手舞足蹈，让那些脆弱和不堪拼命娱乐，让那颗紧绷的心，少少松弦。<br><br>　　曾过往，伊颜纯美无暇，如玉般璀璨，许多人像发现了财富，紧抱于怀，怜香般害怕失去。那时，遇见你的是洗礼过后的悔过者，只懂怜香，而不懂惜玉，再璀璨也掩盖不了他身上久积的灰尘，铸造不了你，也成就不了他，于是乎，迷糊坚固了戏剧化的情谊，疼只是简单的疼。<br><br>　　有人曾说，会白首不相离。可是终究一口空言，转眼，便抛之彼岸。可是，我却一直相信着。然后，在追逐的沿途，荆棘布满，却一直从未低头<br><br>　　原来有些等待是不值得的，那么多年换来的却是沧海桑田，我们只是沧海一粟，不能左右命运给予的奇迹与苦楚，面对些许，能做的也许只剩下了等待，可是等待却又是需要勇气，更要有勇气来承担与等待而来的结果大相径庭的结果。<br><br>　　思绪渺渺，发怀古之悲情，世间种种，诱愁之决堤，三山五岳，撼天地之威名，流水之昌吉，涓涓之柔情，不禁闲情满溢。<br><br>　　人生自是有情痴，此恨不关风与月。谁为谁真情缱绻？谁为谁痴傻疯狂？谁为谁望穿秋水？谁为谁痛彻心扉？都是你我解不开的白线团。无缘何生斯世，有情能累此生。<br><br>　　相思成为了很多人生命里的一种自我安慰，在月圆的时候无尽思念，在月缺的时候无限惆怅，想念着岁月里和情有关的所有悲欢离合。在情感的世界里，我们一直带着所有的铿锵前行，不管风雨肆虐，不管风和日丽。<br><br>　　染窗前。那堪清风曲径，不似甚似还满。份外湮留韶华，时节正乱红，空留余恨。淡眉醉眼，红妆轻粉，旧时依恋尘缘。只皓月朗朗，乾坤转，故国山川。次第红颜，疑是讴歌回畔。<br><br>　　生命中；总有太多的遗憾要留给回忆，年华里；屡不清的斑驳，总是勾勒了无数支离破碎的心伤。太多的执着所放不下，只是；那一份不屈的痛过，不期而遇的却是最美的意外。文字依旧可以华美朴实，年华不可唯美梦境，快乐不是一件不可奢侈的事情，忧伤，而往往是一度的颓废。<br><br>　　人生的路途，经历无数的驿站之后，总会出现陌生或熟悉的风景。时间所说的过客，只是注定走过的人和事，没有太多是刻意要去记住或淡忘的。铺就在黑白交错里的，无非就是忧伤曾穿越过的黑暗，在记忆的角落里，诉说了全部的待续。那些停驻在指尖的薄凉，是曾绽放在年华里的微碎。<br><br>　　指间年华，渲染着无暇斑驳的彩塑，悲伤的城池依旧提笔挥墨，画下四季风吹过的无痕。微笑掩饰了寂寞过的眼泪，是因为，在婆娑的年华里，聆听着没有人的相伴相知。那些了不断的往事，是梦绕在悲伤情愫深处，盈满心扉的最初和凝眸的叹息。终不过似水流年，清风凄语，唯独旧梦难拾</p>','2017-09-20 22:37:53',0,'jiangjiannan'),('e23b0084d88a625b',10,'人生何处不相逢','<p>　人的一生会遇到许多的人和事，但要想人人成为知己，事事顺心如意，我看也非易事。然，佛经中的两个字却让我茅塞顿开，那就是‘随缘’，按佛经中讲，人与人从相逢到相识也是一种缘分，不管是什么人，只要有缘，哪怕是隔着千山万水，冥冥中也会在一个特定的环境下相逢，正所谓，有缘千里来相会，当然，除了男女之间的姻缘外，朋友之间的相逢与相识，也是一种缘分，所以，朋友之间一定要珍惜这种缘。<br><br>　　<br><br>　　 几十年以来，我身边曾有过许多的朋友，我和他们之间发生过许多有趣的故事，特别是那些远在麻城，多年不见的老朋友，更让我常在思念中为他们牵肠挂肚，他们当中有我少年时期的玩伴，有我工作后青年时代的密友，在我被人叫\"狗崽子\"、被人扔石块时，在我因父亲的关系被团组织排除在门外时，在我孤独的守坐在工厂那寂静的小屋时，是她、是他始终陪在我的身旁，为我遮风挡雨，逆境中给我鼓励给我温暖，如今几十年过去，仍难忘少女时代的朋友们给予我的片片真情，尽管现已离开他们多年了，但他们为朋友可以付出一切的真诚，却让我终生难忘。而今天，人与人之间只有平淡如水的共事，没有一见如故的狂喜，朝夕相处的朋友离去，竟然也激不起心中的留恋，真诚相待的朋友早已不多见了。每当我独坐孤灯下，翻开那些老照片，看到朋友们当年的身影，心中的那种孤清的情感便不可抑制的袭了上来，这份孤独的美丽便是怀旧与思念，怀旧是一种挥之不去的记忆，思念是一种幸福的忧伤，它饱含着温馨与痛楚，也是对昨日密友的一种深深的怀念，对未来再结新友的一种向往。<br><br>　　<br><br>　　 在夏夜那孤寂的日子里，夜深人静之时，站在窗前，遥望星空，远在麻城老友们那一张张熟悉的笑脸浮现在我眼前，怎么这么心酸，直到这时我才发现，内心深处对他们的思念已让我不能自禁，一行清泪顺着眼角流了下来，真的好想当年的闺蜜们呀，何时再相逢，共叙友情。抬手擦去泪痕，透过窗帘，看到窗外的天空，一汪明月乍现，柔和的清光四射，街边繁茂的树叶，映着月影，在夜的热风下摇曳着，好似荧光千点，带着对老友的思念，凭窗站了会子，夏日的夜风，带着逐渐凉了下去的热气，撩开飘动的窗帘，从窗口徐徐吹进，如同空气中包含着一丝温柔。回转身来，发现暗灯之下，屋里的一切，都隐在朦胧的光线里，一片幽辉。<br><br>　　古人云：缘定三生，说的是人的缘份是前生所定，当一对青年男女，从相逢到相识继而相爱，也许会经过漫长岁月的考验，当时机成熟之时，便是他们喜结良缘之际，两人如有缘无份，月老再怎么牵红线也是枉然。想当年，那个拉着我小手曾一起上幼儿园上小学，与我有青梅竹马之缘的男孩，在那个政治挂帅的年代，我，一个搞学问校长的女儿，他，一个搞技术站长的儿子，两个同为武汉人的后代、同为走资派、反动学术权威的‘狗崽子’，分别多年后，在苦难中再次重逢，共同的遭遇，共同的磨难，使两颗饱受摧残的心连在了一起，并很快成为了知己，面对长大后清秀的我，他不顾当时政治环境的影响，勇敢的走向我的身旁，多少年之后的再次相逢、相知到相爱，让单纯的我们感到了爱情的甜蜜，两个‘臭知识分子、地主阶级、资本家’的‘孝子贤孙’，就这样开始了属于自己的爱情之旅，随后，我们利用空余时间一起去五脑山听那晨钟暮鼓，感受那秋日里飘逸的清风明月，一起沿着那青草盈盈的田间小路回到乡下那所中学里，我拉着抒情的小提琴，他陪在我的身边，一遍又一遍的拉着唱着那首流传在知青中的歌曲，&lt;朋友啊朋友，你来自何方&gt;。日子一天天过去，‘布尔乔亚’式的浪漫总会让人觉得快乐无比。然而，我们这对众人眼中的‘金童玉女’，却最终也没能相伴在一起。从分手后的几十年间，我们再也没能见面，直到2005年的春节前夕，我们才意外的相逢在武汉，但，时间已让我们彼此改变了许多，几十年前年轻帅气的小伙子，苗条俏丽的小姑娘，都已变成身体发胖、两鬓斑白的中年人了，这次的相见，也许是上天的安排，让我们彼此在变得陌生的目光中，再次领会到人生的千变万化，以及人生何处不相逢的真谛。<br><br>　　回到武汉后，在不同的岗位上，我又结识了不少的朋友，其中有真诚待人的真君子，也不乏唯恐天下不乱之人。但不管是对错与否，我都要感谢他们给我的工作与生活增添了不少的情趣，在今后人生的旅途中，也许我还会邂逅许多的朋友，那么我将会与他们并肩而行，共同见证飞雨流云，潮起潮落，随着一年又一年的风风雨雨，我相信友情会让我们彼此珍惜。<img src=\"http://192.168.87.128/images/upload/13/2/92577b04-a7e1-414e-ab32-f1baae393b23.jpg\" style=\"max-width:100%;\"></p>','2017-09-20 22:37:53',0,'wangqing'),('e268ebc5c37c025b',9,'假如爱有天意','<p><img src=\"http://192.168.87.128/images/upload/1/15/28a0a508-87fb-434b-a2ea-deb1385f1102.jpg\" style=\"max-width:100%;\"></p><p><!--StartFragment-->梓希<i>（<a target=\"_blank\" href=\"https://baike.baidu.com/item/%E5%AD%99%E8%89%BA%E7%8F%8D\">孙艺珍</a>饰）</i>跟秀景<i>（李桑引饰）</i>是同校的大学生，她们双双暗恋戏剧学会的尚民<i>（<a target=\"_blank\" href=\"https://baike.baidu.com/item/%E8%B5%B5%E5%AF%85%E6%88%90\">赵寅成</a>饰）</i>。一向较为主动外向的秀景要求梓希代写情书给尚民。梓希便将自己对尚民的情感毫无保留地抒发出来，却被迫要写上秀景的名字。尚民看过那些情书后深受感动，渐渐亦被秀景吸引住。梓希每每遇上他都感到混身不自在甚至内疚，但越是设法逃避他，缘份越是将他们拉得更近。梓希一天收拾房间，无意中发现一个神秘的箱子，里面满载着她母亲初恋的回忆，1968年夏天，俊河<i>（<a target=\"_blank\" href=\"https://baike.baidu.com/item/%E6%9B%B9%E6%89%BF%E4%BD%91\">曹承佑</a>饰）</i>到乡郊居住的伯父家过暑假。他遇见珠喜<i>（孙艺珍饰）</i>并对她一见钟情。珠喜出身名门望族，家教甚严。一天珠喜偷偷地要俊河带她看看村里的鬼屋，他们欢渡了难忘的一天，只是突如其来的风暴，把他们的船吹走了，珠喜在途中又把脚弄伤，俊河只能背着珠喜绕着湖步行回去，把珠喜送回家时已经很晚，珠喜闯出这个祸以后便立即被送回汉城，跟俊河没有话别就分开了。俊河怀着沉重的心情渡过余下的暑假。暑假过后，俊河回汉城上课。班上的泰秀<i>（<a target=\"_blank\" href=\"https://baike.baidu.com/item/%E6%9D%8E%E5%9F%BA%E5%AE%87\">李基宇</a>饰）</i>要他写情书给一女孩子，而这女孩正好是珠喜。俊河并未向泰秀表白他暑假的恋爱片段，只是不情愿地顺从朋友的请求。梓希发觉母亲的初恋故事跟她的遭遇竟巧妙地相似。种种的巧合更令她对尚民的好感日益增加。虽然她因好友的缘故打算彻底忘记尚民，但种种的试验更证实她的感觉是对的。<sup>[2]</sup><a name=\"ref_[2]_7417245\">&nbsp;</a><!--EndFragment-->\n\n</p><p><a name=\"ref_[2]_7417245\"><img src=\"http://192.168.87.128/images/upload/3/12/7cefea7d-429a-4edd-a745-c3758ac55772.jpg\" style=\"max-width:100%;\"></a></p><p><br></p>','2017-09-20 22:37:53',0,'sunyizhen'),('e520952e43b81288',7,'薛之谦复合：有些爱太过深沉，不舍得给别人','<p><img src=\"http://192.168.87.128/images/upload/8/0/d982b5cc-4034-4670-9d11-7347062b414b.jpg\" style=\"max-width:100%;\"></p><p>　三个月前，薛之谦演唱会上说“虽然她没有联系过我，但我觉得她应该来了”<br><br>　　三个月后，他说“我不想再寻觅了，请让我给你所有，我们都不再年轻了，那就再爱一次吧”<br><br>　　那就再爱一次吧，一转身，她还在，是我能想到的关于爱情最圆满的事，曾爱过，还相爱，再没有比这更好的结局。<br><br>　　再回头打开他演唱会上的那一幕，竟然比当时看的时候还要感动。原来，有时候，再见也并不是再也不见，可能是下次见，回头见，余生再见。<br><br>　　喜欢一个人，始于颜值，陷于才华，终于人品，而薛之谦从始至终都包含其中。<br><br>　　我没有太过于喜欢过一个人，对他也只是听身边朋友说起，或偶尔看综艺，刷微博，知道他是一个段子手，<br><br>　　知道《认真的雪》红遍大江南北之时，却鲜少人知道他的名字，<br><br>　　知道他离婚之时净身出户曾被传为佳话，<br><br>　　知道他不正经的外在下藏着一颗深情的心，<br><br>　　知道他其实也只是一个深情的病人，表面上用笑料逗笑别人，可是背后却有很严重的神经衰弱症，晚上睡觉要保持绝对安静，甚至要带上眼罩耳塞才能睡着。<br><br>　　很多人用一个人有多不正经就有多深情来形容他，很多人从他不瘟不火之时就已经喜欢上。对于音乐的执着，对于爱情多年的痴守，承蒙他的深情，让很多人喜爱多年。<br><br>　　有人说薛之谦把人唱到不相信爱情了，有人说，听得懂他的歌是经历，听不懂是幸运。他的歌中总是带着点悲凉以及关于爱情的绝望，他也曾说自己不相信爱情了，可是读他的歌词，你却也总是能看见对于爱情绝望中的坚守。<br><br>　　他唱“有一天晚上，梦一场，你白发苍苍说带我流浪，我还是没犹豫，就随你去天堂，”<br><br>　　他唱“我后来都会选择绕过那条街，又多希望在另一条街能遇见”<br><br>　　他唱“我的爱扩散在方圆几里，静的能听见你的呼吸，只要你转身，我就在这里”<br><br>　　他唱“用力爱过的人不该计较”<br><br>　　原来，所有的歌都是为一人而唱，原来，这些年来，他也一直都没有遗忘。<br><br>　　而今天她的那句“多少深深浅浅的转身，是旁人看不懂的情深”算是对于这些年来坚守最好的回应。庆幸的是时隔多年，他们没有走散。</p><p><img src=\"http://192.168.87.128/images/upload/0/8/1998a19a-6572-40c5-bd51-20be95649974.jpg\" style=\"max-width:100%;\"></p><p>　我想最好的情深意重便是两个在分叉口告别的两个人还能够在下一个路口牵手，所谓的一往情深就是新欢旧爱只此一人，无论是一无所有，还是功成名就，心里的挚爱还是当初的那个人。<br><br>　　从此，可以有人陪他去看北方的雪景，也可以在他奋不顾身愿意陪她流浪之时，牵手一起走，可以在余生一起走过很多很多个十年，许下很多很多个承诺。<br><br>　　也许现在的感情都暧昧，付出真心的人总是狼狈收场，也许爱情越来越没有分量，牵手放手都如突如其来的狂风骤雨一般令人自顾不暇，可是还是有一种感情太过于厚重，不舍得这么轻易收场，那个人，不舍得轻易放手，就这样让她走。<br><br>　　听说破镜重圆也只会重蹈覆辙，听说分手后再复合一直走下去的只有3%，剩下的97%还是会因为相同的理由再次分手，可是我们衷心地希望他们可以是为数不多的其中一对。<br><br>　　他们说地球之所以是圆的，就是为了让失散的人还能够重新回到原点，兜兜转转，曾说过不相信爱情的人最终扎进爱情的拥抱，与心中挚爱不期而遇。所以我们所有人都不要对爱情失去期待，好吗？</p>','2017-09-20 22:37:53',0,'20170904'),('e6bff47d6b62ccbb',1,'无标题文章','<p><img src=\"http://192.168.87.128/images/upload/9/5/d3d8d6b0-a64b-47fe-9677-f93df6edb2ec.jpg\" style=\"max-width:100%;\"></p><p>也许是越来越多的人抛弃了农村老家，进城生活，我们这个时代，从来没有像今天这样，深切地关注、谈论乡愁。\n<br>\n<br>　　也许吵闹的城市缺少人情温暖，人需要一片寄情的山水，在闲暇的时光中，故乡隐约的召唤牵动灵魂，化作乡愁入梦。\n<br>\n<br>　　乡愁是一种思念。但思念是针对性的情感，无论思念亲人、情人或者朋友，都是身在远方对另一个人的温暖回忆，思念得受不了，打通电话，思念也就随之而去。但乡愁不是。\n<br>\n<br>　　在乡愁的弥漫中，你可以给亲人打一个电话，但却不能给村庄、河流打电话。即使你回去一趟，在家乡小驻几日，让乡愁暂时消失，但也许刚刚坐上返程的汽车，一种模糊的情感又会慢慢升起，\n<br>\n<br>　　与思念相比，乡愁显得广阔而又模糊，抽象而又具体，就像月笼雾江，空阔苍苍，久伫江边，一任寒露湿衣，却无法满足对乡愁的释放。\n<br>\n<br>　　人生总是伴随着愁。不顺心、办不了、过不去，愁；烦恼、失望、悲凉，愁。愁是凉了的情，揪住的心，愁是漆黑的夜，荒芜的路。不管愁何，只要被愁赶上，立马晴转阴雨。而，唯独乡愁，犹如霞光晚照，在淡淡的伤感中流淌着温暖的彩色。乡愁可能是人世间最美的愁了。\n<br>\n<br>　　在外工作的城里人，总会与乡愁不期而遇，让思念伴随着一丝柔美的落寞；漂泊在外的游子，总会与乡愁相伴，想家的热泪，温润了心灵的开阔。我不禁疑惑，古代人背乡离井成为游子，可能是戍守边疆，也许回家时成为了马背上的枯骨；也可能是为了生存的逃离，再也没有回家的指望，乡愁就成了他们生命中绕不开的主题。在漫长的历史中，战乱、动荡、天灾往往就是一种最基本的社会形态，乡愁也就成了那个时代的普遍情感，也难怪在中国的文化史中，乡愁始终是庞大的文学命题，留下了数不清的乡愁文字。不管是“低头思故乡”的李白，或是“月落乌啼霜满天”的张继，不管是“西出阳关无故人”的王维，或是“少小离家老大回”的贺知章，都在站在异乡的大地上，远望苍茫，发出最为动人的乡愁呼唤。\n<br>\n<br>　　人都是恋家的，老家是生命的老根。然而有史以来，迁徙却是人类发展的常态，背离老家，又安新家，趋利避害，开辟新的美丽家园，正是社会发展繁荣的强大动力。也许很多人会认为，人在异乡为异客，难免遭受冷漠的侵袭，失意的怀旧，如果在异乡顺水行舟，找到了家感觉，可能就没有乡愁了。然而，即使在大唐盛世，仍然乡愁如雨，天上月亮唯故乡独明；在今天奔小康的宽阔道路上，大多人并非是无奈的出走，悲情的离别，而是漫漫长路上的圆梦，但一旦远离家乡，乡愁也就来了，而很多人已经在城市住了几十年，成为道地的城里人，过着富裕的日子，但乡愁仍然挥之不去。更让人想不通的是，也就是这十来年，在生活的快速发展变化中，人们的小日子越来越红火美好，乡味却成了大众喜爱的味道，乡游成了有情的旅游，乡愁气氛越来越浓。乡愁正在成为一种大众的世纪情绪。\n<br>\n<br>　　看来，只要离开家乡，就要与乡愁相伴，乡愁是离家出走必然产生的情感，家有多远，乡愁就有多浓。乡愁是永恒的。奇怪的是却没有“城愁”这个词。一个人在城里不管住了多少年，离开这个城市后，也可能产生怀念，但却仍然上升不到乡愁的高度。也许，城市与乡村就是两个不同地方，拥挤、冷漠、虚假的城市难以承载情感，安放灵魂，一栋火柴盒一样的楼房，或许就不值得怀念。\n<br>\n<br>　　乡村是人类寻找并建造的第一个家园，而这个家园人一住就是五千多年，差不多养育了人类的全部文化与历史，直到现在，全世界的大部分人仍在乡村生活着。\n<br>\n<br>　　五千年的风云变幻，沧海桑田，乡村亘古不变；五千年的深情守望，足见这就是人类的梦想家园！\n<br>\n<br>　　乡村不但为人提供了生存的家园，更为重要的是，为人提供了真实情感的安实依托，唯有在乡村生活，即使贫穷得揭不开锅，但情感仍在漫延，灵魂仍在飞翔，人格是完整的。\n<br>\n<br>　　乡愁产生于距离，距离扩大了想象空间与神秘美感，但乡愁的实质却来自乡村与心灵的契合。\n<br>\n<br>　　乡愁是对乡村整体生态的缅怀。从人到物，再到近水远山，云霞星空，那里有一个完整的自己；\n<br>\n<br>　　乡愁是一个个无序闪动的温暖画面。那些音容笑貌，老树池塘，凡是能在不经意间闯入心的镜头，都是心灵成长的节点；\n<br>\n<br>　　乡愁是生命成长的重要参照。那个日出山脊，月落树梢的地方恒久不变，让人感到自己在空间中的位置是那样安稳。回家时经过的老树、石头、坡头、灯光都在情感中重复为心理标记，让路在心灵中延伸；\n<br>\n<br>　　乡愁是一种舒服的在家感觉。那里的围墙围出了一个个小家庭，却围不住邻居的往来，红白喜事就是全村的悲喜，村庄连着田地，田地连着山野，山野连着云天，那是能时刻感觉到的云水家园，也只有这样的家园才叫家园……\n<br>\n<br>　　在过去的二三十年里，城市一直在膨胀，人们在欲望的膨胀中差不多骚动了二三十年，在兴奋、新鲜中翻飞，却全然忽视了乡村的存在。从农村到城市，从城市到城市，梦想在欲望的一次次满足中又一次次跌落，当无奈地回首远望，才发现在民俗与传统的失落中，在年轻人、能人的流失中，在对土地田园的冷漠中，乡村成了一个空壳，家园差不多丢失了。才发现拥挤冷漠的城市大多是一个挣钱的地方，而不像家园，乡村虽然有很多不方便的地方，但却更适合居住。\n<br>\n<br>　　乡村是家园，却挣不到钱，城市能挣到钱，却不像家园。也许这就是中国在相当长的时期内的困惑。</p>','2017-09-20 22:37:53',0,'20171892'),('eb07aad2304dfd62',7,'人生如同岁月走，别人得意你随缘','<p><img src=\"http://192.168.87.128/images/upload/0/10/19951099-26f8-41d9-9db4-c680234a67b3.jpg\" style=\"max-width:100%;\"></p><p>苍茫万世，每时每刻都在上演着相逢的剧情，虽然上演的主题相同，可这其中的内容丰富的令人心动。我们每天都在经历着相逢，一个回眸，一个转身，也许，这早已是命中注定。人生何处不相逢？当浪花撞击海岸的那一刻，亦是相逢；当春夏秋冬季节更替的那一刻，亦是相逢。世间上的任何一种事物都是有情感的，山与水奔赴万里相逢，更是令人为之动容。<br><br>　　红尘之中，谁也没有能力决断下一刻会发生什么。是相识还是相知，两人擦肩后是成为过客还是成为今生逃不掉的人又有谁能说得清。也许，今生你我只有这一次相逢，转眼就沦为路人；也许，你我有着无数次的相逢可惜有缘无分，成了最熟悉的陌生人。<br><br>　　是否会有那么一种时刻，两人相隔万里，素未谋面却期待着与这个人相逢。我想，之所以会有这样的期待，定是因为对方有某一优点足够吸引自己。毕竟，不是每一处相逢都是未知的，心怀期待的相逢，更加令人畅怀。<br><br>　　我们走过的每一条路，经过的每一颗树，居住的每一座房子，都是别样的相逢。即便在这偌大的世界，我们微如草芥，可在我们的人生里，就是主角。我们为自己遇到的每个人都感到满足，如果是他乡遇故知，我们感激生命中可以遇到一个懂得自己的人；如果是受到百般刁难，我们同样感激这个人走进自己的生命中让自己成长。人生何处不相逢，相逢也有滋味，酸甜苦辣，待一一尝遍后，我想，即使苦涩也有余香。</p>','2017-09-20 22:37:53',0,'20170904'),('f262cdd14f63cf87',3,'你说的康思达','<p>大家好<img src=\"https://img11.360buyimg.com/n1/s450x450_jfs/t5458/328/2283905284/256540/d337176d/5919637aN271a1301.jpg\" style=\"max-width: 100%;\"></p>','2017-09-20 19:28:22',0,'maoyuanming'),('f81263f081b5137e',7,'高考','<p><img src=\"http://192.168.87.128/images/upload/2/5/c01bfbac-8cc2-4928-a31a-b5654103f1a8.jpg\" style=\"max-width:100%;\"></p><p>2017高考时间安排：6月7日、8日全国高考!\n<br>\n<br>凡事有备而无患!关注社会热点是近些年高考作文命题的趋势之一。学生平时大部分时间都用于读书和备考，距离高考还有最后1天时间，很多学科的提分空间都不大了，只有一件事这个时候，还为时不晚：了解时事，积累作文素材!\n<br>\n<br>老师家长不妨提醒考生，在临考这几天多了解些时事热点和关键词，万一试卷中有所提及，至少考生已经对话题有了基本认知，不至于慌乱，也可以降低写作时出现文不对题的风险。\n<br>\n<br>高考作文命题，时事热点是宠儿\n<br>\n<br>社会时事热点是高考语文作文命题的宠儿。就高考全国卷而言，一部分高考作文题直接以具体的社会热点事件为题，如2007年的“帮助”、2008年的“抗震救灾”、2011年的“代买彩票”和“中国崛起的特点”、2015年的“举报老爸”和2016年的“创业故事”。\n<br>\n<br>另一部分则以社会上普遍关注的热点话题入题，如2006年的“中国读书人越来越少”、2007年的“摔跤”、2010年的“有鱼吃还捉老鼠”、“浅阅读行动”、2014年“喂食动物失觅食能力”和2016年的“奖惩之后”、“语文素养”。\n<br>\n<br>以具体的时事和社会热点话题入题，是近几年高考语文作文命题的趋势。对此，中国人民大学教育学院教授、博士生导师方平就表示，高考语文作文题紧扣社会热点的思路一直未变，这些年高考作文题目都是社会现实的反映，开放性强，贴近学生生活。\n<br>\n<br>2017年备战高考，热点时事补起来\n<br>\n<br>那么，这一年的社会热点话题有哪些呢?紧贴时事的作文应该如何审题、怎么构思，怎样写作?这就是今天小编想跟广大家长、考生分享的话题!\n<br>\n<br>预测一 共享单车\n<br>\n<br>共享单车涉及道路交通安全管理、治安管理、城建市容管理，甚至涉及刑法和民法的基本财产类法律问题。上述法律法规能否在骑行过程中得到良好贯彻，在某种程度上体现了国民的法律素养。\n<br>\n<br>(一)“是什么”分析\n<br>\n<br>分析材料可知，共享单车有好处：低碳出行、打通城市出行“最后一公里”的壁垒、方便出行。同时，共享单车也显现了自身的不足：乱停乱放、被盗遭毁、私自加锁、改装兜售。\n<br>\n<br>比较共享单车的优劣可知共享单车作为新生事物，在发展过程中遇到了问题，面对这些问题，人们需要直面，并想办法加以解决，不能简单祭起“国民素质低下，共享单车我们玩不起”的虚无主义旗帜。\n<br>\n<br>对于新生事物，人们多看事物的优点，不能因噎废食，更不能一棒子敲死。\n<br>\n<br>(二)“为什么”分析\n<br>\n<br>是什么导致了“共享单车”问题多多呢?总结起来有以下几个原因：\n<br>\n<br>其一，政府相关部门监管力度不够，甚至根本就没有监管;\n<br>\n<br>其二，共享单车行业内部的恶性竞争;\n<br>\n<br>其三，部分国民素质不高，自私使然。\n<br>\n<br>(三)“怎么办”分析\n<br>\n<br>“怎么办”主要针对“共享单车”出现的问题，要想出解决的策略，而不是简单地吐吐槽，摆出一副虚无主义的样子。\n<br>\n<br>就政府部门而言：\n<br>\n<br>其一，关于共享单车的停放，要建立文明用车的奖惩制度;\n<br>\n<br>其二，提高维护故障车辆的处理速度;\n<br>\n<br>其三，公安机关介入，对蓄意破坏、盗窃单车的人依法查处。\n<br>\n<br>就个人角度而言：我们要提高个人素养，做合格公民，摒弃私利，抛掉戾气。\n<br>\n<br>预测二 文化\n<br>\n<br>此主题既能引导考生关注社会热点，又能引导考生增强民族意识，增强历史使命感。因此可以从以下角度思考立意：传承既是为了保护，更是为了发展;传承与创新并不矛盾，创新乃是为了更好地传承。真正优秀的东西，是不受时间和地域等因素制约的。因此，我们要大胆传承一切优秀的东西。此外，传承还需要勇气，需要眼光。\n<br>\n<br>《中国诗词大会》的成功是现象，我们需要分析其内在的原因。《中国诗词大会》(第二季)的成功并非偶然，它不是一炮走红，而是有一个积淀的过程。\n<br>\n<br>从文化角度思考，这种对古典文化的回归是时代的需求，是延续中华文脉、提升人民文化素养、增强国家文化实力的需要。\n<br>\n<br>从综艺节目的创新和本国化上，也可以得到一些启示。过去的一些真人类综艺节目，很多是简单照搬或复制外国的形式，我们的真人秀节目应该有新的突破，我们要打造符合中国观众的本土真人秀节目。\n<br>\n<br>还可以从节目的雅俗上去思考。一些真人秀节目“取向恶俗”，大量模仿西方真人秀节目中的“人性污点、暴力、性和巨额奖金”等内容。《中国诗词大会》活泼美丽，格调高雅，富有文化内涵，每次节目都如一道文化大餐，唤醒了中国人的诗心，激发了中国人的文化自信。\n<br>\n<br>\n<br>\n<br>\n<br>\n<br>创新在经济，商业，技术，社会学以及建筑学这些领域的研究中有着举足轻重的分量。\n<br>\n<br>目前，智能手机行业竞争日趋激烈、国内手机企业纷纷创新以求突破。甲企业致力于硬件的研发，制造性能更好的芯片、更薄的机身、更高像素的摄影头;乙企业着眼于软件的开发，设计更便捷的界面、更人性化的系统;丙企业专注于商业模式的更新，策划更新颖的营销方式、更有效的竞争策略。企业为求发展而积极创新的这些做法，引起了人们更广泛、更深入的讨论和思考。\n<br>\n<br>1.创新之道在于“合”，合乎市场，合乎人群，合乎时代，合乎潮流\n<br>\n<br>2.“以人为本”乃创新之内核。\n<br>\n<br>3.追求人性化便捷。\n<br>\n<br>4.营销策略更重要。\n<br>\n<br>\n<br>\n<br>预测四 反腐《人民的名义》\n<br>\n<br>我们国产剧中间，那些为人们所记忆深刻的大剧，无一不有着时代的烙印：《红楼梦》《西游记》等四大名著改编作品，满足了人们对传统文化真善美的渴求，《亮剑》《士兵突击》唤醒了人们生活中缺失的勇气和精神，《人民的名义》以反腐为题材，呼唤正气，重塑正道，彰显正义，这种堂堂正正，才是真正唤起了广大群众心底深处的真情的要素。\n<br>\n<br>“厉害了，我的‘人民’!”《人民的名义》甫一播出，便收获观众热情的点赞。除了跌宕的剧情、精彩的表演，更重要的原因还在于，它反映着当前中国反腐败斗争的实践，回应着反腐败的民心所愿。文艺当与时代同行，党的十八大以来，反腐败成为中国政治舞台的重要内容，也成为牵动人心的时代命题。\n<br>\n<br>廉洁意识应该从小抓起，让廉洁成为一种习惯、一种约束、一种责任、一种追求;在全社会开展反腐倡廉教育，有利于奠定反腐败斗争最广泛的社会思想基础，形成全社会共同反对腐败的大环境，杜绝腐败滋生的土壤，树立主人翁的精神。反腐倡廉人人有责，反腐倡廉是每个公民的权利，也是每个公民的义务，要从自我做起，从身边小事做起，拒绝诱惑，这样才能“百毒不侵”。\n<br>\n<br>预测五 工匠精神\n<br>\n<br>从大与小、长与短的辩证关系角度：大至国家，小至个人，所有的人、事、物都是相互依存、彼此影响的关系。要实现国家强盛、复兴，每一个个体都至关重要，“大国”离不开无数的“工匠”。而个人生活的改善、事业的发展，同样离不开国家这个“母体”。乔素凯25年的“大国工匠”修炼之路是面对每一个生死瞬间要长年坚持，这已经不是简单的工作或任务可以维系的了，时间的长短结合与人的精神品质乃至大国复兴构成了彼此助长的关系。\n<br>\n<br>从付出与回报的角度：乔素凯个人青春和健康的付出，换来的是“堪称完美”的技术、“大国工匠”的美誉和“大国崛起”的希望。有付出一定有回报，区别在于回报的时间和方式。</p>','2017-09-20 22:37:53',0,'20171893'),('feaea044806f227f',7,'安全生活用纸','<p><img src=\"http://192.168.87.128/images/upload/7/2/e8bbefd9-f717-460a-a0fa-6b7b7c97f16c.jpg\" style=\"max-width:100%;\"></p><p>7月6日，由联合国工业发展组织（UNIDO）-联合国环境规划署（UNEP）绿色产业平台中国办公室、首都科技发展战略研究院、新华社中国财富传媒集团、北京基金小镇共同举办，主题为“金融助力绿色转型”的“2017中国绿色发展论坛”在京召开。中高端食品级安全生活用纸专家小池原品，出现在分论坛“环首都绿色经济发展面临新机遇”嘉宾的面前，接受与会嘉宾检阅品鉴，向与会者传达生活用纸领域的绿色消费升级。\n<br>\n<br>这是继7月5日在北京举行的高端财经论坛——第二届“财经中国V论坛：金融安全与创新”之后，小池原品再登鸿儒雅堂，服务国是论道，细节彰显论坛品质。作为细分领域的中国新国货标杆，中国安全生活用纸第一品牌，小池原品向市场继续传递纸品的中高端定位与目标消费群体。\n<br>\n<br>本次分论坛围绕的主题是“环首都绿色发展面临新机遇和新挑战”。在联合国的积极倡导下，绿色发展已经是全球发展领域新的趋势和潮流，本次论坛旨在进一步推进企业绿色发展的共识，发挥金融助力绿色转型功能，推动实体经济的提质增效。\n<br>\n<br>论坛现场,国务院国有重点大型企业监事会主席季晓南、工信部工业文化发展中心党委书记李洪彦和哈佛大学肯尼迪政府学院高级研究员、亚太经济研究中心主任江濡山等官员、学者从政策、产业、投资等不同角度论述了我国在节能环保方面的发展现状,系统阐述了上述各领域在“绿色中国”建设中应承担的责任和应发挥的作用,并强调了能源环保企业在国家、社会进行绿色转型升级中发挥的关键作用。\n<br>\n<br>小池原品联合创始人兼CEO杨光润在论坛圆桌环节，向与会者介绍了小池原品的绿色制造理念，应时而生，顺势而为，作为从业近20年的媒体人脱虚向实，用苹果和小米模式，抓住移动互联颠覆传统营销的历史转折，以大家的身边伴侣——生活用纸开始，一点一滴推动中国制造升级，盘活过剩产能，提升国货品质，满足消费升级，与团队一起志在让小池原品成为中国供给侧改革的大国小典范。</p><p><img src=\"http://192.168.87.128/images/upload/4/11/93a3de1f-df6e-48d6-b303-9a27b9b485fa.jpg\" style=\"max-width:100%;\"></p><p>与本次论坛主题相呼映，在与会者面前出现的小池原品竹纤维本色纸，也成为论坛上下一大亮点，与会人士体验后，不断给予好评，尤其是年轻女士，赞不绝口。据了解，近几年以小池原品为代表的竹纤维本色纸受到越来越多的消费者欢迎，已然成为高端生活用纸的代名词。而在西方发达国家，竹纤维本色纸早已登入大雅之堂，成为高端服务标配。\n<br>\n<br>据了解，小池原品生活用纸已经通过美国FDA食品级认证、欧盟AP食品级认证、中国食品级测试等3大食品级测试，同时还通过了中国RoHS环保测试，瑞士SGS抑菌性能检测，是符合欧美食品级标准的纸。\n<br>\n<br>小池原品本色纸来自于全球最大的竹浆纸生产商，拥有131万亩专供生态竹林，不添加化肥及农药，没有转基因，对环境友好，与大会“绿色发展”主题呼应。小池原品采用的竹材均通过FSC森林管理认证，欧盟EOS有机证书，以及国际GREEN PEACE环保联盟的认可。\n<br>\n<br>据悉，小池原品最初规划为大中型企业提供商务环境用纸，凭借卓越品质受到认可。为满足中小型企业及个人消费者需求，顺应移动互联网消费快速强势崛起，7月中下旬将在天猫和京东开启电商销售平台和渠道。\n<br>\n<br>本次论坛中央电视台、人民日报、新华社、北京电视台、科技日报，澎湃新闻等70多家媒体进行了现场报道。</p>','2017-09-20 22:37:53',0,'20171893');

/*Table structure for table `user_tissue` */

DROP TABLE IF EXISTS `user_tissue`;

CREATE TABLE `user_tissue` (
  `user_id` varchar(18) NOT NULL,
  `tissue_id` int(11) NOT NULL,
  PRIMARY KEY (`user_id`,`tissue_id`),
  KEY `FK_Reference_2` (`tissue_id`),
  CONSTRAINT `FK_Reference_2` FOREIGN KEY (`tissue_id`) REFERENCES `tissue` (`tissue_id`),
  CONSTRAINT `FK_Reference_1` FOREIGN KEY (`user_id`) REFERENCES `t_user` (`user_id`)
) ENGINE=InnoDB DEFAULT CHARSET=utf8 COMMENT='用户组织表';

/*Data for the table `user_tissue` */

/*!40101 SET SQL_MODE=@OLD_SQL_MODE */;
/*!40014 SET FOREIGN_KEY_CHECKS=@OLD_FOREIGN_KEY_CHECKS */;
/*!40014 SET UNIQUE_CHECKS=@OLD_UNIQUE_CHECKS */;
/*!40111 SET SQL_NOTES=@OLD_SQL_NOTES */;
